=== preflight ===
  model:    gemma-4-31b @ http://localhost:8000/v1 (reachable)
  fuseki:   growgraph--art6_gemma4_o2_large_ttl--facts (exists)
  fuseki:   growgraph--art6_gemma4_o2_large_ttl--ontologies (exists)
  fuseki:   growgraph--art6_gemma4_o2_large_jsonld--facts (exists)
  fuseki:   growgraph--art6_gemma4_o2_large_jsonld--ontologies (exists)
  fuseki:   growgraph--art6_gemma4_o2_med_ttl--facts (exists)
  fuseki:   growgraph--art6_gemma4_o2_med_ttl--ontologies (exists)
  fuseki:   growgraph--art6_gemma4_o2_med_jsonld--facts (exists)
  fuseki:   growgraph--art6_gemma4_o2_med_jsonld--ontologies (exists)
  fuseki:   growgraph--art6_gemma4_o2_low_ttl--facts (exists)
  fuseki:   growgraph--art6_gemma4_o2_low_ttl--ontologies (exists)
  fuseki:   growgraph--art6_gemma4_o2_low_jsonld--facts (exists)
  fuseki:   growgraph--art6_gemma4_o2_low_jsonld--ontologies (exists)
  fuseki:   growgraph--art6_gemma4_o2_cf_med_ttl--facts (exists)
  fuseki:   growgraph--art6_gemma4_o2_cf_med_ttl--ontologies (exists)
  fuseki:   growgraph--art6_gemma4_o2_cf_med_jsonld--facts (created)
  fuseki:   growgraph--art6_gemma4_o2_cf_med_jsonld--ontologies (created)
  fuseki:   growgraph--art6_gemma4_o2_cf_low_ttl--facts (exists)
  fuseki:   growgraph--art6_gemma4_o2_cf_low_ttl--ontologies (exists)
  fuseki:   growgraph--art6_gemma4_o2_cf_low_jsonld--facts (created)
  fuseki:   growgraph--art6_gemma4_o2_cf_low_jsonld--ontologies (created)
  ontology: ontology/echr.ttl @ 3.5.0
  output:   /home/dahrb/Projects/article_6/domestic_proceedings/results/jurix_phase1
  limit:    all 10 cases
  arms:     o2_large_ttl o2_large_jsonld o2_med_ttl o2_med_jsonld o2_low_ttl o2_low_jsonld o2_cf_med_ttl o2_cf_med_jsonld o2_cf_low_ttl o2_cf_low_jsonld
  repair:   --passes 3 (per stage, 3 stages)
  legacy repair A/B on: <none>

input:   /home/dahrb/Projects/article_6/domestic_proceedings/results/jurix_phase1/input.jsonl
records: 10
prompt:  7,055 chars from /home/dahrb/Projects/article_6/domestic_proceedings/art6/ontology/prompts/facts.txt
  L1: 001-108690    23,996 chars
  L2: 001-58299     34,551 chars
  L3: 001-248393    28,861 chars
  L4: 001-77778     25,237 chars
  L5: 001-248395    26,542 chars
  L6: 001-189419    17,298 chars
  L7: 001-5878      19,724 chars
  L8: 001-22669     19,512 chars
  L9: 001-188177    17,640 chars
  L10: 001-202468    38,275 chars

############################################################
# o2_large_ttl  (native, chunk 20000/50000, max_visits 1, turtle)
############################################################

--- phase 1: extraction (native) -> results/jurix_phase1/o2_large_ttl/raw ---
Warning: You are sending unauthenticated requests to the HF Hub. Please set a HF_TOKEN to enable higher rate limits and faster downloads.

Loading weights:   0%|          | 0/199 [00:00<?, ?it/s]
Loading weights: 100%|██████████| 199/199 [00:00<00:00, 14426.37it/s]

total wall time: 6.1m  (2026-08-24T15:09:00+00:00 -> 2026-08-24T15:15:06+00:00)
response_repair: 1 recovered, turtle_repair: 0 recovered, 0 unrecovered parse failure(s), 0 chunk render failure(s) logged
complete: all 10 document(s) kept every unit
report written to /home/dahrb/Projects/article_6/domestic_proceedings/results/jurix_phase1/o2_large_ttl/extract_report.json

phase 1 done: 10 facts file(s) in 370.3s

--- phase 2: staged repair -> results/jurix_phase1/o2_large_ttl/repaired ---
repairing 10 file(s) under results/jurix_phase1/o2_large_ttl/repaired
  model: gemma-4-31b @ http://localhost:8000/v1 (temperature 0.4, timeout 300.0s)
  source text: results/jurix_phase1/input.jsonl (quote stage enabled)
  [domestic authorities] results/jurix_phase1/o2_large_ttl/repaired/input.L1.facts.ttl: nothing flagged
  [domestic proceedings] results/jurix_phase1/o2_large_ttl/repaired/input.L1.facts.ttl: 0 finding(s) in; model proposed 2 group(s), 8 op(s), 0 merge(s)
    [domestic proceedings] pass 1: applied 8 (of which 0 merge(s)), skipped 0, stub orphans swept 0 [10.2s, 10.2s in the model]
    [domestic proceedings] pass 1: 8 op(s) applied but findings did not fall (0 -> 0) - stopping
  [persons and participation] results/jurix_phase1/o2_large_ttl/repaired/input.L1.facts.ttl: 2 finding(s) in; model proposed 4 group(s), 33 op(s), 0 merge(s)
    [persons and participation] pass 1: applied 33 (of which 0 merge(s)), skipped 0, stub orphans swept 0 [39.7s, 39.7s in the model]
    [persons and participation] pass 2: nothing left to flag - stopping
  [source quote fidelity] results/jurix_phase1/o2_large_ttl/repaired/input.L1.facts.ttl: nothing flagged
    document total: 50.1s across 2 model call(s) (49.9s in the model)
    wrote results/jurix_phase1/o2_large_ttl/repaired/input.L1.facts.ttl (backup at results/jurix_phase1/o2_large_ttl/repaired/backup/input.L1.facts.ttl)
  [domestic authorities] results/jurix_phase1/o2_large_ttl/repaired/input.L10.facts.ttl: nothing flagged
  [domestic proceedings] results/jurix_phase1/o2_large_ttl/repaired/input.L10.facts.ttl: nothing flagged
  [persons and participation] results/jurix_phase1/o2_large_ttl/repaired/input.L10.facts.ttl: 8 finding(s) in; model proposed 6 group(s), 60 op(s), 0 merge(s)
    [persons and participation] pass 1: applied 60 (of which 0 merge(s)), skipped 0, stub orphans swept 0 [71.2s, 71.2s in the model]
    [persons and participation] pass 2: 0 finding(s) in; model proposed 0 group(s), 0 op(s), 0 merge(s)
    [persons and participation] pass 2: applied 0 (of which 0 merge(s)), skipped 0, stub orphans swept 0 [0.6s, 0.6s in the model]
    [persons and participation] pass 2: no operations applied - stopping
  [source quote fidelity] results/jurix_phase1/o2_large_ttl/repaired/input.L10.facts.ttl: nothing flagged
    document total: 72.0s across 2 model call(s) (71.8s in the model)
    wrote results/jurix_phase1/o2_large_ttl/repaired/input.L10.facts.ttl (backup at results/jurix_phase1/o2_large_ttl/repaired/backup/input.L10.facts.ttl)
  [domestic authorities] results/jurix_phase1/o2_large_ttl/repaired/input.L2.facts.ttl: nothing flagged
  [domestic proceedings] results/jurix_phase1/o2_large_ttl/repaired/input.L2.facts.ttl: nothing flagged
  [persons and participation] results/jurix_phase1/o2_large_ttl/repaired/input.L2.facts.ttl: nothing flagged
  [source quote fidelity] results/jurix_phase1/o2_large_ttl/repaired/input.L2.facts.ttl: nothing flagged
    document total: 0.1s across 0 model call(s) (0s in the model)
    no net change across all stages; leaving the file untouched
  [domestic authorities] results/jurix_phase1/o2_large_ttl/repaired/input.L3.facts.ttl: nothing flagged
    RECOVERED 1 group(s), 1 op(s) from a stalled generation
  [domestic proceedings] results/jurix_phase1/o2_large_ttl/repaired/input.L3.facts.ttl: 2 finding(s) in; model proposed 1 group(s), 1 op(s), 0 merge(s)
    [domestic proceedings] pass 1: applied 1 (of which 0 merge(s)), skipped 0, stub orphans swept 0 [6.9s, 6.9s in the model]
    [domestic proceedings] pass 2: 0 finding(s) in; model proposed 0 group(s), 0 op(s), 0 merge(s)
    [domestic proceedings] pass 2: applied 0 (of which 0 merge(s)), skipped 0, stub orphans swept 0 [0.4s, 0.4s in the model]
    [domestic proceedings] pass 2: no operations applied - stopping
  [persons and participation] results/jurix_phase1/o2_large_ttl/repaired/input.L3.facts.ttl: 2 finding(s) in; model proposed 1 group(s), 50 op(s), 0 merge(s)
    [persons and participation] pass 1: applied 50 (of which 0 merge(s)), skipped 0, stub orphans swept 0 [40.1s, 40.1s in the model]
    [persons and participation] pass 2: nothing left to flag - stopping
  [source quote fidelity] results/jurix_phase1/o2_large_ttl/repaired/input.L3.facts.ttl: 1 finding(s) in; model proposed 1 group(s), 2 op(s), 0 merge(s)
    [source quote fidelity] pass 1: applied 2 (of which 0 merge(s)), skipped 1, stub orphans swept 0 [9.6s, 9.6s in the model]
    SKIPPED [The quote for doc:proceedingSaleAnnulmentRectification is a paraphrase/summary and does not appear verbatim in the source text. It is based on paragraphs 37 and 38.] remove doc:proceedingSaleAnnulmentRectification echr:hasSupportingQuote On 30 June 2017, the 13th Chamber of the Supreme Administrative Court granted the request... and annulled the sale in question: applied (removed 1 quote(s) by index)
    [source quote fidelity] pass 2: nothing left to flag - stopping
    document total: 57.2s across 4 model call(s) (57.0s in the model)
    wrote results/jurix_phase1/o2_large_ttl/repaired/input.L3.facts.ttl (backup at results/jurix_phase1/o2_large_ttl/repaired/backup/input.L3.facts.ttl)
  [domestic authorities] results/jurix_phase1/o2_large_ttl/repaired/input.L4.facts.ttl: 3 finding(s) in; model proposed 0 group(s), 0 op(s), 0 merge(s)
    [domestic authorities] pass 1: applied 0 (of which 0 merge(s)), skipped 0, stub orphans swept 0 [0.5s, 0.5s in the model]
    [domestic authorities] pass 1: no operations applied - stopping
  [domestic proceedings] results/jurix_phase1/o2_large_ttl/repaired/input.L4.facts.ttl: 3 finding(s) in; model proposed 0 group(s), 0 op(s), 0 merge(s)
    [domestic proceedings] pass 1: applied 0 (of which 0 merge(s)), skipped 0, stub orphans swept 0 [0.5s, 0.5s in the model]
    [domestic proceedings] pass 1: no operations applied - stopping
  [persons and participation] results/jurix_phase1/o2_large_ttl/repaired/input.L4.facts.ttl: 8 finding(s) in; model proposed 0 group(s), 0 op(s), 0 merge(s)
    [persons and participation] pass 1: applied 0 (of which 0 merge(s)), skipped 0, stub orphans swept 0 [0.6s, 0.6s in the model]
    [persons and participation] pass 1: no operations applied - stopping
  [source quote fidelity] results/jurix_phase1/o2_large_ttl/repaired/input.L4.facts.ttl: 4 finding(s) in; model proposed 1 group(s), 2 op(s), 0 merge(s)
    [source quote fidelity] pass 1: applied 1 (of which 0 merge(s)), skipped 2, stub orphans swept 0 [3.9s, 3.9s in the model]
    SKIPPED [The quote for doc:proceeding_criminal_7 is a paraphrase/summary of paragraph 50. It must be replaced with the verbatim text from the source.] remove doc:proceeding_criminal_7 echr:hasSupportingQuote on 11 October 2001 the Slovenj Gradec District Court ordered the applicant to pay an additional sum to cover the costs... the proceedings were 'finally concluded': applied (removed 1 quote(s) by index)
    SKIPPED [The quote for doc:proceeding_criminal_7 is a paraphrase/summary of paragraph 50. It must be replaced with the verbatim text from the source.] add doc:proceeding_criminal_7 echr:hasSupportingQuote Lastly, on 11 October 2001 the Slovenj Gradec District Court ordered the applicant to pay an additional sum to cover the costs of one of the witnesses heard during the proceedings. On that day, the proceedings were “pravnomočno končan postopek”: skipped: quote does not appear verbatim in the source document
    [source quote fidelity] pass 2: nothing left to flag - stopping
    document total: 5.7s across 4 model call(s) (5.5s in the model)
    wrote results/jurix_phase1/o2_large_ttl/repaired/input.L4.facts.ttl (backup at results/jurix_phase1/o2_large_ttl/repaired/backup/input.L4.facts.ttl)
  [domestic authorities] results/jurix_phase1/o2_large_ttl/repaired/input.L5.facts.ttl: nothing flagged
  [domestic proceedings] results/jurix_phase1/o2_large_ttl/repaired/input.L5.facts.ttl: nothing flagged
  [persons and participation] results/jurix_phase1/o2_large_ttl/repaired/input.L5.facts.ttl: 1 finding(s) in; model proposed 1 group(s), 5 op(s), 0 merge(s)
    [persons and participation] pass 1: applied 5 (of which 0 merge(s)), skipped 0, stub orphans swept 0 [6.9s, 6.9s in the model]
    [persons and participation] pass 2: nothing left to flag - stopping
  [source quote fidelity] results/jurix_phase1/o2_large_ttl/repaired/input.L5.facts.ttl: nothing flagged
    document total: 7.0s across 1 model call(s) (6.9s in the model)
    wrote results/jurix_phase1/o2_large_ttl/repaired/input.L5.facts.ttl (backup at results/jurix_phase1/o2_large_ttl/repaired/backup/input.L5.facts.ttl)
  [domestic authorities] results/jurix_phase1/o2_large_ttl/repaired/input.L6.facts.ttl: nothing flagged
  [domestic proceedings] results/jurix_phase1/o2_large_ttl/repaired/input.L6.facts.ttl: nothing flagged
  [persons and participation] results/jurix_phase1/o2_large_ttl/repaired/input.L6.facts.ttl: 2 finding(s) in; model proposed 0 group(s), 0 op(s), 0 merge(s)
    [persons and participation] pass 1: applied 0 (of which 0 merge(s)), skipped 0, stub orphans swept 0 [0.5s, 0.5s in the model]
    [persons and participation] pass 1: no operations applied - stopping
  [source quote fidelity] results/jurix_phase1/o2_large_ttl/repaired/input.L6.facts.ttl: nothing flagged
    document total: 0.7s across 1 model call(s) (0.5s in the model)
    no net change across all stages; leaving the file untouched
  [domestic authorities] results/jurix_phase1/o2_large_ttl/repaired/input.L7.facts.ttl: nothing flagged
  [domestic proceedings] results/jurix_phase1/o2_large_ttl/repaired/input.L7.facts.ttl: 1 finding(s) in; model proposed 0 group(s), 0 op(s), 0 merge(s)
    [domestic proceedings] pass 1: applied 0 (of which 0 merge(s)), skipped 0, stub orphans swept 0 [0.5s, 0.4s in the model]
    [domestic proceedings] pass 1: no operations applied - stopping
  [persons and participation] results/jurix_phase1/o2_large_ttl/repaired/input.L7.facts.ttl: nothing flagged
  [source quote fidelity] results/jurix_phase1/o2_large_ttl/repaired/input.L7.facts.ttl: nothing flagged
    document total: 0.6s across 1 model call(s) (0.4s in the model)
    no net change across all stages; leaving the file untouched
  [domestic authorities] results/jurix_phase1/o2_large_ttl/repaired/input.L8.facts.ttl: nothing flagged
  [domestic proceedings] results/jurix_phase1/o2_large_ttl/repaired/input.L8.facts.ttl: 1 finding(s) in; model proposed 0 group(s), 0 op(s), 0 merge(s)
    [domestic proceedings] pass 1: applied 0 (of which 0 merge(s)), skipped 0, stub orphans swept 0 [0.5s, 0.4s in the model]
    [domestic proceedings] pass 1: no operations applied - stopping
  [persons and participation] results/jurix_phase1/o2_large_ttl/repaired/input.L8.facts.ttl: 2 finding(s) in; model proposed 0 group(s), 0 op(s), 0 merge(s)
    [persons and participation] pass 1: applied 0 (of which 0 merge(s)), skipped 0, stub orphans swept 0 [0.5s, 0.5s in the model]
    [persons and participation] pass 1: no operations applied - stopping
  [source quote fidelity] results/jurix_phase1/o2_large_ttl/repaired/input.L8.facts.ttl: nothing flagged
    document total: 1.0s across 2 model call(s) (0.9s in the model)
    no net change across all stages; leaving the file untouched
  [domestic authorities] results/jurix_phase1/o2_large_ttl/repaired/input.L9.facts.ttl: nothing flagged
  [domestic proceedings] results/jurix_phase1/o2_large_ttl/repaired/input.L9.facts.ttl: nothing flagged
  [persons and participation] results/jurix_phase1/o2_large_ttl/repaired/input.L9.facts.ttl: nothing flagged
  [source quote fidelity] results/jurix_phase1/o2_large_ttl/repaired/input.L9.facts.ttl: 1 finding(s) in; model proposed 1 group(s), 2 op(s), 0 merge(s)
    [source quote fidelity] pass 1: applied 1 (of which 0 merge(s)), skipped 2, stub orphans swept 0 [9.4s, 9.4s in the model]
    SKIPPED [The quote 'during the trial at the first – instance court' contains a non-standard dash character that differs from the source text's hyphen/dash combination. Correcting to match the source verbatim.] remove doc:participation_trial_1 echr:hasSupportingQuote during the trial at the first ‐ instance court: applied (removed 1 quote(s) by index)
    SKIPPED [The quote 'during the trial at the first – instance court' contains a non-standard dash character that differs from the source text's hyphen/dash combination. Correcting to match the source verbatim.] add doc:participation_trial_1 echr:hasSupportingQuote during the trial at the first – instance court: skipped: quote does not appear verbatim in the source document
    [source quote fidelity] pass 2: nothing left to flag - stopping
    document total: 9.5s across 1 model call(s) (9.4s in the model)
    wrote results/jurix_phase1/o2_large_ttl/repaired/input.L9.facts.ttl (backup at results/jurix_phase1/o2_large_ttl/repaired/backup/input.L9.facts.ttl)

  repair total: 203.8s over 10 document(s), 18 model call(s) (202.3s in the model, 1.5s deterministic)
    proceedings      6 call(s)     19.0s  (18.8s in the model)
    persons          8 call(s)    160.1s  (160.1s in the model)
    quotes           3 call(s)     22.9s  (22.9s in the model)
    authorities      1 call(s)      0.5s  (0.5s in the model)

phase 2 done in 205.0s

--- phase 3: SHACL gate -> results/jurix_phase1/o2_large_ttl/repaired ---

repaired  (results/jurix_phase1/o2_large_ttl/repaired)
  file                          conforms  violations  warnings
  input.L1.facts.ttl                True           0         0
  input.L10.facts.ttl               True           0         0
  input.L2.facts.ttl                True           0         0
  input.L3.facts.ttl                True           0         0
  input.L4.facts.ttl               False           5         1
  input.L5.facts.ttl                True           0         0
  input.L6.facts.ttl               False           2         0
  input.L7.facts.ttl                True           0         0
  input.L8.facts.ttl               False           2         0
  input.L9.facts.ttl                True           0         0
  TOTAL                             7/10           9         1

phase 3 done in 67.4s

timings -> results/jurix_phase1/o2_large_ttl/timings.json

############################################################
# o2_large_jsonld  (native, chunk 20000/50000, max_visits 1, jsonld)
############################################################

--- phase 1: extraction (native) -> results/jurix_phase1/o2_large_jsonld/raw ---
Warning: You are sending unauthenticated requests to the HF Hub. Please set a HF_TOKEN to enable higher rate limits and faster downloads.

Loading weights:   0%|          | 0/199 [00:00<?, ?it/s]
Loading weights: 100%|██████████| 199/199 [00:00<00:00, 11724.16it/s]

total wall time: 7.8m  (2026-08-24T15:19:43+00:00 -> 2026-08-24T15:27:32+00:00)
response_repair: 0 recovered, turtle_repair: 0 recovered, 0 unrecovered parse failure(s), 0 chunk render failure(s) logged
complete: all 10 document(s) kept every unit
report written to /home/dahrb/Projects/article_6/domestic_proceedings/results/jurix_phase1/o2_large_jsonld/extract_report.json

phase 1 done: 10 facts file(s) in 472.6s

--- phase 2: staged repair -> results/jurix_phase1/o2_large_jsonld/repaired ---
repairing 10 file(s) under results/jurix_phase1/o2_large_jsonld/repaired
  model: gemma-4-31b @ http://localhost:8000/v1 (temperature 0.4, timeout 300.0s)
  source text: results/jurix_phase1/input.jsonl (quote stage enabled)
  [domestic authorities] results/jurix_phase1/o2_large_jsonld/repaired/input.L1.facts.ttl: 5 finding(s) in; model proposed 5 group(s), 9 op(s), 0 merge(s)
    [domestic authorities] pass 1: applied 8 (of which 0 merge(s)), skipped 1, stub orphans swept 0 [11.2s, 11.1s in the model]
    SKIPPED [a node with more than one rdfs:label is asserting that two distinct entities are the same one -- split it instead of labelling it twice] remove doc:councilRilaMunicipal rdfs:label "Ruse Municipal Council": skipped: triple not present
    [domestic authorities] pass 2: 1 finding(s) in; model proposed 1 group(s), 1 op(s), 0 merge(s)
    [domestic authorities] pass 2: applied 0 (of which 0 merge(s)), skipped 1, stub orphans swept 0 [2.3s, 2.3s in the model]
    SKIPPED [The node doc:councilRilaMunicipal has two distinct labels ("Ruse Municipal Council" and "Rila Municipal Council"), which violates the constraint that a node should represent a single entity. The authority name is "Rila Municipal Council", so the label "Ruse Municipal Council" is incorrect and should be removed.] remove doc:councilRilaMunicipal rdfs:label "Ruse Municipal Council": skipped: triple not present
    [domestic authorities] pass 2: no operations applied - stopping
    RECOVERED 1 group(s), 1 op(s) from a stalled generation
  [domestic proceedings] results/jurix_phase1/o2_large_jsonld/repaired/input.L1.facts.ttl: 0 finding(s) in; model proposed 1 group(s), 1 op(s), 0 merge(s)
    [domestic proceedings] pass 1: applied 1 (of which 0 merge(s)), skipped 0, stub orphans swept 0 [5.9s, 5.9s in the model]
    [domestic proceedings] pass 1: 1 op(s) applied but findings did not fall (0 -> 0) - stopping
  [persons and participation] results/jurix_phase1/o2_large_jsonld/repaired/input.L1.facts.ttl: 0 finding(s) in; model proposed 7 group(s), 28 op(s), 0 merge(s)
    [persons and participation] pass 1: applied 28 (of which 0 merge(s)), skipped 0, stub orphans swept 0 [32.8s, 32.8s in the model]
    [persons and participation] pass 1: 28 op(s) applied but findings did not fall (0 -> 0) - stopping
  [source quote fidelity] results/jurix_phase1/o2_large_jsonld/repaired/input.L1.facts.ttl: nothing flagged
    document total: 52.3s across 4 model call(s) (52.1s in the model)
    wrote results/jurix_phase1/o2_large_jsonld/repaired/input.L1.facts.ttl (backup at results/jurix_phase1/o2_large_jsonld/repaired/backup/input.L1.facts.ttl)
  [domestic authorities] results/jurix_phase1/o2_large_jsonld/repaired/input.L10.facts.ttl: 9 finding(s) in; model proposed 0 group(s), 0 op(s), 0 merge(s)
    [domestic authorities] pass 1: applied 0 (of which 0 merge(s)), skipped 0, stub orphans swept 0 [0.4s, 0.4s in the model]
    [domestic authorities] pass 1: no operations applied - stopping
  [domestic proceedings] results/jurix_phase1/o2_large_jsonld/repaired/input.L10.facts.ttl: 9 finding(s) in; model proposed 0 group(s), 0 op(s), 0 merge(s)
    [domestic proceedings] pass 1: applied 0 (of which 0 merge(s)), skipped 0, stub orphans swept 0 [0.6s, 0.6s in the model]
    [domestic proceedings] pass 1: no operations applied - stopping
  [persons and participation] results/jurix_phase1/o2_large_jsonld/repaired/input.L10.facts.ttl: 9 finding(s) in; model proposed 0 group(s), 0 op(s), 0 merge(s)
    [persons and participation] pass 1: applied 0 (of which 0 merge(s)), skipped 0, stub orphans swept 0 [0.6s, 0.6s in the model]
    [persons and participation] pass 1: no operations applied - stopping
  [source quote fidelity] results/jurix_phase1/o2_large_jsonld/repaired/input.L10.facts.ttl: 9 finding(s) in; model proposed 0 group(s), 0 op(s), 0 merge(s)
    [source quote fidelity] pass 1: applied 0 (of which 0 merge(s)), skipped 0, stub orphans swept 0 [1.0s, 1.0s in the model]
    [source quote fidelity] pass 1: no operations applied - stopping
    document total: 2.6s across 4 model call(s) (2.6s in the model)
    no net change across all stages; leaving the file untouched
  [domestic authorities] results/jurix_phase1/o2_large_jsonld/repaired/input.L2.facts.ttl: nothing flagged
  [domestic proceedings] results/jurix_phase1/o2_large_jsonld/repaired/input.L2.facts.ttl: 0 finding(s) in; model proposed 0 group(s), 0 op(s), 0 merge(s)
    [domestic proceedings] pass 1: applied 0 (of which 0 merge(s)), skipped 0, stub orphans swept 0 [0.4s, 0.4s in the model]
    [domestic proceedings] pass 1: no operations applied - stopping
  [persons and participation] results/jurix_phase1/o2_large_jsonld/repaired/input.L2.facts.ttl: 1 finding(s) in; model proposed 0 group(s), 0 op(s), 0 merge(s)
    [persons and participation] pass 1: applied 0 (of which 0 merge(s)), skipped 0, stub orphans swept 0 [0.4s, 0.4s in the model]
    [persons and participation] pass 1: no operations applied - stopping
  [source quote fidelity] results/jurix_phase1/o2_large_jsonld/repaired/input.L2.facts.ttl: nothing flagged
    document total: 1.0s across 2 model call(s) (0.8s in the model)
    no net change across all stages; leaving the file untouched
  [domestic authorities] results/jurix_phase1/o2_large_jsonld/repaired/input.L3.facts.ttl: nothing flagged
  [domestic proceedings] results/jurix_phase1/o2_large_jsonld/repaired/input.L3.facts.ttl: 0 finding(s) in; model proposed 0 group(s), 0 op(s), 0 merge(s)
    [domestic proceedings] pass 1: applied 0 (of which 0 merge(s)), skipped 0, stub orphans swept 0 [0.6s, 0.6s in the model]
    [domestic proceedings] pass 1: no operations applied - stopping
  [persons and participation] results/jurix_phase1/o2_large_jsonld/repaired/input.L3.facts.ttl: nothing flagged
  [source quote fidelity] results/jurix_phase1/o2_large_jsonld/repaired/input.L3.facts.ttl: nothing flagged
    document total: 0.7s across 1 model call(s) (0.6s in the model)
    no net change across all stages; leaving the file untouched
  [domestic authorities] results/jurix_phase1/o2_large_jsonld/repaired/input.L4.facts.ttl: nothing flagged
  [domestic proceedings] results/jurix_phase1/o2_large_jsonld/repaired/input.L4.facts.ttl: nothing flagged
  [persons and participation] results/jurix_phase1/o2_large_jsonld/repaired/input.L4.facts.ttl: 1 finding(s) in; model proposed 1 group(s), 5 op(s), 0 merge(s)
    [persons and participation] pass 1: applied 5 (of which 0 merge(s)), skipped 0, stub orphans swept 0 [5.3s, 5.3s in the model]
    [persons and participation] pass 2: nothing left to flag - stopping
  [source quote fidelity] results/jurix_phase1/o2_large_jsonld/repaired/input.L4.facts.ttl: nothing flagged
    document total: 5.4s across 1 model call(s) (5.3s in the model)
    wrote results/jurix_phase1/o2_large_jsonld/repaired/input.L4.facts.ttl (backup at results/jurix_phase1/o2_large_jsonld/repaired/backup/input.L4.facts.ttl)
  [domestic authorities] results/jurix_phase1/o2_large_jsonld/repaired/input.L5.facts.ttl: nothing flagged
  [domestic proceedings] results/jurix_phase1/o2_large_jsonld/repaired/input.L5.facts.ttl: nothing flagged
  [persons and participation] results/jurix_phase1/o2_large_jsonld/repaired/input.L5.facts.ttl: 1 finding(s) in; model proposed 1 group(s), 5 op(s), 0 merge(s)
    [persons and participation] pass 1: applied 5 (of which 0 merge(s)), skipped 0, stub orphans swept 0 [5.6s, 5.6s in the model]
    [persons and participation] pass 2: nothing left to flag - stopping
  [source quote fidelity] results/jurix_phase1/o2_large_jsonld/repaired/input.L5.facts.ttl: nothing flagged
    document total: 5.7s across 1 model call(s) (5.6s in the model)
    wrote results/jurix_phase1/o2_large_jsonld/repaired/input.L5.facts.ttl (backup at results/jurix_phase1/o2_large_jsonld/repaired/backup/input.L5.facts.ttl)
  [domestic authorities] results/jurix_phase1/o2_large_jsonld/repaired/input.L6.facts.ttl: nothing flagged
  [domestic proceedings] results/jurix_phase1/o2_large_jsonld/repaired/input.L6.facts.ttl: nothing flagged
  [persons and participation] results/jurix_phase1/o2_large_jsonld/repaired/input.L6.facts.ttl: 1 finding(s) in; model proposed 2 group(s), 10 op(s), 0 merge(s)
    [persons and participation] pass 1: applied 10 (of which 0 merge(s)), skipped 0, stub orphans swept 0 [13.1s, 13.1s in the model]
    [persons and participation] pass 2: 0 finding(s) in; model proposed 0 group(s), 0 op(s), 0 merge(s)
    [persons and participation] pass 2: applied 0 (of which 0 merge(s)), skipped 0, stub orphans swept 0 [0.4s, 0.4s in the model]
    [persons and participation] pass 2: no operations applied - stopping
  [source quote fidelity] results/jurix_phase1/o2_large_jsonld/repaired/input.L6.facts.ttl: nothing flagged
    document total: 13.6s across 2 model call(s) (13.5s in the model)
    wrote results/jurix_phase1/o2_large_jsonld/repaired/input.L6.facts.ttl (backup at results/jurix_phase1/o2_large_jsonld/repaired/backup/input.L6.facts.ttl)
  [domestic authorities] results/jurix_phase1/o2_large_jsonld/repaired/input.L7.facts.ttl: nothing flagged
  [domestic proceedings] results/jurix_phase1/o2_large_jsonld/repaired/input.L7.facts.ttl: 0 finding(s) in; model proposed 1 group(s), 5 op(s), 0 merge(s)
    [domestic proceedings] pass 1: applied 5 (of which 0 merge(s)), skipped 0, stub orphans swept 0 [5.9s, 5.9s in the model]
    [domestic proceedings] pass 1: 5 op(s) applied but findings did not fall (0 -> 0) - stopping
  [persons and participation] results/jurix_phase1/o2_large_jsonld/repaired/input.L7.facts.ttl: nothing flagged
  [source quote fidelity] results/jurix_phase1/o2_large_jsonld/repaired/input.L7.facts.ttl: nothing flagged
    document total: 6.1s across 1 model call(s) (5.9s in the model)
    wrote results/jurix_phase1/o2_large_jsonld/repaired/input.L7.facts.ttl (backup at results/jurix_phase1/o2_large_jsonld/repaired/backup/input.L7.facts.ttl)
  [domestic authorities] results/jurix_phase1/o2_large_jsonld/repaired/input.L8.facts.ttl: nothing flagged
    RECOVERED 1 group(s), 1 op(s) from a stalled generation
  [domestic proceedings] results/jurix_phase1/o2_large_jsonld/repaired/input.L8.facts.ttl: 0 finding(s) in; model proposed 1 group(s), 1 op(s), 0 merge(s)
    [domestic proceedings] pass 1: applied 2 (of which 0 merge(s)), skipped 0, stub orphans swept 1 [5.6s, 5.6s in the model]
    [domestic proceedings] pass 1: 2 op(s) applied but findings did not fall (0 -> 0) - stopping
  [persons and participation] results/jurix_phase1/o2_large_jsonld/repaired/input.L8.facts.ttl: 2 finding(s) in; model proposed 0 group(s), 0 op(s), 0 merge(s)
    [persons and participation] pass 1: applied 0 (of which 0 merge(s)), skipped 0, stub orphans swept 0 [0.5s, 0.5s in the model]
    [persons and participation] pass 1: no operations applied - stopping
  [source quote fidelity] results/jurix_phase1/o2_large_jsonld/repaired/input.L8.facts.ttl: nothing flagged
    document total: 6.2s across 2 model call(s) (6.1s in the model)
    wrote results/jurix_phase1/o2_large_jsonld/repaired/input.L8.facts.ttl (backup at results/jurix_phase1/o2_large_jsonld/repaired/backup/input.L8.facts.ttl)
  [domestic authorities] results/jurix_phase1/o2_large_jsonld/repaired/input.L9.facts.ttl: nothing flagged
  [domestic proceedings] results/jurix_phase1/o2_large_jsonld/repaired/input.L9.facts.ttl: 0 finding(s) in; model proposed 1 group(s), 4 op(s), 0 merge(s)
    [domestic proceedings] pass 1: applied 4 (of which 0 merge(s)), skipped 0, stub orphans swept 0 [6.9s, 6.9s in the model]
    [domestic proceedings] pass 1: 4 op(s) applied but findings did not fall (0 -> 0) - stopping
  [persons and participation] results/jurix_phase1/o2_large_jsonld/repaired/input.L9.facts.ttl: 0 finding(s) in; model proposed 3 group(s), 12 op(s), 0 merge(s)
    [persons and participation] pass 1: applied 12 (of which 0 merge(s)), skipped 0, stub orphans swept 0 [16.3s, 16.3s in the model]
    [persons and participation] pass 1: 12 op(s) applied but findings did not fall (0 -> 0) - stopping
  [source quote fidelity] results/jurix_phase1/o2_large_jsonld/repaired/input.L9.facts.ttl: nothing flagged
    document total: 23.2s across 2 model call(s) (23.2s in the model)
    wrote results/jurix_phase1/o2_large_jsonld/repaired/input.L9.facts.ttl (backup at results/jurix_phase1/o2_large_jsonld/repaired/backup/input.L9.facts.ttl)

  repair total: 116.9s over 10 document(s), 20 model call(s) (115.7s in the model, 1.2s deterministic)
    authorities      3 call(s)     13.9s  (13.8s in the model)
    proceedings      7 call(s)     25.9s  (25.9s in the model)
    persons          9 call(s)     75.0s  (75.0s in the model)
    quotes           1 call(s)      1.0s  (1.0s in the model)

phase 2 done in 418.9s

--- phase 3: SHACL gate -> results/jurix_phase1/o2_large_jsonld/repaired ---

repaired  (results/jurix_phase1/o2_large_jsonld/repaired)
  file                          conforms  violations  warnings
  input.L1.facts.ttl               False           1         0
  input.L10.facts.ttl               True           0         0
  input.L2.facts.ttl               False           1         0
  input.L3.facts.ttl                True           0         0
  input.L4.facts.ttl                True           0         0
  input.L5.facts.ttl                True           0         0
  input.L6.facts.ttl                True           0         0
  input.L7.facts.ttl                True           0         0
  input.L8.facts.ttl               False           2         0
  input.L9.facts.ttl                True           0         0
  TOTAL                             7/10           4         0

phase 3 done in 53.8s

timings -> results/jurix_phase1/o2_large_jsonld/timings.json

############################################################
# o2_med_ttl  (native, chunk 8000/16000, max_visits 1, turtle)
############################################################

--- phase 1: extraction (native) -> results/jurix_phase1/o2_med_ttl/raw ---
Warning: You are sending unauthenticated requests to the HF Hub. Please set a HF_TOKEN to enable higher rate limits and faster downloads.

Loading weights:   0%|          | 0/199 [00:00<?, ?it/s]
Loading weights: 100%|██████████| 199/199 [00:00<00:00, 13148.08it/s]

total wall time: 5.4m  (2026-08-24T15:35:28+00:00 -> 2026-08-24T15:40:54+00:00)
response_repair: 0 recovered, turtle_repair: 5 recovered, 0 unrecovered parse failure(s), 0 chunk render failure(s) logged
complete: all 10 document(s) kept every unit
report written to /home/dahrb/Projects/article_6/domestic_proceedings/results/jurix_phase1/o2_med_ttl/extract_report.json

phase 1 done: 10 facts file(s) in 329.3s

--- phase 2: staged repair -> results/jurix_phase1/o2_med_ttl/repaired ---
repairing 10 file(s) under results/jurix_phase1/o2_med_ttl/repaired
  model: gemma-4-31b @ http://localhost:8000/v1 (temperature 0.4, timeout 300.0s)
  source text: results/jurix_phase1/input.jsonl (quote stage enabled)
  [domestic authorities] results/jurix_phase1/o2_med_ttl/repaired/input.L1.facts.ttl: 3 finding(s) in; model proposed 2 group(s), 9 op(s), 0 merge(s)
    [domestic authorities] pass 1: applied 10 (of which 0 merge(s)), skipped 0, stub orphans swept 2 [12.9s, 12.8s in the model]
    [domestic authorities] pass 2: nothing left to flag - stopping
    RECOVERED 1 group(s), 1 op(s) from a stalled generation
  [domestic proceedings] results/jurix_phase1/o2_med_ttl/repaired/input.L1.facts.ttl: 0 finding(s) in; model proposed 1 group(s), 1 op(s), 0 merge(s)
    [domestic proceedings] pass 1: applied 1 (of which 0 merge(s)), skipped 0, stub orphans swept 0 [6.6s, 6.6s in the model]
    [domestic proceedings] pass 1: 1 op(s) applied but findings did not fall (0 -> 0) - stopping
    RECOVERED 1 group(s), 1 op(s) from a stalled generation
  [persons and participation] results/jurix_phase1/o2_med_ttl/repaired/input.L1.facts.ttl: 3 finding(s) in; model proposed 1 group(s), 1 op(s), 0 merge(s)
    [persons and participation] pass 1: applied 1 (of which 0 merge(s)), skipped 0, stub orphans swept 0 [6.4s, 6.4s in the model]
    [persons and participation] pass 1: 1 op(s) applied but findings did not fall (3 -> 3) - stopping
  [source quote fidelity] results/jurix_phase1/o2_med_ttl/repaired/input.L1.facts.ttl: 2 finding(s) in; model proposed 2 group(s), 4 op(s), 0 merge(s)
    [source quote fidelity] pass 1: applied 4 (of which 0 merge(s)), skipped 2, stub orphans swept 0 [5.2s, 5.2s in the model]
    SKIPPED [The quote for doc:adminActionAllowanceAssessment is a paraphrase (uses single quotes instead of the source's double quotes and omits the Bulgarian term).] remove doc:adminActionAllowanceAssessment echr:hasSupportingQuote on 30 December 2005 the municipal social assistance department carried out a 'social assessment': applied (removed 1 quote(s) by index)
    SKIPPED [The quote for doc:guardian_1 is a fragment that does not appear verbatim in the source (it omits the preceding 'The' and the following text).] remove doc:guardian_1 echr:hasSupportingQuote the guardian, who was present at the hearing, stated that he was not opposed: applied (removed 1 quote(s) by index)
    [source quote fidelity] pass 2: nothing left to flag - stopping
    document total: 31.3s across 4 model call(s) (31.0s in the model)
    wrote results/jurix_phase1/o2_med_ttl/repaired/input.L1.facts.ttl (backup at results/jurix_phase1/o2_med_ttl/repaired/backup/input.L1.facts.ttl)
    RECOVERED 1 group(s), 1 op(s) from a stalled generation
  [domestic authorities] results/jurix_phase1/o2_med_ttl/repaired/input.L10.facts.ttl: 8 finding(s) in; model proposed 1 group(s), 1 op(s), 0 merge(s)
    [domestic authorities] pass 1: applied 0 (of which 0 merge(s)), skipped 1, stub orphans swept 0 [6.5s, 6.5s in the model]
    SKIPPED [an authority must have exactly one name -- zero means the extraction fell back to rdfs:label only] remove doc:aliensAppealsBoard echr:hasAuthorityName "Aliens Appeals Boards": skipped: triple not present
    [domestic authorities] pass 1: no operations applied - stopping
    RECOVERED 1 group(s), 1 op(s) from a stalled generation
  [domestic proceedings] results/jurix_phase1/o2_med_ttl/repaired/input.L10.facts.ttl: 0 finding(s) in; model proposed 1 group(s), 1 op(s), 0 merge(s)
    [domestic proceedings] pass 1: applied 1 (of which 0 merge(s)), skipped 0, stub orphans swept 0 [6.0s, 6.0s in the model]
    [domestic proceedings] pass 1: 1 op(s) applied but findings did not fall (0 -> 0) - stopping
  [persons and participation] results/jurix_phase1/o2_med_ttl/repaired/input.L10.facts.ttl: 23 finding(s) in; model proposed 5 group(s), 36 op(s), 0 merge(s)
    [persons and participation] pass 1: applied 29 (of which 0 merge(s)), skipped 7, stub orphans swept 0 [46.5s, 46.5s in the model]
    SKIPPED [doc:admin_action_visa_refusal_1 and doc:admin_action_visa_refusal_2 are missing participation.] add doc:admin_action_visa_refusal_1 echr:hasParticipation doc:part_visa_refusal_1_app: skipped: object node does not exist in the graph or this patch
    SKIPPED [doc:admin_action_visa_refusal_1 and doc:admin_action_visa_refusal_2 are missing participation.] add doc:admin_action_visa_refusal_2 echr:hasParticipation doc:part_visa_refusal_2_app: skipped: object node does not exist in the graph or this patch
    SKIPPED [Participation nodes are reused across multiple events, violating the one-participation-per-event rule.] add doc:proceeding_1 echr:hasParticipation doc:part_proc1_app: skipped: object node does not exist in the graph or this patch
    SKIPPED [Participation nodes are reused across multiple events, violating the one-participation-per-event rule.] add doc:proceeding_2 echr:hasParticipation doc:part_proc2_app: skipped: object node does not exist in the graph or this patch
    SKIPPED [Participation nodes are reused across multiple events, violating the one-participation-per-event rule.] add doc:proceeding_appeal_brussels_1 echr:hasParticipation doc:part_appeal_brussels_app: skipped: object node does not exist in the graph or this patch
    SKIPPED [Participation nodes are reused across multiple events, violating the one-participation-per-event rule.] add doc:proceeding_1 echr:hasParticipation doc:part_proc1_state: skipped: object node does not exist in the graph or this patch
    SKIPPED [Participation nodes are reused across multiple events, violating the one-participation-per-event rule.] add doc:proceeding_2 echr:hasParticipation doc:part_proc2_state: skipped: object node does not exist in the graph or this patch
    [persons and participation] pass 2: 11 finding(s) in; model proposed 6 group(s), 30 op(s), 0 merge(s)
    [persons and participation] pass 2: applied 30 (of which 0 merge(s)), skipped 0, stub orphans swept 0 [34.8s, 34.8s in the model]
    [persons and participation] pass 3: 3 finding(s) in; model proposed 8 group(s), 28 op(s), 0 merge(s)
    [persons and participation] pass 3: applied 28 (of which 0 merge(s)), skipped 0, stub orphans swept 0 [34.6s, 34.6s in the model]
  [source quote fidelity] results/jurix_phase1/o2_med_ttl/repaired/input.L10.facts.ttl: 3 finding(s) in; model proposed 3 group(s), 6 op(s), 0 merge(s)
    [source quote fidelity] pass 1: applied 3 (of which 0 merge(s)), skipped 6, stub orphans swept 0 [8.2s, 8.2s in the model]
    SKIPPED [The quote for doc:enforcementActionState is almost verbatim but contains a non-standard hyphen/dash character ('‐') instead of the standard hyphen used in the source text ('-').] remove doc:enforcementActionState echr:hasSupportingQuote On the same date the Belgian State brought proceedings against the applicants before the enforcement judge at the Brussels Dutch ‐ language TPI: applied (removed 1 quote(s) by index)
    SKIPPED [The quote for doc:enforcementActionState is almost verbatim but contains a non-standard hyphen/dash character ('‐') instead of the standard hyphen used in the source text ('-').] add doc:enforcementActionState echr:hasSupportingQuote On the same date the Belgian State brought proceedings against the applicants before the enforcement judge at the Brussels Dutch-language TPI: skipped: quote does not appear verbatim in the source document
    SKIPPED [The quote for doc:proceeding_tpi_interpartes_1 is almost verbatim but contains a non-standard hyphen/dash character ('-') that differs from the source text's specific formatting ('‐').] remove doc:proceeding_tpi_interpartes_1 echr:hasSupportingQuote On 7 November 2016 another judge acting as president of the French-language TPI declared their application admissible but unfounded: applied (removed 1 quote(s) by index)
    SKIPPED [The quote for doc:proceeding_tpi_interpartes_1 is almost verbatim but contains a non-standard hyphen/dash character ('-') that differs from the source text's specific formatting ('‐').] add doc:proceeding_tpi_interpartes_1 echr:hasSupportingQuote On 7 November 2016 another judge acting as president of the French‐language TPI declared their application admissible but unfounded: skipped: quote does not appear verbatim in the source document
    SKIPPED [The quote for doc:action_stay_1 is almost verbatim but contains a non-standard hyphen/dash character ('‐') instead of the standard hyphen used in the source text ('-').] remove doc:action_stay_1 echr:hasSupportingQuote lodged a unilateral action to that effect with the President of the Brussels Dutch ‐ speaking TPI on 13 December 2016, but was unsuccessful (order of the same date): applied (removed 1 quote(s) by index)
    SKIPPED [The quote for doc:action_stay_1 is almost verbatim but contains a non-standard hyphen/dash character ('‐') instead of the standard hyphen used in the source text ('-').] add doc:action_stay_1 echr:hasSupportingQuote lodged a unilateral action to that effect with the President of the Brussels Dutch-speaking TPI on 13 December 2016, but was unsuccessful (order of the same date): skipped: quote does not appear verbatim in the source document
    [source quote fidelity] pass 2: nothing left to flag - stopping
    document total: 136.8s across 6 model call(s) (136.6s in the model)
    wrote results/jurix_phase1/o2_med_ttl/repaired/input.L10.facts.ttl (backup at results/jurix_phase1/o2_med_ttl/repaired/backup/input.L10.facts.ttl)
  [domestic authorities] results/jurix_phase1/o2_med_ttl/repaired/input.L2.facts.ttl: 4 finding(s) in; model proposed 5 group(s), 7 op(s), 0 merge(s)
    [domestic authorities] pass 1: applied 7 (of which 0 merge(s)), skipped 1, stub orphans swept 0 [11.8s, 11.8s in the model]
    SKIPPED [invented predicate echr:hasPartyName] remove doc:esa echr:hasPartyName : applied (1 value(s))
    [domestic authorities] pass 2: nothing left to flag - stopping
    RECOVERED 1 group(s), 1 op(s) from a stalled generation
  [domestic proceedings] results/jurix_phase1/o2_med_ttl/repaired/input.L2.facts.ttl: 0 finding(s) in; model proposed 1 group(s), 1 op(s), 0 merge(s)
    [domestic proceedings] pass 1: applied 1 (of which 0 merge(s)), skipped 0, stub orphans swept 0 [6.8s, 6.8s in the model]
    [domestic proceedings] pass 1: 1 op(s) applied but findings did not fall (0 -> 0) - stopping
    RECOVERED 1 group(s), 1 op(s) from a stalled generation
  [persons and participation] results/jurix_phase1/o2_med_ttl/repaired/input.L2.facts.ttl: 4 finding(s) in; model proposed 1 group(s), 1 op(s), 0 merge(s)
    [persons and participation] pass 1: applied 0 (of which 0 merge(s)), skipped 1, stub orphans swept 0 [6.0s, 6.0s in the model]
    SKIPPED [a node with more than one rdfs:label is asserting that two distinct entities are the same one -- split it instead of labelling it twice] remove doc:mrBeer rdfs:label "Mr Beer": skipped: triple not present
    [persons and participation] pass 1: no operations applied - stopping
  [source quote fidelity] results/jurix_phase1/o2_med_ttl/repaired/input.L2.facts.ttl: 1 finding(s) in; model proposed 1 group(s), 2 op(s), 0 merge(s)
    [source quote fidelity] pass 1: applied 2 (of which 0 merge(s)), skipped 1, stub orphans swept 0 [4.0s, 4.0s in the model]
    SKIPPED [The quote at index 0 is a paraphrase of paragraph 46. I have replaced it with the verbatim text from the source.] remove doc:proceedingDarmstadtLabourCourt echr:hasSupportingQuote The Darmstadt Labour Court concluded that the conditions under section 20(2) of the German Courts Act for finding that the applicants’ action was inadmissible were fulfilled.: applied (removed 1 quote(s) by index)
    [source quote fidelity] pass 2: nothing left to flag - stopping
    document total: 28.7s across 4 model call(s) (28.6s in the model)
    wrote results/jurix_phase1/o2_med_ttl/repaired/input.L2.facts.ttl (backup at results/jurix_phase1/o2_med_ttl/repaired/backup/input.L2.facts.ttl)
    [domestic authorities] FAILED: RepairTruncated: generation hit the 8000-token output cap without closing the patch -- raise --max-tokens for this document
    continuing to the next stage; earlier stages' work is kept
  [domestic proceedings] results/jurix_phase1/o2_med_ttl/repaired/input.L3.facts.ttl: 13 finding(s) in; model proposed 4 group(s), 28 op(s), 0 merge(s)
    [domestic proceedings] pass 1: applied 24 (of which 0 merge(s)), skipped 4, stub orphans swept 0 [34.2s, 34.2s in the model]
    SKIPPED [doc:proceeding_1 has multiple labels, courts, and start dates.] remove doc:proceeding_1 rdfs:label "administrative court proceedings regarding Viva TV-Radio Viva"}, {: skipped: triple not present
    SKIPPED [doc:proceeding_1 has multiple labels, courts, and start dates.] remove doc:proceeding_1 echr:hasProceedingStartDate "2011-02-07": skipped: triple not present
    SKIPPED [doc:proceeding_3 has multiple labels, courts, and decision dates.] remove doc:proceeding_3 echr:hasDecisionDate "2017-06-30": skipped: triple not present
    SKIPPED [doc:proceeding_4 conflates a Fund rectification request and a Constitutional Court application.] remove doc:proceeding_4 echr:hasDecisionDate "2016-01-25": skipped: triple not present
    [domestic proceedings] pass 2: 4 finding(s) in; model proposed 4 group(s), 4 op(s), 0 merge(s)
    [domestic proceedings] pass 2: applied 1 (of which 0 merge(s)), skipped 3, stub orphans swept 0 [7.6s, 7.6s in the model]
    SKIPPED [a domestic event may have at most one start date] remove doc:proceeding_1 echr:hasProceedingStartDate "2011-02-24": skipped: triple not present
    SKIPPED [a domestic event may have at most one decision date] remove doc:proceeding_4 echr:hasDecisionDate "2016-01-25": skipped: triple not present
    SKIPPED [a domestic event may have at most one decision date] remove doc:proceeding_3 echr:hasDecisionDate "2017-06-30": skipped: triple not present
    RECOVERED 1 group(s), 1 op(s) from a stalled generation
    [domestic proceedings] pass 3: 3 finding(s) in; model proposed 1 group(s), 1 op(s), 0 merge(s)
    [domestic proceedings] pass 3: applied 0 (of which 0 merge(s)), skipped 1, stub orphans swept 0 [7.6s, 7.6s in the model]
    SKIPPED [a domestic event may have at most one start date] remove doc:proceeding_1 echr:hasProceedingStartDate "2011-02-24": skipped: triple not present
    [domestic proceedings] pass 3: no operations applied - stopping
  [persons and participation] results/jurix_phase1/o2_med_ttl/repaired/input.L3.facts.ttl: 10 finding(s) in; model proposed 3 group(s), 47 op(s), 0 merge(s)
    [persons and participation] pass 1: applied 47 (of which 0 merge(s)), skipped 0, stub orphans swept 0 [55.7s, 55.7s in the model]
    [persons and participation] pass 2: 2 finding(s) in; model proposed 0 group(s), 0 op(s), 0 merge(s)
    [persons and participation] pass 2: applied 0 (of which 0 merge(s)), skipped 0, stub orphans swept 0 [0.5s, 0.5s in the model]
    [persons and participation] pass 2: no operations applied - stopping
  [source quote fidelity] results/jurix_phase1/o2_med_ttl/repaired/input.L3.facts.ttl: nothing flagged
    document total: 107.1s across 6 model call(s) (107.0s in the model)
    wrote results/jurix_phase1/o2_med_ttl/repaired/input.L3.facts.ttl (backup at results/jurix_phase1/o2_med_ttl/repaired/backup/input.L3.facts.ttl)
  [domestic authorities] results/jurix_phase1/o2_med_ttl/repaired/input.L4.facts.ttl: nothing flagged
  [domestic proceedings] results/jurix_phase1/o2_med_ttl/repaired/input.L4.facts.ttl: 0 finding(s) in; model proposed 0 group(s), 0 op(s), 0 merge(s)
    [domestic proceedings] pass 1: applied 0 (of which 0 merge(s)), skipped 0, stub orphans swept 0 [0.6s, 0.5s in the model]
    [domestic proceedings] pass 1: no operations applied - stopping
    RECOVERED 2 group(s), 1 op(s) from a stalled generation
  [persons and participation] results/jurix_phase1/o2_med_ttl/repaired/input.L4.facts.ttl: 5 finding(s) in; model proposed 2 group(s), 1 op(s), 0 merge(s)
    [persons and participation] pass 1: applied 1 (of which 0 merge(s)), skipped 0, stub orphans swept 0 [7.5s, 7.5s in the model]
    [persons and participation] pass 1: 1 op(s) applied but findings did not fall (5 -> 5) - stopping
  [source quote fidelity] results/jurix_phase1/o2_med_ttl/repaired/input.L4.facts.ttl: 1 finding(s) in; model proposed 1 group(s), 2 op(s), 0 merge(s)
    [source quote fidelity] pass 1: applied 1 (of which 0 merge(s)), skipped 2, stub orphans swept 0 [4.1s, 4.0s in the model]
    SKIPPED [The quote for doc:procCostsDecision is a paraphrase/summary of paragraph 50. It must be replaced with the verbatim text from the source.] remove doc:procCostsDecision echr:hasSupportingQuote on 11 October 2001 the Slovenj Gradec District Court ordered the applicant to pay an additional sum... the proceedings were ‘finally concluded’: applied (removed 1 quote(s) by index)
    SKIPPED [The quote for doc:procCostsDecision is a paraphrase/summary of paragraph 50. It must be replaced with the verbatim text from the source.] add doc:procCostsDecision echr:hasSupportingQuote Lastly, on 11 October 2001 the Slovenj Gradec District Court ordered the applicant to pay an additional sum to cover the costs of one of the witnesses heard during the proceedings. On that day, the proceedings were “pravnomočno končan postopek”: skipped: quote does not appear verbatim in the source document
    [source quote fidelity] pass 2: nothing left to flag - stopping
    document total: 12.2s across 3 model call(s) (12.0s in the model)
    wrote results/jurix_phase1/o2_med_ttl/repaired/input.L4.facts.ttl (backup at results/jurix_phase1/o2_med_ttl/repaired/backup/input.L4.facts.ttl)
  [domestic authorities] results/jurix_phase1/o2_med_ttl/repaired/input.L5.facts.ttl: 3 finding(s) in; model proposed 3 group(s), 16 op(s), 0 merge(s)
    [domestic authorities] pass 1: applied 10 (of which 0 merge(s)), skipped 6, stub orphans swept 0 [14.8s, 14.7s in the model]
    SKIPPED [doc:courtPodilskyy has multiple labels and names, indicating it has conflated several distinct courts (Kyiv Administrative Court of Appeal, Kyiv District Administrative Court, and Podilskyy District Court). These must be split into separate entities.] remove doc:courtPodilskyy rdfs:label "Kyiv Administrative Court of Appeal": skipped: triple not present
    SKIPPED [doc:courtPodilskyy has multiple labels and names, indicating it has conflated several distinct courts (Kyiv Administrative Court of Appeal, Kyiv District Administrative Court, and Podilskyy District Court). These must be split into separate entities.] remove doc:courtPodilskyy rdfs:label "Kyiv District Administrative Court": skipped: triple not present
    SKIPPED [doc:courtPodilskyy has multiple labels and names, indicating it has conflated several distinct courts (Kyiv Administrative Court of Appeal, Kyiv District Administrative Court, and Podilskyy District Court). These must be split into separate entities.] remove doc:courtPodilskyy rdfs:label "Podilskyy District Court": skipped: triple not present
    SKIPPED [doc:courtPodilskyy has multiple labels and names, indicating it has conflated several distinct courts (Kyiv Administrative Court of Appeal, Kyiv District Administrative Court, and Podilskyy District Court). These must be split into separate entities.] remove doc:courtPodilskyy echr:hasAuthorityName "Kyiv Administrative Court of Appeal": skipped: triple not present
    SKIPPED [doc:courtPodilskyy has multiple labels and names, indicating it has conflated several distinct courts (Kyiv Administrative Court of Appeal, Kyiv District Administrative Court, and Podilskyy District Court). These must be split into separate entities.] remove doc:courtPodilskyy echr:hasAuthorityName "Kyiv District Administrative Court": skipped: triple not present
    SKIPPED [doc:courtPodilskyy has multiple names (cardinality violation).] remove doc:courtPodilskyy echr:hasAuthorityName "Podilskyy District Court of Kyiv": skipped: triple not present
    [domestic authorities] pass 2: 2 finding(s) in; model proposed 1 group(s), 6 op(s), 0 merge(s)
    [domestic authorities] pass 2: applied 5 (of which 0 merge(s)), skipped 1, stub orphans swept 0 [8.2s, 8.2s in the model]
    SKIPPED [doc:courtPodilskyy is a 'mega-node' containing multiple distinct courts (Podilskyy District Court, Kyiv District Administrative Court, and Kyiv Administrative Court of Appeal). These must be separated to maintain the integrity of the judicial hierarchy.] remove doc:courtPodilskyy echr:hasAuthorityName Podilskyy District Court: skipped: triple not present
    [domestic authorities] pass 3: 1 finding(s) in; model proposed 1 group(s), 1 op(s), 0 merge(s)
    [domestic authorities] pass 3: applied 0 (of which 0 merge(s)), skipped 1, stub orphans swept 0 [1.9s, 1.9s in the model]
    SKIPPED [The node doc:courtPodilskyy has two values for the functional property echr:hasAuthorityName. Based on the supporting quotes and label, "Podilskyy District Court of Kyiv" is the more complete and specific name.] remove doc:courtPodilskyy echr:hasAuthorityName "Podilskyy District Court": skipped: triple not present
    [domestic authorities] pass 3: no operations applied - stopping
    RECOVERED 2 group(s), 1 op(s) from a stalled generation
  [domestic proceedings] results/jurix_phase1/o2_med_ttl/repaired/input.L5.facts.ttl: 0 finding(s) in; model proposed 2 group(s), 1 op(s), 0 merge(s)
    [domestic proceedings] pass 1: applied 1 (of which 0 merge(s)), skipped 0, stub orphans swept 0 [12.4s, 12.4s in the model]
    [domestic proceedings] pass 1: 1 op(s) applied but findings did not fall (0 -> 0) - stopping
  [persons and participation] results/jurix_phase1/o2_med_ttl/repaired/input.L5.facts.ttl: 4 finding(s) in; model proposed 4 group(s), 20 op(s), 0 merge(s)
    [persons and participation] pass 1: applied 20 (of which 0 merge(s)), skipped 0, stub orphans swept 0 [25.9s, 25.8s in the model]
    [persons and participation] pass 2: 1 finding(s) in; model proposed 2 group(s), 0 op(s), 0 merge(s)
    [persons and participation] pass 2: applied 0 (of which 0 merge(s)), skipped 0, stub orphans swept 0 [2.5s, 2.5s in the model]
    [persons and participation] pass 2: no operations applied - stopping
  [source quote fidelity] results/jurix_phase1/o2_med_ttl/repaired/input.L5.facts.ttl: nothing flagged
    document total: 65.8s across 6 model call(s) (65.5s in the model)
    wrote results/jurix_phase1/o2_med_ttl/repaired/input.L5.facts.ttl (backup at results/jurix_phase1/o2_med_ttl/repaired/backup/input.L5.facts.ttl)
  [domestic authorities] results/jurix_phase1/o2_med_ttl/repaired/input.L6.facts.ttl: nothing flagged
  [domestic proceedings] results/jurix_phase1/o2_med_ttl/repaired/input.L6.facts.ttl: 0 finding(s) in; model proposed 2 group(s), 1 op(s), 0 merge(s)
    [domestic proceedings] pass 1: applied 1 (of which 0 merge(s)), skipped 0, stub orphans swept 0 [6.9s, 6.9s in the model]
    [domestic proceedings] pass 1: 1 op(s) applied but findings did not fall (0 -> 0) - stopping
  [persons and participation] results/jurix_phase1/o2_med_ttl/repaired/input.L6.facts.ttl: 3 finding(s) in; model proposed 6 group(s), 9 op(s), 0 merge(s)
    [persons and participation] pass 1: applied 9 (of which 0 merge(s)), skipped 0, stub orphans swept 0 [14.2s, 14.2s in the model]
    [persons and participation] pass 2: nothing left to flag - stopping
  [source quote fidelity] results/jurix_phase1/o2_med_ttl/repaired/input.L6.facts.ttl: nothing flagged
    document total: 21.2s across 2 model call(s) (21.1s in the model)
    wrote results/jurix_phase1/o2_med_ttl/repaired/input.L6.facts.ttl (backup at results/jurix_phase1/o2_med_ttl/repaired/backup/input.L6.facts.ttl)
  [domestic authorities] results/jurix_phase1/o2_med_ttl/repaired/input.L7.facts.ttl: 5 finding(s) in; model proposed 5 group(s), 5 op(s), 0 merge(s)
    [domestic authorities] pass 1: applied 5 (of which 0 merge(s)), skipped 0, stub orphans swept 0 [8.1s, 8.1s in the model]
    [domestic authorities] pass 2: nothing left to flag - stopping
  [domestic proceedings] results/jurix_phase1/o2_med_ttl/repaired/input.L7.facts.ttl: nothing flagged
  [persons and participation] results/jurix_phase1/o2_med_ttl/repaired/input.L7.facts.ttl: 2 finding(s) in; model proposed 1 group(s), 10 op(s), 0 merge(s)
    [persons and participation] pass 1: applied 10 (of which 0 merge(s)), skipped 0, stub orphans swept 0 [12.4s, 12.4s in the model]
    [persons and participation] pass 2: nothing left to flag - stopping
  [source quote fidelity] results/jurix_phase1/o2_med_ttl/repaired/input.L7.facts.ttl: nothing flagged
    document total: 20.6s across 2 model call(s) (20.5s in the model)
    wrote results/jurix_phase1/o2_med_ttl/repaired/input.L7.facts.ttl (backup at results/jurix_phase1/o2_med_ttl/repaired/backup/input.L7.facts.ttl)
  [domestic authorities] results/jurix_phase1/o2_med_ttl/repaired/input.L8.facts.ttl: nothing flagged
  [domestic proceedings] results/jurix_phase1/o2_med_ttl/repaired/input.L8.facts.ttl: 1 finding(s) in; model proposed 2 group(s), 5 op(s), 2 merge(s)
    [domestic proceedings] pass 1: applied 7 (of which 2 merge(s)), skipped 0, stub orphans swept 0 [19.3s, 19.3s in the model]
    [domestic proceedings] pass 1: 7 op(s) applied but findings did not fall (0 -> 0) - stopping
  [persons and participation] results/jurix_phase1/o2_med_ttl/repaired/input.L8.facts.ttl: 1 finding(s) in; model proposed 3 group(s), 13 op(s), 0 merge(s)
    [persons and participation] pass 1: applied 13 (of which 0 merge(s)), skipped 0, stub orphans swept 0 [16.0s, 16.0s in the model]
    [persons and participation] pass 2: nothing left to flag - stopping
  [source quote fidelity] results/jurix_phase1/o2_med_ttl/repaired/input.L8.facts.ttl: 1 finding(s) in; model proposed 1 group(s), 2 op(s), 0 merge(s)
    [source quote fidelity] pass 1: applied 2 (of which 0 merge(s)), skipped 1, stub orphans swept 0 [7.2s, 7.2s in the model]
    SKIPPED [The quote for doc:proceeding_1 is a paraphrase/summary and does not appear verbatim in the source text. The actual span is 'By a judgment of the Nizhniy Novgorod Regional Court of 21 April 1997, later quashed by the Supreme Court, the applicant was ordered to pay the “Oka” damages in the amount that had been transferred to it previously.'] remove doc:proceeding_1 echr:hasSupportingQuote By a judgment of the Nizhniy Novgorod Regional Court of 21 April 1997... the applicant was ordered to pay the Oka damages: applied (removed 1 quote(s) by index)
    [source quote fidelity] pass 2: nothing left to flag - stopping
    document total: 42.6s across 3 model call(s) (42.5s in the model)
    wrote results/jurix_phase1/o2_med_ttl/repaired/input.L8.facts.ttl (backup at results/jurix_phase1/o2_med_ttl/repaired/backup/input.L8.facts.ttl)
  [domestic authorities] results/jurix_phase1/o2_med_ttl/repaired/input.L9.facts.ttl: 1 finding(s) in; model proposed 1 group(s), 22 op(s), 0 merge(s)
    [domestic authorities] pass 1: applied 22 (of which 0 merge(s)), skipped 0, stub orphans swept 0 [24.4s, 24.3s in the model]
    [domestic authorities] pass 1: 22 op(s) applied but findings did not fall (1 -> 1) - stopping
    RECOVERED 1 group(s), 1 op(s) from a stalled generation
  [domestic proceedings] results/jurix_phase1/o2_med_ttl/repaired/input.L9.facts.ttl: 0 finding(s) in; model proposed 1 group(s), 1 op(s), 0 merge(s)
    [domestic proceedings] pass 1: applied 1 (of which 0 merge(s)), skipped 0, stub orphans swept 0 [7.2s, 7.1s in the model]
    [domestic proceedings] pass 1: 1 op(s) applied but findings did not fall (0 -> 0) - stopping
  [persons and participation] results/jurix_phase1/o2_med_ttl/repaired/input.L9.facts.ttl: nothing flagged
  [source quote fidelity] results/jurix_phase1/o2_med_ttl/repaired/input.L9.facts.ttl: 1 finding(s) in; model proposed 1 group(s), 2 op(s), 0 merge(s)
    [source quote fidelity] pass 1: applied 1 (of which 0 merge(s)), skipped 2, stub orphans swept 0 [2.8s, 2.8s in the model]
    SKIPPED [The quote 'during the trial at the first – instance court' contains a non-standard dash character that does not match the source text exactly.] remove doc:participation_trial_1 echr:hasSupportingQuote during the trial at the first ‐ instance court: applied (removed 1 quote(s) by index)
    SKIPPED [The quote 'during the trial at the first – instance court' contains a non-standard dash character that does not match the source text exactly.] add doc:participation_trial_1 echr:hasSupportingQuote during the trial at the first – instance court: skipped: quote does not appear verbatim in the source document
    [source quote fidelity] pass 2: nothing left to flag - stopping
    document total: 34.5s across 3 model call(s) (34.2s in the model)
    wrote results/jurix_phase1/o2_med_ttl/repaired/input.L9.facts.ttl (backup at results/jurix_phase1/o2_med_ttl/repaired/backup/input.L9.facts.ttl)
  1/10 document(s) lost at least one stage but kept the others:
    results/jurix_phase1/o2_med_ttl/repaired/input.L3.facts.ttl  [authorities] RepairTruncated
  1 document/stage(s) hit the 8000-token output cap mid-patch -- re-run these with a higher --max-tokens:
    results/jurix_phase1/o2_med_ttl/repaired/input.L3.facts.ttl

  repair total: 500.8s over 10 document(s), 39 model call(s) (499.0s in the model, 1.8s deterministic)
    authorities      9 call(s)     90.0s  (89.7s in the model)
    proceedings     11 call(s)    115.2s  (115.0s in the model)
    persons         13 call(s)    263.0s  (262.9s in the model)
    quotes           6 call(s)     31.5s  (31.4s in the model)

phase 2 done in 502.1s

--- phase 3: SHACL gate -> results/jurix_phase1/o2_med_ttl/repaired ---

repaired  (results/jurix_phase1/o2_med_ttl/repaired)
  file                          conforms  violations  warnings
  input.L1.facts.ttl               False           3         0
  input.L10.facts.ttl              False           8         3
  input.L2.facts.ttl               False           4         0
  input.L3.facts.ttl               False           5         0
  input.L4.facts.ttl               False           5         1
  input.L5.facts.ttl               False           1         0
  input.L6.facts.ttl                True           0         0
  input.L7.facts.ttl                True           0         0
  input.L8.facts.ttl                True           0         0
  input.L9.facts.ttl               False           1         0
  TOTAL                             3/10          27         4

phase 3 done in 93.3s

timings -> results/jurix_phase1/o2_med_ttl/timings.json

############################################################
# o2_med_jsonld  (native, chunk 8000/16000, max_visits 1, jsonld)
############################################################

--- phase 1: extraction (native) -> results/jurix_phase1/o2_med_jsonld/raw ---
Warning: You are sending unauthenticated requests to the HF Hub. Please set a HF_TOKEN to enable higher rate limits and faster downloads.

Loading weights:   0%|          | 0/199 [00:00<?, ?it/s]
Loading weights: 100%|██████████| 199/199 [00:00<00:00, 14437.60it/s]

total wall time: 8.6m  (2026-08-24T15:50:53+00:00 -> 2026-08-24T15:59:30+00:00)
response_repair: 0 recovered, turtle_repair: 0 recovered, 0 unrecovered parse failure(s), 0 chunk render failure(s) logged
complete: all 10 document(s) kept every unit
report written to /home/dahrb/Projects/article_6/domestic_proceedings/results/jurix_phase1/o2_med_jsonld/extract_report.json

phase 1 done: 10 facts file(s) in 520.5s

--- phase 2: staged repair -> results/jurix_phase1/o2_med_jsonld/repaired ---
repairing 10 file(s) under results/jurix_phase1/o2_med_jsonld/repaired
  model: gemma-4-31b @ http://localhost:8000/v1 (temperature 0.4, timeout 300.0s)
  source text: results/jurix_phase1/input.jsonl (quote stage enabled)
  [domestic authorities] results/jurix_phase1/o2_med_jsonld/repaired/input.L1.facts.ttl: 2 finding(s) in; model proposed 2 group(s), 2 op(s), 0 merge(s)
    [domestic authorities] pass 1: applied 2 (of which 0 merge(s)), skipped 0, stub orphans swept 0 [3.7s, 3.6s in the model]
    [domestic authorities] pass 2: 0 finding(s) in; model proposed 0 group(s), 0 op(s), 0 merge(s)
    [domestic authorities] pass 2: applied 0 (of which 0 merge(s)), skipped 0, stub orphans swept 0 [0.3s, 0.3s in the model]
    [domestic authorities] pass 2: no operations applied - stopping
  [domestic proceedings] results/jurix_phase1/o2_med_jsonld/repaired/input.L1.facts.ttl: 5 finding(s) in; model proposed 2 group(s), 17 op(s), 0 merge(s)
    [domestic proceedings] pass 1: applied 15 (of which 0 merge(s)), skipped 2, stub orphans swept 0 [21.9s, 21.9s in the model]
    SKIPPED [doc:prosecutorial_review_2 is a conflation of two distinct prosecutorial reviews (Appellate Prosecutor and Chief Public Prosecutor).] remove doc:prosecutorial_review_2 rdfs:label Chief Public Prosecutor's review: skipped: triple not present
    SKIPPED [doc:prosecutorial_review_2 is a conflation of two distinct prosecutorial reviews (Appellate Prosecutor and Chief Public Prosecutor).] remove doc:prosecutorial_review_2 echr:hasDecisionDate 2005-11-29: skipped: triple not present
    [domestic proceedings] pass 2: 2 finding(s) in; model proposed 3 group(s), 7 op(s), 0 merge(s)
    [domestic proceedings] pass 2: applied 6 (of which 0 merge(s)), skipped 1, stub orphans swept 0 [11.2s, 11.2s in the model]
    SKIPPED [doc:prosecutorial_review_2 has multiple labels and decision dates, indicating it conflates two distinct prosecutorial reviews (Appellate and Chief).] remove doc:prosecutorial_review_2 echr:hasDecisionDate 2005-11-29: skipped: triple not present
    [domestic proceedings] pass 3: 1 finding(s) in; model proposed 1 group(s), 1 op(s), 0 merge(s)
    [domestic proceedings] pass 3: applied 0 (of which 0 merge(s)), skipped 1, stub orphans swept 0 [7.1s, 7.1s in the model]
    SKIPPED [a domestic event may have at most one decision date] remove doc:prosecutorial_review_2 echr:hasDecisionDate 2005-11-29: skipped: triple not present
    [domestic proceedings] pass 3: no operations applied - stopping
  [persons and participation] results/jurix_phase1/o2_med_jsonld/repaired/input.L1.facts.ttl: 2 finding(s) in; model proposed 4 group(s), 31 op(s), 0 merge(s)
    [persons and participation] pass 1: applied 31 (of which 0 merge(s)), skipped 1, stub orphans swept 0 [35.7s, 35.7s in the model]
    SKIPPED [The participation node doc:participation_1 is linked to four different domestic events (administrative_action_1, domestic_proceeding_1, prosecutorial_review_1, prosecutorial_review_2, prosecutorial_review_chief), which violates the requirement that a Participation instance represents one party's involvement in one specific event.] remove doc:participation_1 rdf:type : applied (1 value(s))
    [persons and participation] pass 2: 1 finding(s) in; model proposed 0 group(s), 0 op(s), 0 merge(s)
    [persons and participation] pass 2: applied 0 (of which 0 merge(s)), skipped 0, stub orphans swept 0 [0.4s, 0.4s in the model]
    [persons and participation] pass 2: no operations applied - stopping
  [source quote fidelity] results/jurix_phase1/o2_med_jsonld/repaired/input.L1.facts.ttl: nothing flagged
    document total: 80.5s across 7 model call(s) (80.2s in the model)
    wrote results/jurix_phase1/o2_med_jsonld/repaired/input.L1.facts.ttl (backup at results/jurix_phase1/o2_med_jsonld/repaired/backup/input.L1.facts.ttl)
    RECOVERED 1 group(s), 1 op(s) from a stalled generation
  [domestic authorities] results/jurix_phase1/o2_med_jsonld/repaired/input.L10.facts.ttl: 8 finding(s) in; model proposed 1 group(s), 1 op(s), 0 merge(s)
    [domestic authorities] pass 1: applied 0 (of which 0 merge(s)), skipped 1, stub orphans swept 0 [6.6s, 6.6s in the model]
    SKIPPED [a node with more than one rdfs:label is asserting that two distinct entities are the same one -- split it instead of labelling it twice] remove doc:belgianState rdfs:label "the Belgian State": skipped: triple not present
    [domestic authorities] pass 1: no operations applied - stopping
  [domestic proceedings] results/jurix_phase1/o2_med_jsonld/repaired/input.L10.facts.ttl: 9 finding(s) in; model proposed 3 group(s), 15 op(s), 2 merge(s)
    [domestic proceedings] pass 1: applied 12 (of which 1 merge(s)), skipped 5, stub orphans swept 0 [22.4s, 22.4s in the model]
    SKIPPED [doc:proceeding_1 has multiple courts, labels, and decision dates, indicating it conflates two distinct events.] remove doc:proceeding_1 echr:hasDecisionDate "2016-10-20": skipped: triple not present
    SKIPPED [doc:proceeding_1 has multiple courts, labels, and decision dates, indicating it conflates two distinct events.] remove doc:proceeding_1 rdfs:label "Aliens Appeals Board proceeding": skipped: triple not present
    SKIPPED [doc:proceeding_2 conflates two distinct proceedings: one by the Aliens Appeals Board (20 Oct) and one by the Court of Appeal (7 Dec).] remove doc:proceeding_2 echr:hasDecisionDate "2016-10-20": skipped: triple not present
    SKIPPED [doc:proceeding_2 conflates two distinct proceedings: one by the Aliens Appeals Board (20 Oct) and one by the Court of Appeal (7 Dec).] remove doc:proceeding_2 rdfs:label "Proceeding before Aliens Appeals Board (20 Oct 2016)": skipped: triple not present
    SKIPPED merge doc:aliensAppealsBoard <- doc:aliens_appeals_board_1: skipped: doc:aliens_appeals_board_1 is not a node in the graph
    [domestic proceedings] pass 2: 2 finding(s) in; model proposed 1 group(s), 2 op(s), 0 merge(s)
    [domestic proceedings] pass 2: applied 0 (of which 0 merge(s)), skipped 2, stub orphans swept 0 [4.5s, 4.4s in the model]
    SKIPPED [doc:proceeding_1 has multiple decision dates and labels, indicating it conflates two distinct proceedings (14 Oct and 20 Oct).] remove doc:proceeding_1 echr:hasDecisionDate "2016-10-20": skipped: triple not present
    SKIPPED [doc:proceeding_1 has multiple decision dates and labels, indicating it conflates two distinct proceedings (14 Oct and 20 Oct).] remove doc:proceeding_1 rdfs:label "Aliens Appeals Board proceeding": skipped: triple not present
    [domestic proceedings] pass 2: no operations applied - stopping
    RECOVERED 1 group(s), 1 op(s) from a stalled generation
  [persons and participation] results/jurix_phase1/o2_med_jsonld/repaired/input.L10.facts.ttl: 11 finding(s) in; model proposed 1 group(s), 1 op(s), 0 merge(s)
    [persons and participation] pass 1: applied 0 (of which 0 merge(s)), skipped 1, stub orphans swept 0 [6.3s, 6.2s in the model]
    SKIPPED [doc:applicants has multiple rdfs:labels] remove doc:applicants rdfs:label "the applicants": skipped: triple not present
    [persons and participation] pass 1: no operations applied - stopping
    RECOVERED 1 group(s), 2 op(s) from a stalled generation
  [source quote fidelity] results/jurix_phase1/o2_med_jsonld/repaired/input.L10.facts.ttl: 3 finding(s) in; model proposed 1 group(s), 2 op(s), 0 merge(s)
    [source quote fidelity] pass 1: applied 2 (of which 0 merge(s)), skipped 1, stub orphans swept 0 [10.3s, 10.3s in the model]
    SKIPPED [The quote for doc:proceeding_4 is slightly paraphrased; it omits the comma after '2016' and the word 'considering' that follows 'unfounded' in the source text, though the core phrase is present. I will correct it to match the source verbatim.] remove doc:proceeding_4 echr:hasSupportingQuote On 7 November 2016 another judge acting as president of the French-language TPI declared their application admissible but unfounded: applied (removed 1 quote(s) by index)
    [source quote fidelity] pass 2: nothing left to flag - stopping
    document total: 50.1s across 5 model call(s) (49.9s in the model)
    wrote results/jurix_phase1/o2_med_jsonld/repaired/input.L10.facts.ttl (backup at results/jurix_phase1/o2_med_jsonld/repaired/backup/input.L10.facts.ttl)
    RECOVERED 1 group(s), 1 op(s) from a stalled generation
  [domestic authorities] results/jurix_phase1/o2_med_jsonld/repaired/input.L2.facts.ttl: 5 finding(s) in; model proposed 1 group(s), 1 op(s), 0 merge(s)
    [domestic authorities] pass 1: applied 0 (of which 0 merge(s)), skipped 1, stub orphans swept 0 [15.5s, 15.5s in the model]
    SKIPPED [a node with more than one rdfs:label is asserting that two distinct entities are the same one -- split it instead of labelling it twice] remove doc:courtDarmstadt rdfs:label "Labour Court": skipped: triple not present
    [domestic authorities] pass 1: no operations applied - stopping
  [domestic proceedings] results/jurix_phase1/o2_med_jsonld/repaired/input.L2.facts.ttl: nothing flagged
  [persons and participation] results/jurix_phase1/o2_med_jsonld/repaired/input.L2.facts.ttl: 6 finding(s) in; model proposed 1 group(s), 1 op(s), 0 merge(s)
    [persons and participation] pass 1: applied 1 (of which 0 merge(s)), skipped 0, stub orphans swept 0 [2.3s, 2.3s in the model]
    [persons and participation] pass 2: 4 finding(s) in; model proposed 0 group(s), 0 op(s), 0 merge(s)
    [persons and participation] pass 2: applied 0 (of which 0 merge(s)), skipped 0, stub orphans swept 0 [0.3s, 0.3s in the model]
    [persons and participation] pass 2: no operations applied - stopping
  [source quote fidelity] results/jurix_phase1/o2_med_jsonld/repaired/input.L2.facts.ttl: nothing flagged
    document total: 18.2s across 3 model call(s) (18.1s in the model)
    wrote results/jurix_phase1/o2_med_jsonld/repaired/input.L2.facts.ttl (backup at results/jurix_phase1/o2_med_jsonld/repaired/backup/input.L2.facts.ttl)
  [domestic authorities] results/jurix_phase1/o2_med_jsonld/repaired/input.L3.facts.ttl: 1 finding(s) in; model proposed 1 group(s), 1 op(s), 1 merge(s)
    [domestic authorities] pass 1: applied 2 (of which 1 merge(s)), skipped 0, stub orphans swept 0 [2.3s, 2.3s in the model]
    [domestic authorities] pass 2: nothing left to flag - stopping
  [domestic proceedings] results/jurix_phase1/o2_med_jsonld/repaired/input.L3.facts.ttl: 10 finding(s) in; model proposed 2 group(s), 12 op(s), 0 merge(s)
    [domestic proceedings] pass 1: applied 10 (of which 0 merge(s)), skipped 2, stub orphans swept 0 [11.4s, 11.4s in the model]
    SKIPPED [a proceeding may have at most one deciding authority] remove doc:proceeding_3 echr:hasDecisionDate "2017-06-30": skipped: triple not present
    SKIPPED [a proceeding may have at most one deciding authority] remove doc:proceeding_3 rdfs:label "General Assembly of the Administrative Proceedings Divisions proceeding": skipped: triple not present
    [domestic proceedings] pass 2: 8 finding(s) in; model proposed 5 group(s), 16 op(s), 0 merge(s)
    [domestic proceedings] pass 2: applied 9 (of which 0 merge(s)), skipped 7, stub orphans swept 0 [22.0s, 22.0s in the model]
    SKIPPED [doc:proceeding_4 conflates a rectification request (Supreme Administrative Court) and an individual application (Constitutional Court). These are distinct proceedings.] remove doc:proceeding_4 echr:hasDecisionDate 2016-01-25: skipped: triple not present
    SKIPPED [doc:proceeding_4 conflates a rectification request (Supreme Administrative Court) and an individual application (Constitutional Court). These are distinct proceedings.] remove doc:proceeding_4 rdfs:label Rectification Request proceeding: skipped: triple not present
    SKIPPED [doc:proceeding_1 has multiple start dates.] remove doc:proceeding_1 echr:hasProceedingStartDate 2011-02-07: skipped: triple not present
    SKIPPED [doc:proceeding_1 has multiple start dates.] remove doc:proceeding_1 rdfs:label Administrative Court proceedings: skipped: triple not present
    SKIPPED [doc:proceeding_3 has multiple decision dates and labels.] remove doc:proceeding_3 echr:hasDecisionDate 2017-06-30: skipped: triple not present
    SKIPPED [doc:proceeding_3 has multiple decision dates and labels.] remove doc:proceeding_3 rdfs:label General Assembly of the Administrative Proceedings Divisions proceeding: skipped: triple not present
    SKIPPED [doc:proceeding_2 has multiple labels.] remove doc:proceeding_2 rdfs:label Appeal to Supreme Administrative Court: skipped: triple not present
    RECOVERED 1 group(s), 1 op(s) from a stalled generation
    [domestic proceedings] pass 3: 7 finding(s) in; model proposed 1 group(s), 1 op(s), 0 merge(s)
    [domestic proceedings] pass 3: applied 0 (of which 0 merge(s)), skipped 1, stub orphans swept 0 [7.3s, 7.3s in the model]
    SKIPPED [a domestic event may have at most one start date] remove doc:proceeding_1 echr:hasProceedingStartDate 2011-02-07: skipped: triple not present
    [domestic proceedings] pass 3: no operations applied - stopping
    RECOVERED 1 group(s), 1 op(s) from a stalled generation
  [persons and participation] results/jurix_phase1/o2_med_jsonld/repaired/input.L3.facts.ttl: 5 finding(s) in; model proposed 1 group(s), 1 op(s), 0 merge(s)
    [persons and participation] pass 1: applied 0 (of which 0 merge(s)), skipped 1, stub orphans swept 0 [6.7s, 6.7s in the model]
    SKIPPED [a node with more than one rdfs:label is asserting that two distinct entities are the same one -- split it instead of labelling it twice] remove doc:applicant_1 rdfs:label "the applicant": skipped: triple not present
    [persons and participation] pass 1: no operations applied - stopping
  [source quote fidelity] results/jurix_phase1/o2_med_jsonld/repaired/input.L3.facts.ttl: nothing flagged
    document total: 49.8s across 5 model call(s) (49.7s in the model)
    wrote results/jurix_phase1/o2_med_jsonld/repaired/input.L3.facts.ttl (backup at results/jurix_phase1/o2_med_jsonld/repaired/backup/input.L3.facts.ttl)
  [domestic authorities] results/jurix_phase1/o2_med_jsonld/repaired/input.L4.facts.ttl: 1 finding(s) in; model proposed 1 group(s), 1 op(s), 0 merge(s)
    [domestic authorities] pass 1: applied 0 (of which 0 merge(s)), skipped 1, stub orphans swept 0 [2.2s, 2.2s in the model]
    SKIPPED [a node with more than one rdfs:label is asserting that two distinct entities are the same one -- split it instead of labelling it twice] remove doc:policeSlovenjGradec rdfs:label "Slovenj Gradec Police": skipped: 'The validator flagged multiple labels. Since they are identical, removing one resolves the structural error without losing information.' is not a valid language tag!
    [domestic authorities] pass 1: no operations applied - stopping
    RECOVERED 1 group(s), 1 op(s) from a stalled generation
  [domestic proceedings] results/jurix_phase1/o2_med_jsonld/repaired/input.L4.facts.ttl: 0 finding(s) in; model proposed 1 group(s), 1 op(s), 0 merge(s)
    [domestic proceedings] pass 1: applied 1 (of which 0 merge(s)), skipped 0, stub orphans swept 0 [7.8s, 7.8s in the model]
    [domestic proceedings] pass 1: 1 op(s) applied but findings did not fall (0 -> 0) - stopping
    RECOVERED 1 group(s), 1 op(s) from a stalled generation
  [persons and participation] results/jurix_phase1/o2_med_jsonld/repaired/input.L4.facts.ttl: 6 finding(s) in; model proposed 1 group(s), 1 op(s), 0 merge(s)
    [persons and participation] pass 1: applied 0 (of which 0 merge(s)), skipped 1, stub orphans swept 0 [7.1s, 7.1s in the model]
    SKIPPED [a node with more than one rdfs:label is asserting that two distinct entities are the same one -- split it instead of labelling it twice] remove doc:lawyerMatko rdfs:label "Lawyer of Matko": skipped: triple not present
    [persons and participation] pass 1: no operations applied - stopping
  [source quote fidelity] results/jurix_phase1/o2_med_jsonld/repaired/input.L4.facts.ttl: nothing flagged
    document total: 17.2s across 3 model call(s) (17.1s in the model)
    wrote results/jurix_phase1/o2_med_jsonld/repaired/input.L4.facts.ttl (backup at results/jurix_phase1/o2_med_jsonld/repaired/backup/input.L4.facts.ttl)
  [domestic authorities] results/jurix_phase1/o2_med_jsonld/repaired/input.L5.facts.ttl: 6 finding(s) in; model proposed 3 group(s), 6 op(s), 0 merge(s)
    [domestic authorities] pass 1: applied 5 (of which 0 merge(s)), skipped 1, stub orphans swept 0 [10.2s, 10.2s in the model]
    SKIPPED [a node with more than one rdfs:label is asserting that two distinct entities are the same one -- split it instead of labelling it twice] remove doc:courtPodilskyy echr:hasAuthorityName "Podilskyy Court": skipped: triple not present
    [domestic authorities] pass 2: 1 finding(s) in; model proposed 1 group(s), 1 op(s), 0 merge(s)
    [domestic authorities] pass 2: applied 0 (of which 0 merge(s)), skipped 1, stub orphans swept 0 [2.1s, 2.1s in the model]
    SKIPPED [The node doc:courtPodilskyy has two values for the functional property echr:hasAuthorityName ("Podilskyy District Court of Kyiv" and "Podilskyy Court"). The more specific name should be retained.] remove doc:courtPodilskyy echr:hasAuthorityName "Podilskyy Court": skipped: triple not present
    [domestic authorities] pass 2: no operations applied - stopping
    RECOVERED 1 group(s), 1 op(s) from a stalled generation
  [domestic proceedings] results/jurix_phase1/o2_med_jsonld/repaired/input.L5.facts.ttl: 3 finding(s) in; model proposed 1 group(s), 1 op(s), 0 merge(s)
    [domestic proceedings] pass 1: applied 1 (of which 0 merge(s)), skipped 0, stub orphans swept 0 [8.9s, 8.9s in the model]
    [domestic proceedings] pass 1: 1 op(s) applied but findings did not fall (0 -> 0) - stopping
  [persons and participation] results/jurix_phase1/o2_med_jsonld/repaired/input.L5.facts.ttl: 2 finding(s) in; model proposed 3 group(s), 10 op(s), 0 merge(s)
    [persons and participation] pass 1: applied 10 (of which 0 merge(s)), skipped 0, stub orphans swept 0 [13.7s, 13.7s in the model]
    [persons and participation] pass 2: nothing left to flag - stopping
  [source quote fidelity] results/jurix_phase1/o2_med_jsonld/repaired/input.L5.facts.ttl: 1 finding(s) in; model proposed 1 group(s), 1 op(s), 0 merge(s)
    [source quote fidelity] pass 1: applied 1 (of which 0 merge(s)), skipped 1, stub orphans swept 0 [3.2s, 3.2s in the model]
    SKIPPED [The quote 'the applicant’s appeal against the decision of 22 December 2016 had been rejected [on 6 March 2017]' is a paraphrase/summary and does not appear verbatim in the source text. The source text in paragraph 50 refers to the 'decision of 6 March 2017' which 'quashed the decision of 22 December 2016' (as seen in paragraph 25), but the specific phrasing in the quote is not present.] remove doc:proceeding_podilskyy_1 echr:hasSupportingQuote the applicant’s appeal against the decision of 22 December 2016 had been rejected [on 6 March 2017]: applied (removed 1 quote(s) by index)
    [source quote fidelity] pass 2: nothing left to flag - stopping
    document total: 38.3s across 5 model call(s) (38.1s in the model)
    wrote results/jurix_phase1/o2_med_jsonld/repaired/input.L5.facts.ttl (backup at results/jurix_phase1/o2_med_jsonld/repaired/backup/input.L5.facts.ttl)
  [domestic authorities] results/jurix_phase1/o2_med_jsonld/repaired/input.L6.facts.ttl: nothing flagged
  [domestic proceedings] results/jurix_phase1/o2_med_jsonld/repaired/input.L6.facts.ttl: nothing flagged
  [persons and participation] results/jurix_phase1/o2_med_jsonld/repaired/input.L6.facts.ttl: 2 finding(s) in; model proposed 0 group(s), 0 op(s), 0 merge(s)
    [persons and participation] pass 1: applied 0 (of which 0 merge(s)), skipped 0, stub orphans swept 0 [0.6s, 0.6s in the model]
    [persons and participation] pass 1: no operations applied - stopping
  [source quote fidelity] results/jurix_phase1/o2_med_jsonld/repaired/input.L6.facts.ttl: nothing flagged
    document total: 0.7s across 1 model call(s) (0.6s in the model)
    no net change across all stages; leaving the file untouched
  [domestic authorities] results/jurix_phase1/o2_med_jsonld/repaired/input.L7.facts.ttl: 5 finding(s) in; model proposed 5 group(s), 5 op(s), 0 merge(s)
    [domestic authorities] pass 1: applied 5 (of which 0 merge(s)), skipped 0, stub orphans swept 0 [7.8s, 7.8s in the model]
    [domestic authorities] pass 2: nothing left to flag - stopping
  [domestic proceedings] results/jurix_phase1/o2_med_jsonld/repaired/input.L7.facts.ttl: 1 finding(s) in; model proposed 0 group(s), 0 op(s), 0 merge(s)
    [domestic proceedings] pass 1: applied 0 (of which 0 merge(s)), skipped 0, stub orphans swept 0 [0.5s, 0.5s in the model]
    [domestic proceedings] pass 1: no operations applied - stopping
  [persons and participation] results/jurix_phase1/o2_med_jsonld/repaired/input.L7.facts.ttl: 1 finding(s) in; model proposed 0 group(s), 0 op(s), 0 merge(s)
    [persons and participation] pass 1: applied 0 (of which 0 merge(s)), skipped 0, stub orphans swept 0 [0.5s, 0.5s in the model]
    [persons and participation] pass 1: no operations applied - stopping
  [source quote fidelity] results/jurix_phase1/o2_med_jsonld/repaired/input.L7.facts.ttl: 1 finding(s) in; model proposed 1 group(s), 2 op(s), 0 merge(s)
    [source quote fidelity] pass 1: applied 2 (of which 0 merge(s)), skipped 1, stub orphans swept 0 [8.5s, 8.5s in the model]
    SKIPPED [The quote for doc:pretrial_detention_1 is a stitched-together summary rather than a verbatim span. I have replaced it with the specific verbatim passage describing the withdrawal of bail.] remove doc:pretrial_detention_1 echr:hasSupportingQuote On 25 March 1999... decided to withdraw the applicant’s bail... the trial judge reinstated bail [on 29 March 1999]: applied (removed 1 quote(s) by index)
    [source quote fidelity] pass 2: nothing left to flag - stopping
    document total: 17.4s across 4 model call(s) (17.3s in the model)
    wrote results/jurix_phase1/o2_med_jsonld/repaired/input.L7.facts.ttl (backup at results/jurix_phase1/o2_med_jsonld/repaired/backup/input.L7.facts.ttl)
  [domestic authorities] results/jurix_phase1/o2_med_jsonld/repaired/input.L8.facts.ttl: 6 finding(s) in; model proposed 6 group(s), 6 op(s), 0 merge(s)
    [domestic authorities] pass 1: applied 6 (of which 0 merge(s)), skipped 0, stub orphans swept 0 [7.7s, 7.7s in the model]
    [domestic authorities] pass 2: nothing left to flag - stopping
  [domestic proceedings] results/jurix_phase1/o2_med_jsonld/repaired/input.L8.facts.ttl: 1 finding(s) in; model proposed 0 group(s), 0 op(s), 1 merge(s)
    [domestic proceedings] pass 1: applied 1 (of which 1 merge(s)), skipped 0, stub orphans swept 0 [1.4s, 1.4s in the model]
    [domestic proceedings] pass 1: 1 op(s) applied but findings did not fall (0 -> 0) - stopping
  [persons and participation] results/jurix_phase1/o2_med_jsonld/repaired/input.L8.facts.ttl: 2 finding(s) in; model proposed 5 group(s), 19 op(s), 0 merge(s)
    [persons and participation] pass 1: applied 19 (of which 0 merge(s)), skipped 0, stub orphans swept 0 [25.2s, 25.2s in the model]
    [persons and participation] pass 2: nothing left to flag - stopping
  [source quote fidelity] results/jurix_phase1/o2_med_jsonld/repaired/input.L8.facts.ttl: nothing flagged
    document total: 34.5s across 3 model call(s) (34.3s in the model)
    wrote results/jurix_phase1/o2_med_jsonld/repaired/input.L8.facts.ttl (backup at results/jurix_phase1/o2_med_jsonld/repaired/backup/input.L8.facts.ttl)
  [domestic authorities] results/jurix_phase1/o2_med_jsonld/repaired/input.L9.facts.ttl: nothing flagged
    RECOVERED 1 group(s), 1 op(s) from a stalled generation
  [domestic proceedings] results/jurix_phase1/o2_med_jsonld/repaired/input.L9.facts.ttl: 0 finding(s) in; model proposed 1 group(s), 1 op(s), 0 merge(s)
    [domestic proceedings] pass 1: applied 1 (of which 0 merge(s)), skipped 0, stub orphans swept 0 [7.0s, 6.9s in the model]
    [domestic proceedings] pass 1: 1 op(s) applied but findings did not fall (0 -> 0) - stopping
    RECOVERED 1 group(s), 1 op(s) from a stalled generation
  [persons and participation] results/jurix_phase1/o2_med_jsonld/repaired/input.L9.facts.ttl: 3 finding(s) in; model proposed 1 group(s), 1 op(s), 0 merge(s)
    [persons and participation] pass 1: applied 0 (of which 0 merge(s)), skipped 1, stub orphans swept 0 [6.5s, 6.5s in the model]
    SKIPPED [a node with more than one rdfs:label is asserting that two distinct entities are the same one -- split it instead of labelling it twice] remove doc:partyMt rdfs:label "M.T.": skipped: triple not present
    [persons and participation] pass 1: no operations applied - stopping
  [source quote fidelity] results/jurix_phase1/o2_med_jsonld/repaired/input.L9.facts.ttl: nothing flagged
    document total: 13.7s across 2 model call(s) (13.4s in the model)
    wrote results/jurix_phase1/o2_med_jsonld/repaired/input.L9.facts.ttl (backup at results/jurix_phase1/o2_med_jsonld/repaired/backup/input.L9.facts.ttl)

  repair total: 320.6s over 10 document(s), 38 model call(s) (318.7s in the model, 1.9s deterministic)
    authorities     10 call(s)     58.4s  (58.3s in the model)
    proceedings     13 call(s)    133.4s  (133.2s in the model)
    persons         12 call(s)    105.3s  (105.2s in the model)
    quotes           3 call(s)     22.0s  (22.0s in the model)

phase 2 done in 321.9s

--- phase 3: SHACL gate -> results/jurix_phase1/o2_med_jsonld/repaired ---

repaired  (results/jurix_phase1/o2_med_jsonld/repaired)
  file                          conforms  violations  warnings
  input.L1.facts.ttl               False           2         0
  input.L10.facts.ttl              False          16         0
  input.L2.facts.ttl               False           7         0
  input.L3.facts.ttl               False          12         0
  input.L4.facts.ttl               False           6         0
  input.L5.facts.ttl               False           1         1
  input.L6.facts.ttl               False           2         0
  input.L7.facts.ttl               False           1         0
  input.L8.facts.ttl                True           0         0
  input.L9.facts.ttl               False           3         0
  TOTAL                             1/10          50         1

phase 3 done in 86.1s

timings -> results/jurix_phase1/o2_med_jsonld/timings.json

############################################################
# o2_low_ttl  (native, chunk 3000/6000, max_visits 1, turtle)
############################################################

--- phase 1: extraction (native) -> results/jurix_phase1/o2_low_ttl/raw ---
Warning: You are sending unauthenticated requests to the HF Hub. Please set a HF_TOKEN to enable higher rate limits and faster downloads.

Loading weights:   0%|          | 0/199 [00:00<?, ?it/s]
Loading weights: 100%|██████████| 199/199 [00:00<00:00, 12640.91it/s]

Batches:   0%|          | 0/4 [00:00<?, ?it/s]
Batches:  25%|██▌       | 1/4 [00:00<00:01,  1.54it/s]
Batches:  50%|█████     | 2/4 [00:01<00:01,  1.78it/s]
Batches:  75%|███████▌  | 3/4 [00:01<00:00,  1.93it/s]
Batches: 100%|██████████| 4/4 [00:01<00:00,  2.62it/s]
Batches: 100%|██████████| 4/4 [00:01<00:00,  2.23it/s]

Batches:   0%|          | 0/4 [00:00<?, ?it/s]
Batches:  25%|██▌       | 1/4 [00:00<00:02,  1.45it/s]
Batches:  50%|█████     | 2/4 [00:01<00:01,  1.67it/s]
Batches:  75%|███████▌  | 3/4 [00:01<00:00,  1.77it/s]
Batches: 100%|██████████| 4/4 [00:01<00:00,  2.35it/s]
Batches: 100%|██████████| 4/4 [00:01<00:00,  2.04it/s]

total wall time: 7.3m  (2026-08-24T16:06:22+00:00 -> 2026-08-24T16:13:38+00:00)
response_repair: 0 recovered, turtle_repair: 6 recovered, 0 unrecovered parse failure(s), 0 chunk render failure(s) logged

INCOMPLETE: 1/10 document(s) lost content (2 unit(s) total). These files exist and look clean; they are missing text:
    input.L10        2/11 unit(s) lost (18%)  [partial]
report written to /home/dahrb/Projects/article_6/domestic_proceedings/results/jurix_phase1/o2_low_ttl/extract_report.json

phase 1 done: 10 facts file(s) in 441.0s

--- phase 2: staged repair -> results/jurix_phase1/o2_low_ttl/repaired ---
repairing 10 file(s) under results/jurix_phase1/o2_low_ttl/repaired
  model: gemma-4-31b @ http://localhost:8000/v1 (temperature 0.4, timeout 300.0s)
  source text: results/jurix_phase1/input.jsonl (quote stage enabled)
  [domestic authorities] results/jurix_phase1/o2_low_ttl/repaired/input.L1.facts.ttl: 7 finding(s) in; model proposed 5 group(s), 9 op(s), 0 merge(s)
    [domestic authorities] pass 1: applied 9 (of which 0 merge(s)), skipped 0, stub orphans swept 0 [14.4s, 14.2s in the model]
    [domestic authorities] pass 2: nothing left to flag - stopping
  [domestic proceedings] results/jurix_phase1/o2_low_ttl/repaired/input.L1.facts.ttl: 9 finding(s) in; model proposed 5 group(s), 30 op(s), 0 merge(s)
    [domestic proceedings] pass 1: applied 26 (of which 0 merge(s)), skipped 4, stub orphans swept 0 [39.4s, 39.4s in the model]
    SKIPPED [doc:admin_action_1 contains multiple distinct events (appointment of guardian, social assessment, placement). These must be split to resolve cardinality violations on labels, dates, and courts.] remove doc:admin_action_1 echr:hasDecisionDate "2002": skipped: triple not present
    SKIPPED [doc:admin_action_1 contains multiple distinct events (appointment of guardian, social assessment, placement). These must be split to resolve cardinality violations on labels, dates, and courts.] remove doc:admin_action_1 echr:hasDecisionDate "2005-12-30": skipped: triple not present
    SKIPPED [doc:admin_action_2 conflates a police search request and an allowance grant.] remove doc:admin_action_2 echr:hasDecisionDate "2006-10-13": skipped: triple not present
    SKIPPED [doc:admin_action_3 conflates police notification and allowance increase.] remove doc:admin_action_3 echr:hasDecisionDate "2006-10-19": skipped: triple not present
    [domestic proceedings] pass 2: 3 finding(s) in; model proposed 6 group(s), 6 op(s), 0 merge(s)
    [domestic proceedings] pass 2: applied 2 (of which 0 merge(s)), skipped 4, stub orphans swept 0 [15.0s, 14.9s in the model]
    SKIPPED [a domestic event may have at most one decision date] remove doc:admin_action_1 echr:hasDecisionDate "2002": skipped: triple not present
    SKIPPED [a domestic event may have at most one decision date] remove doc:admin_action_1 echr:hasDecisionDate "2005-12-30": skipped: triple not present
    SKIPPED [a domestic event may have at most one decision date] remove doc:admin_action_2 echr:hasDecisionDate "2006-10-13": skipped: triple not present
    SKIPPED [a domestic event may have at most one decision date] remove doc:admin_action_3 echr:hasDecisionDate "2006-10-19": skipped: triple not present
    [domestic proceedings] pass 2: 2 op(s) applied but findings did not fall (3 -> 3) - stopping
    RECOVERED 1 group(s), 1 op(s) from a stalled generation
  [persons and participation] results/jurix_phase1/o2_low_ttl/repaired/input.L1.facts.ttl: 9 finding(s) in; model proposed 1 group(s), 1 op(s), 0 merge(s)
    [persons and participation] pass 1: applied 1 (of which 0 merge(s)), skipped 0, stub orphans swept 0 [6.6s, 6.5s in the model]
    [persons and participation] pass 1: 1 op(s) applied but findings did not fall (6 -> 6) - stopping
  [source quote fidelity] results/jurix_phase1/o2_low_ttl/repaired/input.L1.facts.ttl: 3 finding(s) in; model proposed 3 group(s), 6 op(s), 0 merge(s)
    [source quote fidelity] pass 1: applied 6 (of which 0 merge(s)), skipped 3, stub orphans swept 0 [9.2s, 9.2s in the model]
    SKIPPED [The quote for doc:social_assessment_1 contains an ellipsis ('...') and is not a verbatim span. I have replaced it with the exact text from paragraph 34.] remove doc:social_assessment_1 echr:hasSupportingQuote on 30 December 2005 the municipal social assistance department carried out a ‘social assessment’ ( социална оценка ) of the applicant, which concluded that... he was entitled to a social allowance: applied (removed 1 quote(s) by index)
    SKIPPED [The quote for doc:admin_action_1 contains an ellipsis ('...') and is not a verbatim span. I have replaced it with the exact text from paragraph 34.] remove doc:admin_action_1 echr:hasSupportingQuote on 30 December 2005 the municipal social assistance department carried out a ‘social assessment’ ( социална оценка ) of the applicant, which concluded that... he was entitled to a social allowance: applied (removed 1 quote(s) by index)
    SKIPPED [The quote for doc:social_assistance_dept_1 uses straight quotes instead of the curly quotes used in the source text.] remove doc:social_assistance_dept_1 echr:hasSupportingQuote the municipal social assistance department carried out a ‘social assessment': applied (removed 1 quote(s) by index)
    [source quote fidelity] pass 2: nothing left to flag - stopping
    document total: 84.7s across 5 model call(s) (84.2s in the model)
    wrote results/jurix_phase1/o2_low_ttl/repaired/input.L1.facts.ttl (backup at results/jurix_phase1/o2_low_ttl/repaired/backup/input.L1.facts.ttl)
    RECOVERED 1 group(s), 1 op(s) from a stalled generation
  [domestic authorities] results/jurix_phase1/o2_low_ttl/repaired/input.L10.facts.ttl: 14 finding(s) in; model proposed 1 group(s), 1 op(s), 0 merge(s)
    [domestic authorities] pass 1: applied 1 (of which 0 merge(s)), skipped 1, stub orphans swept 1 [6.8s, 6.7s in the model]
    SKIPPED [a node with more than one rdfs:label is asserting that two distinct entities are the same one -- split it instead of labelling it twice] remove doc:aliensAppealsBoard rdfs:label "the Aliens Appeals Board": skipped: triple not present
    [domestic authorities] pass 1: 1 op(s) applied but findings did not fall (14 -> 14) - stopping
  [domestic proceedings] results/jurix_phase1/o2_low_ttl/repaired/input.L10.facts.ttl: 31 finding(s) in; model proposed 10 group(s), 49 op(s), 0 merge(s)
    [domestic proceedings] pass 1: applied 39 (of which 0 merge(s)), skipped 10, stub orphans swept 0 [68.7s, 68.7s in the model]
    SKIPPED [doc:proceeding_1 is a cluster of multiple distinct proceedings (Aliens Appeals Board decisions on different dates/issues). Splitting based on quotes.] remove doc:proceeding_1 echr:hasDecisionDate 2016-09-13: skipped: triple not present
    SKIPPED [doc:proceeding_1 is a cluster of multiple distinct proceedings (Aliens Appeals Board decisions on different dates/issues). Splitting based on quotes.] remove doc:proceeding_1 echr:hasDecisionDate 2016-10-07: skipped: triple not present
    SKIPPED [doc:proceeding_1 is a cluster of multiple distinct proceedings (Aliens Appeals Board decisions on different dates/issues). Splitting based on quotes.] remove doc:proceeding_1 echr:hasDecisionDate 2016-10-20: skipped: triple not present
    SKIPPED [doc:proceeding_2 is a cluster of multiple distinct proceedings (Court of Appeal vs Conseil d'Etat).] remove doc:proceeding_2 echr:hasDecisionDate 2017-03-06: skipped: triple not present
    SKIPPED [doc:proceeding_2 is a cluster of multiple distinct proceedings (Court of Appeal vs Conseil d'Etat).] remove doc:proceeding_2 echr:hasDecisionDate 2018-05-17: skipped: triple not present
    SKIPPED [doc:proceeding_3 is a cluster of multiple distinct proceedings.] remove doc:proceeding_3 echr:hasDecisionDate 2016-10-20: skipped: triple not present
    SKIPPED [doc:proceeding_3 is a cluster of multiple distinct proceedings.] remove doc:proceeding_3 echr:hasDecisionDate 2018-02-08: skipped: triple not present
    SKIPPED [doc:proceeding_4 is a cluster of multiple distinct proceedings.] remove doc:proceeding_4 echr:hasDecisionDate 2018-02-08: skipped: triple not present
    SKIPPED [doc:proceeding_4 is a cluster of multiple distinct proceedings.] remove doc:proceeding_4 echr:hasDecisionDate 2017-03-24: skipped: triple not present
    SKIPPED [doc:proceeding_5 is a cluster of multiple distinct proceedings.] remove doc:proceeding_5 echr:hasDecisionDate 2018-05-17: skipped: triple not present
    [domestic proceedings] pass 2: 7 finding(s) in; model proposed 7 group(s), 13 op(s), 1 merge(s)
    [domestic proceedings] pass 2: applied 3 (of which 0 merge(s)), skipped 11, stub orphans swept 0 [52.5s, 52.5s in the model]
    SKIPPED [a domestic event may have at most one decision date] remove doc:proceeding_1 echr:hasDecisionDate 2016-10-20: skipped: triple not present
    SKIPPED [a domestic event may have at most one decision date] remove doc:proceeding_1 echr:hasDecisionDate 2016-09-13: skipped: triple not present
    SKIPPED [a domestic event may have at most one decision date] remove doc:proceeding_1 echr:hasDecisionDate 2016-10-07: skipped: triple not present
    SKIPPED [a domestic event may have at most one decision date] remove doc:proceeding_2 echr:hasDecisionDate 2017-03-06: skipped: triple not present
    SKIPPED [a domestic event may have at most one decision date] remove doc:proceeding_2 echr:hasDecisionDate 2018-05-17: skipped: triple not present
    SKIPPED [a domestic event may have at most one decision date] remove doc:proceeding_3 echr:hasDecisionDate 2016-10-20: skipped: triple not present
    SKIPPED [a domestic event may have at most one decision date] remove doc:proceeding_3 echr:hasDecisionDate 2018-02-08: skipped: triple not present
    SKIPPED [a domestic event may have at most one decision date] remove doc:proceeding_4 echr:hasDecisionDate 2018-02-08: skipped: triple not present
    SKIPPED [a domestic event may have at most one decision date] remove doc:proceeding_4 echr:hasDecisionDate 2017-03-24: skipped: triple not present
    SKIPPED [a domestic event may have at most one decision date] remove doc:proceeding_5 echr:hasDecisionDate 2018-05-17: skipped: triple not present
    SKIPPED merge doc:proceeding_3 <- doc:proceedingFinalAppeal: skipped: nodes have different rdf:type
    RECOVERED 5 group(s), 12 op(s) from a stalled generation
    [domestic proceedings] pass 3: 5 finding(s) in; model proposed 5 group(s), 12 op(s), 0 merge(s)
    [domestic proceedings] pass 3: applied 1 (of which 0 merge(s)), skipped 11, stub orphans swept 0 [40.6s, 40.6s in the model]
    SKIPPED [a domestic event may have at most one decision date] remove doc:proceeding_1 echr:hasDecisionDate 2016-10-20: skipped: triple not present
    SKIPPED [a domestic event may have at most one decision date] remove doc:proceeding_1 echr:hasDecisionDate 2016-09-13: skipped: triple not present
    SKIPPED [a domestic event may have at most one decision date] remove doc:proceeding_1 echr:hasDecisionDate 2016-10-07: skipped: triple not present
    SKIPPED [a domestic event may have at most one decision date] remove doc:proceeding_1 echr:hasDecisionDate 2017-03-24: skipped: triple not present
    SKIPPED [a domestic event may have at most one decision date] remove doc:proceeding_2 echr:hasDecisionDate 2017-03-06: skipped: triple not present
    SKIPPED [a domestic event may have at most one decision date] remove doc:proceeding_2 echr:hasDecisionDate 2018-05-17: skipped: triple not present
    SKIPPED [a domestic event may have at most one decision date] remove doc:proceeding_3 echr:hasDecisionDate 2016-10-20: skipped: triple not present
    SKIPPED [a domestic event may have at most one decision date] remove doc:proceeding_3 echr:hasDecisionDate 2018-02-08: skipped: triple not present
    SKIPPED [a domestic event may have at most one decision date] remove doc:proceeding_4 echr:hasDecisionDate 2018-02-08: skipped: triple not present
    SKIPPED [a domestic event may have at most one decision date] remove doc:proceeding_4 echr:hasDecisionDate 2017-03-24: skipped: triple not present
    SKIPPED [a domestic event may have at most one decision date] remove doc:proceeding_5 echr:hasDecisionDate 2018-05-17: skipped: triple not present
    RECOVERED 1 group(s), 1 op(s) from a stalled generation
  [persons and participation] results/jurix_phase1/o2_low_ttl/repaired/input.L10.facts.ttl: 17 finding(s) in; model proposed 1 group(s), 1 op(s), 0 merge(s)
    [persons and participation] pass 1: applied 1 (of which 0 merge(s)), skipped 0, stub orphans swept 0 [7.9s, 7.9s in the model]
    [persons and participation] pass 2: 15 finding(s) in; model proposed 10 group(s), 42 op(s), 0 merge(s)
    [persons and participation] pass 2: applied 42 (of which 0 merge(s)), skipped 0, stub orphans swept 0 [53.2s, 53.1s in the model]
    RECOVERED 5 group(s), 1 op(s) from a stalled generation
    [persons and participation] pass 3: 8 finding(s) in; model proposed 5 group(s), 1 op(s), 0 merge(s)
    [persons and participation] pass 3: applied 1 (of which 0 merge(s)), skipped 0, stub orphans swept 0 [13.3s, 13.3s in the model]
  [source quote fidelity] results/jurix_phase1/o2_low_ttl/repaired/input.L10.facts.ttl: 3 finding(s) in; model proposed 3 group(s), 0 op(s), 0 merge(s)
    [source quote fidelity] pass 1: applied 0 (of which 0 merge(s)), skipped 0, stub orphans swept 0 [4.0s, 4.0s in the model]
    [source quote fidelity] pass 1: no operations applied - stopping
    document total: 247.4s across 8 model call(s) (246.8s in the model)
    wrote results/jurix_phase1/o2_low_ttl/repaired/input.L10.facts.ttl (backup at results/jurix_phase1/o2_low_ttl/repaired/backup/input.L10.facts.ttl)
  [domestic authorities] results/jurix_phase1/o2_low_ttl/repaired/input.L2.facts.ttl: 5 finding(s) in; model proposed 6 group(s), 13 op(s), 0 merge(s)
    [domestic authorities] pass 1: applied 13 (of which 0 merge(s)), skipped 1, stub orphans swept 0 [18.9s, 18.9s in the model]
    SKIPPED [Invented predicate echr:hasPartyName] remove doc:esa echr:hasPartyName : applied (1 value(s))
    [domestic authorities] pass 2: nothing left to flag - stopping
  [domestic proceedings] results/jurix_phase1/o2_low_ttl/repaired/input.L2.facts.ttl: 4 finding(s) in; model proposed 3 group(s), 7 op(s), 0 merge(s)
    [domestic proceedings] pass 1: applied 3 (of which 0 merge(s)), skipped 4, stub orphans swept 0 [8.0s, 7.9s in the model]
    SKIPPED [doc:proceeding_1 has multiple labels.] remove doc:proceeding_1 rdfs:label Domestic proceedings regarding immunity: skipped: triple not present
    SKIPPED [doc:proceeding_1 has multiple labels.] remove doc:proceeding_1 rdfs:label German court proceedings against ESA: skipped: triple not present
    SKIPPED [doc:proceeding_1 has multiple labels.] remove doc:proceeding_1 rdfs:label German court proceedings regarding ESA immunity: skipped: triple not present
    SKIPPED [doc:proceeding_1 has multiple labels.] remove doc:proceeding_1 rdfs:label proceedings against ESA: skipped: triple not present
    [domestic proceedings] pass 2: 2 finding(s) in; model proposed 3 group(s), 6 op(s), 0 merge(s)
    [domestic proceedings] pass 2: applied 1 (of which 0 merge(s)), skipped 5, stub orphans swept 0 [8.9s, 8.9s in the model]
    SKIPPED [shacl_violation] remove doc:proceeding_1 rdfs:label Domestic proceedings regarding immunity: skipped: triple not present
    SKIPPED [shacl_violation] remove doc:proceeding_1 rdfs:label German court proceedings against ESA: skipped: triple not present
    SKIPPED [shacl_violation] remove doc:proceeding_1 rdfs:label German court proceedings regarding ESA immunity: skipped: triple not present
    SKIPPED [shacl_violation] remove doc:proceeding_1 rdfs:label proceedings against ESA: skipped: triple not present
    SKIPPED [shacl_violation] remove doc:proceeding_2 rdfs:label labour court proceedings: skipped: triple not present
    [domestic proceedings] pass 2: 1 op(s) applied but findings did not fall (2 -> 2) - stopping
  [persons and participation] results/jurix_phase1/o2_low_ttl/repaired/input.L2.facts.ttl: 12 finding(s) in; model proposed 4 group(s), 6 op(s), 2 merge(s)
    [persons and participation] pass 1: applied 7 (of which 2 merge(s)), skipped 1, stub orphans swept 0 [12.1s, 12.1s in the model]
    SKIPPED [doc:applicant_1 has multiple rdfs:labels.] remove doc:applicant_1 rdfs:label the applicants: skipped: triple not present
    [persons and participation] pass 2: 6 finding(s) in; model proposed 5 group(s), 5 op(s), 0 merge(s)
    [persons and participation] pass 2: applied 5 (of which 0 merge(s)), skipped 0, stub orphans swept 0 [13.1s, 13.1s in the model]
    [persons and participation] pass 3: 1 finding(s) in; model proposed 1 group(s), 2 op(s), 0 merge(s)
    [persons and participation] pass 3: applied 2 (of which 0 merge(s)), skipped 0, stub orphans swept 0 [4.7s, 4.7s in the model]
  [source quote fidelity] results/jurix_phase1/o2_low_ttl/repaired/input.L2.facts.ttl: 1 finding(s) in; model proposed 1 group(s), 2 op(s), 0 merge(s)
    [source quote fidelity] pass 1: applied 1 (of which 0 merge(s)), skipped 2, stub orphans swept 0 [3.1s, 3.1s in the model]
    SKIPPED [The quote 'Mr Philip Regan is a British national' is a paraphrase. The verbatim text in the source is 'Mr Philip Regan is a British national, born in 1960 and resident in London in the United Kingdom.'] remove doc:personRegan echr:hasSupportingQuote Mr Philip Regan is a British national: applied (removed 1 quote(s) by index)
    SKIPPED [The quote 'Mr Philip Regan is a British national' is a paraphrase. The verbatim text in the source is 'Mr Philip Regan is a British national, born in 1960 and resident in London in the United Kingdom.'] add doc:personRegan echr:hasSupportingQuote Mr Philip Regan is a British national, born in 1960 and resident in London in the United Kingdom.: skipped: quote does not appear verbatim in the source document
    [source quote fidelity] pass 2: nothing left to flag - stopping
    document total: 69.0s across 7 model call(s) (68.7s in the model)
    wrote results/jurix_phase1/o2_low_ttl/repaired/input.L2.facts.ttl (backup at results/jurix_phase1/o2_low_ttl/repaired/backup/input.L2.facts.ttl)
  [domestic authorities] results/jurix_phase1/o2_low_ttl/repaired/input.L3.facts.ttl: 6 finding(s) in; model proposed 3 group(s), 8 op(s), 0 merge(s)
    [domestic authorities] pass 1: applied 9 (of which 0 merge(s)), skipped 0, stub orphans swept 1 [11.9s, 11.8s in the model]
    [domestic authorities] pass 2: nothing left to flag - stopping
  [domestic proceedings] results/jurix_phase1/o2_low_ttl/repaired/input.L3.facts.ttl: 24 finding(s) in; model proposed 6 group(s), 46 op(s), 0 merge(s)
    [domestic proceedings] pass 1: applied 24 (of which 0 merge(s)), skipped 22, stub orphans swept 0 [57.6s, 57.6s in the model]
    SKIPPED [doc:proceeding_3 has multiple labels, outcomes, and courts, mixing a Constitutional Court application and a Rectification request] remove doc:proceeding_3 rdfs:label Rectification request proceeding: skipped: triple not present
    SKIPPED [doc:proceeding_1 contains multiple labels, dates, and courts] remove doc:proceeding_1 rdfs:label First instance proceeding before the 13th Chamber: skipped: triple not present
    SKIPPED [doc:proceeding_1 contains multiple labels, dates, and courts] remove doc:proceeding_1 echr:hasDecisionDate 2014-12-09: skipped: triple not present
    SKIPPED [doc:proceeding_1 contains multiple labels, dates, and courts] remove doc:proceeding_1 echr:hasProceedingStartDate 2011-02-24: skipped: triple not present
    SKIPPED [doc:proceeding_2 contains multiple labels, dates, and outcomes] remove doc:proceeding_2 rdfs:label Supreme Administrative Court appeal: skipped: triple not present
    SKIPPED [doc:proceeding_2 contains multiple labels, dates, and outcomes] remove doc:proceeding_2 rdfs:label appeal before the Supreme Administrative Court: skipped: triple not present
    SKIPPED [doc:proceeding_2 contains multiple labels, dates, and outcomes] remove doc:proceeding_2 echr:hasDecisionDate 2006-07-20: skipped: triple not present
    SKIPPED [doc:proceeding_2 contains multiple labels, dates, and outcomes] remove doc:proceeding_2 echr:hasDecisionDate 2014-12-09: skipped: triple not present
    SKIPPED [doc:admin_action_1, doc:admin_action_2, doc:admin_action_3 are multi-event nodes] remove doc:admin_action_1 rdfs:label Fund decision on impossibility of enforcement: skipped: triple not present
    SKIPPED [doc:admin_action_1, doc:admin_action_2, doc:admin_action_3 are multi-event nodes] remove doc:admin_action_1 rdfs:label Fund decision on Protocol default: skipped: triple not present
    SKIPPED [doc:admin_action_1, doc:admin_action_2, doc:admin_action_3 are multi-event nodes] remove doc:admin_action_1 rdfs:label TSKB Valuation Report 2007: skipped: triple not present
    SKIPPED [doc:admin_action_1, doc:admin_action_2, doc:admin_action_3 are multi-event nodes] remove doc:admin_action_1 echr:hasDecisionDate 2015-10-27: skipped: triple not present
    SKIPPED [doc:admin_action_1, doc:admin_action_2, doc:admin_action_3 are multi-event nodes] remove doc:admin_action_1 echr:hasDecisionDate 2008-04-03: skipped: triple not present
    SKIPPED [doc:admin_action_1, doc:admin_action_2, doc:admin_action_3 are multi-event nodes] remove doc:admin_action_1 echr:hasDecisionDate 2007-08-01: skipped: triple not present
    SKIPPED [doc:admin_action_1, doc:admin_action_2, doc:admin_action_3 are multi-event nodes] remove doc:admin_action_2 rdfs:label Fund resolution to transfer management: skipped: triple not present
    SKIPPED [doc:admin_action_1, doc:admin_action_2, doc:admin_action_3 are multi-event nodes] remove doc:admin_action_2 rdfs:label Fund Sale Resolution 2007: skipped: triple not present
    SKIPPED [doc:admin_action_1, doc:admin_action_2, doc:admin_action_3 are multi-event nodes] remove doc:admin_action_2 echr:hasDecisionDate 2008-09-18: skipped: triple not present
    SKIPPED [doc:admin_action_1, doc:admin_action_2, doc:admin_action_3 are multi-event nodes] remove doc:admin_action_2 echr:hasDecisionDate 2007-08-29: skipped: triple not present
    SKIPPED [doc:admin_action_1, doc:admin_action_2, doc:admin_action_3 are multi-event nodes] remove doc:admin_action_3 rdfs:label Fund decision to establish economic units: skipped: triple not present
    SKIPPED [doc:admin_action_1, doc:admin_action_2, doc:admin_action_3 are multi-event nodes] remove doc:admin_action_3 rdfs:label TSKB Valuation Report 2009: skipped: triple not present
    SKIPPED [doc:admin_action_1, doc:admin_action_2, doc:admin_action_3 are multi-event nodes] remove doc:admin_action_3 echr:hasDecisionDate 2007-07-19: skipped: triple not present
    SKIPPED [doc:admin_action_1, doc:admin_action_2, doc:admin_action_3 are multi-event nodes] remove doc:admin_action_3 echr:hasDecisionDate 2009-06-30: skipped: triple not present
    [domestic proceedings] pass 2: 14 finding(s) in; model proposed 6 group(s), 27 op(s), 0 merge(s)
    [domestic proceedings] pass 2: applied 2 (of which 0 merge(s)), skipped 25, stub orphans swept 0 [30.9s, 30.9s in the model]
    SKIPPED [doc:proceeding_1 has multiple labels, start dates, decision dates, and courts. The quotes reveal these are distinct events: the initiation of proceedings (Feb 2011) and the subsequent dismissal by the 13th Chamber of the Supreme Administrative Court (Dec 2014). The latter is actually part of the appeal chain.] remove doc:proceeding_1 rdfs:label First instance proceeding before the 13th Chamber: skipped: triple not present
    SKIPPED [doc:proceeding_1 has multiple labels, start dates, decision dates, and courts. The quotes reveal these are distinct events: the initiation of proceedings (Feb 2011) and the subsequent dismissal by the 13th Chamber of the Supreme Administrative Court (Dec 2014). The latter is actually part of the appeal chain.] remove doc:proceeding_1 rdfs:label Administrative Court Challenge: skipped: triple not present
    SKIPPED [doc:proceeding_1 has multiple labels, start dates, decision dates, and courts. The quotes reveal these are distinct events: the initiation of proceedings (Feb 2011) and the subsequent dismissal by the 13th Chamber of the Supreme Administrative Court (Dec 2014). The latter is actually part of the appeal chain.] remove doc:proceeding_1 echr:hasProceedingStartDate 2011-02-24: skipped: triple not present
    SKIPPED [doc:proceeding_1 has multiple labels, start dates, decision dates, and courts. The quotes reveal these are distinct events: the initiation of proceedings (Feb 2011) and the subsequent dismissal by the 13th Chamber of the Supreme Administrative Court (Dec 2014). The latter is actually part of the appeal chain.] remove doc:proceeding_1 echr:hasDecisionDate 2014-12-09: skipped: triple not present
    SKIPPED [doc:proceeding_2 has multiple labels and decision dates. The quotes show three distinct events: a 2006 quashing, a 2014 upholding, and a 2015 annulment by the General Assembly.] remove doc:proceeding_2 rdfs:label Supreme Administrative Court appeal: skipped: triple not present
    SKIPPED [doc:proceeding_2 has multiple labels and decision dates. The quotes show three distinct events: a 2006 quashing, a 2014 upholding, and a 2015 annulment by the General Assembly.] remove doc:proceeding_2 rdfs:label appeal before the Supreme Administrative Court: skipped: triple not present
    SKIPPED [doc:proceeding_2 has multiple labels and decision dates. The quotes show three distinct events: a 2006 quashing, a 2014 upholding, and a 2015 annulment by the General Assembly.] remove doc:proceeding_2 echr:hasDecisionDate 2006-07-20: skipped: triple not present
    SKIPPED [doc:proceeding_2 has multiple labels and decision dates. The quotes show three distinct events: a 2006 quashing, a 2014 upholding, and a 2015 annulment by the General Assembly.] remove doc:proceeding_2 echr:hasDecisionDate 2014-12-09: skipped: triple not present
    SKIPPED [doc:proceeding_3 conflates the Constitutional Court application with a rectification request before the Supreme Administrative Court.] remove doc:proceeding_3 rdfs:label Rectification request proceeding: skipped: triple not present
    SKIPPED [doc:proceeding_3 conflates the Constitutional Court application with a rectification request before the Supreme Administrative Court.] remove doc:proceeding_3 echr:hasSupportingQuote On 25 January 2016, the Supreme Administrative Court rejected the Fund’s request for rectification: skipped: quote_index 1 does not name a listed unverified quote
    SKIPPED [doc:proceeding_rectification_1 has multiple labels.] remove doc:proceeding_rectification_1 rdfs:label Rectification request proceeding: skipped: triple not present
    SKIPPED [doc:admin_action_1, doc:admin_action_2, and doc:admin_action_3 are 'super-nodes' conflating multiple distinct administrative decisions into single entities.] remove doc:admin_action_1 rdfs:label Fund decision on impossibility of enforcement: skipped: triple not present
    SKIPPED [doc:admin_action_1, doc:admin_action_2, and doc:admin_action_3 are 'super-nodes' conflating multiple distinct administrative decisions into single entities.] remove doc:admin_action_1 rdfs:label Fund decision on Protocol default: skipped: triple not present
    SKIPPED [doc:admin_action_1, doc:admin_action_2, and doc:admin_action_3 are 'super-nodes' conflating multiple distinct administrative decisions into single entities.] remove doc:admin_action_1 rdfs:label TSKB Valuation Report 2007: skipped: triple not present
    SKIPPED [doc:admin_action_1, doc:admin_action_2, and doc:admin_action_3 are 'super-nodes' conflating multiple distinct administrative decisions into single entities.] remove doc:admin_action_1 echr:hasDecisionDate 2008-04-03: skipped: triple not present
    SKIPPED [doc:admin_action_1, doc:admin_action_2, and doc:admin_action_3 are 'super-nodes' conflating multiple distinct administrative decisions into single entities.] remove doc:admin_action_1 echr:hasDecisionDate 2015-10-27: skipped: triple not present
    SKIPPED [doc:admin_action_1, doc:admin_action_2, and doc:admin_action_3 are 'super-nodes' conflating multiple distinct administrative decisions into single entities.] remove doc:admin_action_1 echr:hasDecisionDate 2007-08-01: skipped: triple not present
    SKIPPED [doc:admin_action_1, doc:admin_action_2, and doc:admin_action_3 are 'super-nodes' conflating multiple distinct administrative decisions into single entities.] remove doc:admin_action_2 rdfs:label Fund resolution to transfer management: skipped: triple not present
    SKIPPED [doc:admin_action_1, doc:admin_action_2, and doc:admin_action_3 are 'super-nodes' conflating multiple distinct administrative decisions into single entities.] remove doc:admin_action_2 rdfs:label Fund Sale Resolution 2007: skipped: triple not present
    SKIPPED [doc:admin_action_1, doc:admin_action_2, and doc:admin_action_3 are 'super-nodes' conflating multiple distinct administrative decisions into single entities.] remove doc:admin_action_2 echr:hasDecisionDate 2008-09-18: skipped: triple not present
    SKIPPED [doc:admin_action_1, doc:admin_action_2, and doc:admin_action_3 are 'super-nodes' conflating multiple distinct administrative decisions into single entities.] remove doc:admin_action_2 echr:hasDecisionDate 2007-08-29: skipped: triple not present
    SKIPPED [doc:admin_action_1, doc:admin_action_2, and doc:admin_action_3 are 'super-nodes' conflating multiple distinct administrative decisions into single entities.] remove doc:admin_action_3 rdfs:label Fund decision to establish economic units: skipped: triple not present
    SKIPPED [doc:admin_action_1, doc:admin_action_2, and doc:admin_action_3 are 'super-nodes' conflating multiple distinct administrative decisions into single entities.] remove doc:admin_action_3 rdfs:label TSKB Valuation Report 2009: skipped: triple not present
    SKIPPED [doc:admin_action_1, doc:admin_action_2, and doc:admin_action_3 are 'super-nodes' conflating multiple distinct administrative decisions into single entities.] remove doc:admin_action_3 echr:hasDecisionDate 2007-07-19: skipped: triple not present
    SKIPPED [doc:admin_action_1, doc:admin_action_2, and doc:admin_action_3 are 'super-nodes' conflating multiple distinct administrative decisions into single entities.] remove doc:admin_action_3 echr:hasDecisionDate 2009-06-30: skipped: triple not present
    RECOVERED 1 group(s), 1 op(s) from a stalled generation
    [domestic proceedings] pass 3: 13 finding(s) in; model proposed 1 group(s), 1 op(s), 0 merge(s)
    [domestic proceedings] pass 3: applied 0 (of which 0 merge(s)), skipped 1, stub orphans swept 0 [7.9s, 7.9s in the model]
    SKIPPED [doc:admin_action_1 has multiple labels and decision dates, conflating distinct administrative actions.] remove doc:admin_action_1 rdfs:label "transfer of management and control of İktisat Bank": skipped: triple not present
    [domestic proceedings] pass 3: no operations applied - stopping
    RECOVERED 1 group(s), 1 op(s) from a stalled generation
  [persons and participation] results/jurix_phase1/o2_low_ttl/repaired/input.L3.facts.ttl: 9 finding(s) in; model proposed 1 group(s), 1 op(s), 0 merge(s)
    [persons and participation] pass 1: applied 0 (of which 0 merge(s)), skipped 1, stub orphans swept 0 [8.0s, 8.0s in the model]
    SKIPPED [doc:erolAksoy has multiple rdfs:labels ('Erol Aksoy Group' and 'Mr Erol Aksoy'). The former refers to a group (legal entity/party), while the latter is the natural person (the applicant).] remove doc:erolAksoy rdfs:label Erol Aksoy Group: skipped: triple not present
    [persons and participation] pass 1: no operations applied - stopping
  [source quote fidelity] results/jurix_phase1/o2_low_ttl/repaired/input.L3.facts.ttl: nothing flagged
    document total: 116.5s across 5 model call(s) (116.2s in the model)
    wrote results/jurix_phase1/o2_low_ttl/repaired/input.L3.facts.ttl (backup at results/jurix_phase1/o2_low_ttl/repaired/backup/input.L3.facts.ttl)
  [domestic authorities] results/jurix_phase1/o2_low_ttl/repaired/input.L4.facts.ttl: 1 finding(s) in; model proposed 2 group(s), 2 op(s), 1 merge(s)
    [domestic authorities] pass 1: applied 3 (of which 1 merge(s)), skipped 0, stub orphans swept 0 [8.2s, 8.1s in the model]
    [domestic authorities] pass 2: nothing left to flag - stopping
  [domestic proceedings] results/jurix_phase1/o2_low_ttl/repaired/input.L4.facts.ttl: 13 finding(s) in; model proposed 3 group(s), 29 op(s), 0 merge(s)
    [domestic proceedings] pass 1: applied 29 (of which 0 merge(s)), skipped 9, stub orphans swept 0 [34.4s, 34.4s in the model]
    SKIPPED [doc:proceeding_1 is a 'mega-node' containing multiple distinct proceedings (investigation, first instance, appeal, objection). It must be split into separate nodes.] remove doc:proceeding_1 rdfs:label : applied (7 value(s))
    SKIPPED [doc:proceeding_1 is a 'mega-node' containing multiple distinct proceedings (investigation, first instance, appeal, objection). It must be split into separate nodes.] remove doc:proceeding_1 echr:hasDecisionDate : applied (6 value(s))
    SKIPPED [doc:proceeding_1 is a 'mega-node' containing multiple distinct proceedings (investigation, first instance, appeal, objection). It must be split into separate nodes.] remove doc:proceeding_1 echr:hasCourt : applied (3 value(s))
    SKIPPED [doc:proceeding_1 is a 'mega-node' containing multiple distinct proceedings (investigation, first instance, appeal, objection). It must be split into separate nodes.] remove doc:proceeding_1 echr:hasOutcome : applied (3 value(s))
    SKIPPED [doc:proceeding_1 is a 'mega-node' containing multiple distinct proceedings (investigation, first instance, appeal, objection). It must be split into separate nodes.] remove doc:proceeding_1 echr:hasInstanceLevel : applied (3 value(s))
    SKIPPED [doc:proceeding_1 is a 'mega-node' containing multiple distinct proceedings (investigation, first instance, appeal, objection). It must be split into separate nodes.] remove doc:proceeding_1 echr:hasOutcomeDirection : applied (2 value(s))
    SKIPPED [doc:proceeding_1 is a 'mega-node' containing multiple distinct proceedings (investigation, first instance, appeal, objection). It must be split into separate nodes.] remove doc:proceeding_1 echr:hasProceedingStartDate : applied (2 value(s))
    SKIPPED [doc:proceeding_4 has multiple labels and decision dates.] remove doc:proceeding_4 rdfs:label : applied (2 value(s))
    SKIPPED [doc:proceeding_4 has multiple labels and decision dates.] remove doc:proceeding_4 echr:hasDecisionDate : applied (2 value(s))
    RECOVERED 1 group(s), 1 op(s) from a stalled generation
    [domestic proceedings] pass 2: 4 finding(s) in; model proposed 1 group(s), 1 op(s), 0 merge(s)
    [domestic proceedings] pass 2: applied 1 (of which 0 merge(s)), skipped 0, stub orphans swept 0 [7.7s, 7.7s in the model]
    [domestic proceedings] pass 2: 1 op(s) applied but findings did not fall (4 -> 4) - stopping
    RECOVERED 1 group(s), 1 op(s) from a stalled generation
  [persons and participation] results/jurix_phase1/o2_low_ttl/repaired/input.L4.facts.ttl: 9 finding(s) in; model proposed 1 group(s), 1 op(s), 0 merge(s)
    [persons and participation] pass 1: applied 1 (of which 0 merge(s)), skipped 0, stub orphans swept 0 [8.2s, 8.2s in the model]
    RECOVERED 3 group(s), 1 op(s) from a stalled generation
    [persons and participation] pass 2: 7 finding(s) in; model proposed 3 group(s), 1 op(s), 0 merge(s)
    [persons and participation] pass 2: applied 0 (of which 0 merge(s)), skipped 1, stub orphans swept 0 [24.5s, 24.5s in the model]
    SKIPPED [doc:applicant_1 has multiple rdfs:labels.] remove doc:applicant_1 rdfs:label the applicant: skipped: triple not present
    [persons and participation] pass 2: no operations applied - stopping
  [source quote fidelity] results/jurix_phase1/o2_low_ttl/repaired/input.L4.facts.ttl: nothing flagged
    document total: 83.1s across 5 model call(s) (82.9s in the model)
    wrote results/jurix_phase1/o2_low_ttl/repaired/input.L4.facts.ttl (backup at results/jurix_phase1/o2_low_ttl/repaired/backup/input.L4.facts.ttl)
  [domestic authorities] results/jurix_phase1/o2_low_ttl/repaired/input.L5.facts.ttl: 4 finding(s) in; model proposed 2 group(s), 3 op(s), 4 merge(s)
    [domestic authorities] pass 1: applied 5 (of which 2 merge(s)), skipped 2, stub orphans swept 0 [6.9s, 6.9s in the model]
    SKIPPED merge doc:hqdcb <- doc:authHqdcb: skipped: nodes have different rdf:type
    SKIPPED merge doc:qdcZakarpattya <- doc:qdc_zakarpattya_1: skipped: nodes have different rdf:type
    [domestic authorities] pass 2: nothing left to flag - stopping
  [domestic proceedings] results/jurix_phase1/o2_low_ttl/repaired/input.L5.facts.ttl: 12 finding(s) in; model proposed 6 group(s), 11 op(s), 0 merge(s)
    [domestic proceedings] pass 1: applied 5 (of which 0 merge(s)), skipped 6, stub orphans swept 0 [16.2s, 16.2s in the model]
    SKIPPED [doc:proceeding_1 has multiple instance levels and proceeding types. Quote says 'Disciplinary Chamber of the QDC of Zakarpattya suspended the applicant’s licence', which is a first-instance disciplinary action.] remove doc:proceeding_1 rdfs:label appeals against the decision of 17 April 2013: skipped: triple not present
    SKIPPED [doc:proceeding_1 has multiple instance levels and proceeding types. Quote says 'Disciplinary Chamber of the QDC of Zakarpattya suspended the applicant’s licence', which is a first-instance disciplinary action.] remove doc:proceeding_1 rdfs:label disciplinary proceeding resulting in decision of 17 April 2013: skipped: triple not present
    SKIPPED [doc:proceeding_podilskyy_1 has multiple courts, outcomes, and decision dates.] remove doc:proceeding_podilskyy_1 echr:hasDecisionDate "2017-03-06": skipped: triple not present
    SKIPPED [doc:proceeding_podilskyy_1 has multiple courts, outcomes, and decision dates.] remove doc:proceeding_podilskyy_1 rdfs:label Appeal to Podilskyy District Court: skipped: triple not present
    SKIPPED [doc:proceeding_2 has multiple labels.] remove doc:proceeding_2 rdfs:label Review proceeding 16 May 2013: skipped: triple not present
    SKIPPED [Conflict: both doc:proceeding_supreme_1 and doc:proceeding_kyiv_1 marked as final domestic decision.] remove doc:proceeding_kyiv_1 echr:isFinalDomesticDecision "true": skipped: triple not present
    RECOVERED 1 group(s), 1 op(s) from a stalled generation
    [domestic proceedings] pass 2: 4 finding(s) in; model proposed 1 group(s), 1 op(s), 0 merge(s)
    [domestic proceedings] pass 2: applied 0 (of which 0 merge(s)), skipped 1, stub orphans swept 0 [7.8s, 7.8s in the model]
    SKIPPED [flagged_isFinalDomesticDecision_conflict] remove doc:proceeding_kyiv_1 echr:isFinalDomesticDecision "true": skipped: triple not present
    [domestic proceedings] pass 2: no operations applied - stopping
  [persons and participation] results/jurix_phase1/o2_low_ttl/repaired/input.L5.facts.ttl: 9 finding(s) in; model proposed 3 group(s), 6 op(s), 1 merge(s)
    [persons and participation] pass 1: applied 7 (of which 1 merge(s)), skipped 0, stub orphans swept 0 [21.6s, 21.6s in the model]
    RECOVERED 1 group(s), 1 op(s) from a stalled generation
    [persons and participation] pass 2: 4 finding(s) in; model proposed 1 group(s), 1 op(s), 0 merge(s)
    [persons and participation] pass 2: applied 1 (of which 0 merge(s)), skipped 0, stub orphans swept 0 [5.9s, 5.9s in the model]
    [persons and participation] pass 3: 3 finding(s) in; model proposed 3 group(s), 14 op(s), 0 merge(s)
    [persons and participation] pass 3: applied 14 (of which 0 merge(s)), skipped 0, stub orphans swept 0 [17.6s, 17.6s in the model]
  [source quote fidelity] results/jurix_phase1/o2_low_ttl/repaired/input.L5.facts.ttl: 1 finding(s) in; model proposed 1 group(s), 2 op(s), 0 merge(s)
    [source quote fidelity] pass 1: applied 2 (of which 0 merge(s)), skipped 1, stub orphans swept 0 [3.5s, 3.5s in the model]
    SKIPPED [The quote for doc:proceeding_podilskyy_1 is a concatenation of two separate sentences (paragraphs 22 and 23) and is not a verbatim span.] remove doc:proceeding_podilskyy_1 echr:hasSupportingQuote On an unspecified date in 2016 the applicant also lodged an appeal against the HQDCB’s decision with the Podilskyy District Court of Kyiv. On 22 December 2016 the Podilskyy District Court decided not to examine the applicant’s appeal.: applied (removed 1 quote(s) by index)
    [source quote fidelity] pass 2: nothing left to flag - stopping
    document total: 79.7s across 7 model call(s) (79.5s in the model)
    wrote results/jurix_phase1/o2_low_ttl/repaired/input.L5.facts.ttl (backup at results/jurix_phase1/o2_low_ttl/repaired/backup/input.L5.facts.ttl)
  [domestic authorities] results/jurix_phase1/o2_low_ttl/repaired/input.L6.facts.ttl: nothing flagged
    RECOVERED 1 group(s), 1 op(s) from a stalled generation
  [domestic proceedings] results/jurix_phase1/o2_low_ttl/repaired/input.L6.facts.ttl: 1 finding(s) in; model proposed 1 group(s), 1 op(s), 0 merge(s)
    [domestic proceedings] pass 1: applied 0 (of which 0 merge(s)), skipped 1, stub orphans swept 0 [7.9s, 7.9s in the model]
    SKIPPED [doc:proceeding_1 has multiple labels] remove doc:proceeding_1 rdfs:label "Claim for recovery of debt": skipped: triple not present
    [domestic proceedings] pass 1: no operations applied - stopping
  [persons and participation] results/jurix_phase1/o2_low_ttl/repaired/input.L6.facts.ttl: 7 finding(s) in; model proposed 4 group(s), 33 op(s), 0 merge(s)
    [persons and participation] pass 1: applied 31 (of which 0 merge(s)), skipped 2, stub orphans swept 0 [39.0s, 39.0s in the model]
    SKIPPED [a node with more than one rdfs:label is asserting that two distinct entities are the same one -- split it instead of labelling it twice] remove doc:llc_1 echr:hasPersonName "the director of the LLC": skipped: triple not present
    SKIPPED [a node with more than one rdfs:label is asserting that two distinct entities are the same one -- split it instead of labelling it twice] remove doc:llc_1 rdfs:label "the director of the LLC": skipped: triple not present
    [persons and participation] pass 2: 1 finding(s) in; model proposed 1 group(s), 2 op(s), 0 merge(s)
    [persons and participation] pass 2: applied 2 (of which 0 merge(s)), skipped 0, stub orphans swept 0 [4.2s, 4.2s in the model]
    [persons and participation] pass 2: 2 op(s) applied but findings did not fall (1 -> 1) - stopping
  [source quote fidelity] results/jurix_phase1/o2_low_ttl/repaired/input.L6.facts.ttl: nothing flagged
    document total: 51.3s across 3 model call(s) (51.1s in the model)
    wrote results/jurix_phase1/o2_low_ttl/repaired/input.L6.facts.ttl (backup at results/jurix_phase1/o2_low_ttl/repaired/backup/input.L6.facts.ttl)
  [domestic authorities] results/jurix_phase1/o2_low_ttl/repaired/input.L7.facts.ttl: 2 finding(s) in; model proposed 2 group(s), 2 op(s), 0 merge(s)
    [domestic authorities] pass 1: applied 2 (of which 0 merge(s)), skipped 0, stub orphans swept 0 [4.0s, 4.0s in the model]
    [domestic authorities] pass 2: nothing left to flag - stopping
  [domestic proceedings] results/jurix_phase1/o2_low_ttl/repaired/input.L7.facts.ttl: 4 finding(s) in; model proposed 5 group(s), 6 op(s), 0 merge(s)
    [domestic proceedings] pass 1: applied 3 (of which 0 merge(s)), skipped 3, stub orphans swept 0 [10.9s, 10.9s in the model]
    SKIPPED [doc:trial_1 has multiple rdfs:label values] remove doc:trial_1 rdfs:label First Instance Trial: skipped: triple not present
    SKIPPED [doc:trial_1 has multiple rdfs:label values] remove doc:trial_1 rdfs:label trial of the applicant: skipped: triple not present
    SKIPPED [doc:appeal_1 has multiple rdfs:label values] remove doc:appeal_1 rdfs:label Court of Appeal Proceeding: skipped: triple not present
    RECOVERED 1 group(s), 1 op(s) from a stalled generation
    [domestic proceedings] pass 2: 2 finding(s) in; model proposed 1 group(s), 1 op(s), 0 merge(s)
    [domestic proceedings] pass 2: applied 0 (of which 0 merge(s)), skipped 1, stub orphans swept 0 [6.7s, 6.7s in the model]
    SKIPPED [doc:appeal_1 has multiple labels] remove doc:appeal_1 rdfs:label Court of Appeal Proceeding: skipped: triple not present
    [domestic proceedings] pass 2: no operations applied - stopping
    RECOVERED 1 group(s), 1 op(s) from a stalled generation
  [persons and participation] results/jurix_phase1/o2_low_ttl/repaired/input.L7.facts.ttl: 5 finding(s) in; model proposed 1 group(s), 1 op(s), 0 merge(s)
    [persons and participation] pass 1: applied 1 (of which 0 merge(s)), skipped 0, stub orphans swept 0 [7.4s, 7.4s in the model]
    [persons and participation] pass 2: 3 finding(s) in; model proposed 6 group(s), 11 op(s), 0 merge(s)
    [persons and participation] pass 2: applied 11 (of which 0 merge(s)), skipped 0, stub orphans swept 0 [16.3s, 16.3s in the model]
    [persons and participation] pass 3: 1 finding(s) in; model proposed 2 group(s), 9 op(s), 0 merge(s)
    [persons and participation] pass 3: applied 9 (of which 0 merge(s)), skipped 0, stub orphans swept 0 [11.9s, 11.9s in the model]
  [source quote fidelity] results/jurix_phase1/o2_low_ttl/repaired/input.L7.facts.ttl: 1 finding(s) in; model proposed 1 group(s), 2 op(s), 0 merge(s)
    [source quote fidelity] pass 1: applied 2 (of which 0 merge(s)), skipped 1, stub orphans swept 0 [7.0s, 7.0s in the model]
    SKIPPED [The quote 'the defence case was that' is not a verbatim span in the source text. The actual sentence begins 'The defence case was that, although...'.] remove doc:participation_applicant_1 echr:hasSupportingQuote the defence case was that: applied (removed 1 quote(s) by index)
    [source quote fidelity] pass 2: nothing left to flag - stopping
    document total: 64.5s across 7 model call(s) (64.2s in the model)
    wrote results/jurix_phase1/o2_low_ttl/repaired/input.L7.facts.ttl (backup at results/jurix_phase1/o2_low_ttl/repaired/backup/input.L7.facts.ttl)
    RECOVERED 1 group(s), 1 op(s) from a stalled generation
  [domestic authorities] results/jurix_phase1/o2_low_ttl/repaired/input.L8.facts.ttl: 8 finding(s) in; model proposed 1 group(s), 1 op(s), 0 merge(s)
    [domestic authorities] pass 1: applied 0 (of which 0 merge(s)), skipped 1, stub orphans swept 0 [5.1s, 5.0s in the model]
    SKIPPED [a node with more than one rdfs:label is asserting that two distinct entities are the same one -- split it instead of labelling it twice] remove doc:nnProsecutorOffice rdfs:label "Nizhniy Novgorod prosecutor’s office": skipped: triple not present
    [domestic authorities] pass 1: no operations applied - stopping
  [domestic proceedings] results/jurix_phase1/o2_low_ttl/repaired/input.L8.facts.ttl: 22 finding(s) in; model proposed 5 group(s), 29 op(s), 1 merge(s)
    [domestic proceedings] pass 1: applied 21 (of which 1 merge(s)), skipped 9, stub orphans swept 0 [37.8s, 37.7s in the model]
    SKIPPED [doc:proceeding_2 is a conflation of a Supreme Court appeal and a second trial at the Regional Court.] remove doc:proceeding_2 rdfs:label appeal to Supreme Court: skipped: triple not present
    SKIPPED [doc:proceeding_2 is a conflation of a Supreme Court appeal and a second trial at the Regional Court.] remove doc:proceeding_2 echr:hasDecisionDate 1997-07: skipped: triple not present
    SKIPPED [doc:proceeding_3 is a conflation of the retrial and the subsequent cassation appeal.] remove doc:proceeding_3 rdfs:label retrial of Klimentyev: skipped: triple not present
    SKIPPED [doc:admin_action_1 conflates two different administrative actions.] remove doc:admin_action_1 rdfs:label electoral committee decision: skipped: triple not present
    SKIPPED [doc:admin_action_1 conflates two different administrative actions.] remove doc:admin_action_1 echr:hasDecisionDate 1998-04-01: skipped: triple not present
    SKIPPED [doc:trialProceeding has multiple labels and decision dates.] remove doc:trialProceeding echr:hasDecisionDate 1998-06-03: skipped: triple not present
    SKIPPED [doc:trialProceeding has multiple labels and decision dates.] remove doc:trialProceeding rdfs:label Nizhniy Novgorod Regional Court Trial: skipped: triple not present
    SKIPPED [doc:trialProceeding has multiple labels and decision dates.] remove doc:trialProceeding rdfs:label trial proceeding: skipped: triple not present
    SKIPPED [doc:trialProceeding has multiple labels and decision dates.] remove doc:trialProceeding rdfs:label trial in Nizhniy Novgorod: skipped: triple not present
    [domestic proceedings] pass 2: 9 finding(s) in; model proposed 6 group(s), 16 op(s), 2 merge(s)
    [domestic proceedings] pass 2: applied 15 (of which 2 merge(s)), skipped 3, stub orphans swept 0 [25.3s, 25.2s in the model]
    SKIPPED [doc:admin_action_1 contains two distinct events (freezing of proceeds and electoral committee decision) with different dates, labels, and authorities.] remove doc:admin_action_1 echr:hasDecisionDate 1998-04-01: skipped: triple not present
    SKIPPED [doc:proceeding_2 conflates a 1997 Supreme Court decision and a 1998 Regional Court retrial.] remove doc:proceeding_2 echr:hasDecisionDate 1997-07: skipped: triple not present
    SKIPPED [doc:trialProceeding has multiple decision dates.] remove doc:trialProceeding echr:hasDecisionDate 1998-06-03: skipped: triple not present
    [domestic proceedings] pass 3: 3 finding(s) in; model proposed 3 group(s), 4 op(s), 0 merge(s)
    [domestic proceedings] pass 3: applied 2 (of which 0 merge(s)), skipped 2, stub orphans swept 0 [7.5s, 7.5s in the model]
    SKIPPED [a domestic event may have at most one decision date] remove doc:admin_action_1 echr:hasDecisionDate 1998-04-01: skipped: triple not present
    SKIPPED [a domestic event may have at most one decision date] remove doc:trialProceeding echr:hasDecisionDate 1998-06-03: skipped: triple not present
  [persons and participation] results/jurix_phase1/o2_low_ttl/repaired/input.L8.facts.ttl: 16 finding(s) in; model proposed 7 group(s), 19 op(s), 0 merge(s)
    [persons and participation] pass 1: applied 18 (of which 0 merge(s)), skipped 1, stub orphans swept 0 [26.7s, 26.7s in the model]
    SKIPPED [doc:lawyerK has multiple labels] remove doc:lawyerK rdfs:label "Mr. K.": skipped: triple not present
    RECOVERED 1 group(s), 1 op(s) from a stalled generation
    [persons and participation] pass 2: 11 finding(s) in; model proposed 1 group(s), 1 op(s), 0 merge(s)
    [persons and participation] pass 2: applied 0 (of which 0 merge(s)), skipped 1, stub orphans swept 0 [7.0s, 7.0s in the model]
    SKIPPED [a node with more than one rdfs:label is asserting that two distinct entities are the same one -- split it instead of labelling it twice] remove doc:lawyerK rdfs:label Mr K.: skipped: triple not present
    [persons and participation] pass 2: no operations applied - stopping
    RECOVERED 1 group(s), 2 op(s) from a stalled generation
  [source quote fidelity] results/jurix_phase1/o2_low_ttl/repaired/input.L8.facts.ttl: 8 finding(s) in; model proposed 1 group(s), 2 op(s), 0 merge(s)
    [source quote fidelity] pass 1: applied 1 (of which 0 merge(s)), skipped 2, stub orphans swept 0 [12.5s, 12.5s in the model]
    SKIPPED [The quote for doc:participation_zhanto_1 is a fragment that does not appear verbatim in the source text. It is a paraphrase of a sentence mentioning the companies.] remove doc:participation_zhanto_1 echr:hasSupportingQuote civil claims by the latter three companies, “Zhanto”: applied (removed 1 quote(s) by index)
    SKIPPED [The quote for doc:participation_zhanto_1 is a fragment that does not appear verbatim in the source text. It is a paraphrase of a sentence mentioning the companies.] add doc:participation_zhanto_1 echr:hasSupportingQuote the court also granted civil claims for damages by the shipyard “Oka” and three other companies, “Zhanto”, “NL TOP” and “Slot”.: skipped: quote does not appear verbatim in the source document
    [source quote fidelity] pass 2: 3 finding(s) in; model proposed 3 group(s), 6 op(s), 0 merge(s)
    [source quote fidelity] pass 2: applied 5 (of which 0 merge(s)), skipped 4, stub orphans swept 0 [7.1s, 7.1s in the model]
    SKIPPED [The quote for doc:participationApplicantSupreme is a slight paraphrase; it should be 'The applicant requested permission to attend the hearing in the Supreme Court in person'.] remove doc:participationApplicantSupreme echr:hasSupportingQuote the applicant requested permission to attend the hearing in the Supreme Court in person: applied (removed 1 quote(s) by index)
    SKIPPED [The quote 'the applicant was also convicted' for doc:participation_applicant_1 is a fragment that appears in several places, but as a verbatim span it is found within the description of the convictions.] remove doc:participation_applicant_1 echr:hasSupportingQuote the applicant was also convicted: applied (removed 1 quote(s) by index)
    SKIPPED [The quote 'the applicant was also convicted' for doc:participation_applicant_1 is a fragment that appears in several places, but as a verbatim span it is found within the description of the convictions.] add doc:participation_applicant_1 echr:hasSupportingQuote the applicant was also convicted: skipped: quote does not appear verbatim in the source document
    SKIPPED [The quote for doc:participation_oka_1 is a slight paraphrase; it should be 'The court also granted civil claims for damages by the shipyard “Oka”'.] remove doc:participation_oka_1 echr:hasSupportingQuote the court also granted civil claims for damages by the shipyard “Oka”: applied (removed 1 quote(s) by index)
    [source quote fidelity] pass 3: nothing left to flag - stopping
    document total: 129.2s across 8 model call(s) (128.7s in the model)
    wrote results/jurix_phase1/o2_low_ttl/repaired/input.L8.facts.ttl (backup at results/jurix_phase1/o2_low_ttl/repaired/backup/input.L8.facts.ttl)
    RECOVERED 1 group(s), 1 op(s) from a stalled generation
  [domestic authorities] results/jurix_phase1/o2_low_ttl/repaired/input.L9.facts.ttl: 6 finding(s) in; model proposed 1 group(s), 1 op(s), 0 merge(s)
    [domestic authorities] pass 1: applied 0 (of which 0 merge(s)), skipped 1, stub orphans swept 0 [6.9s, 6.9s in the model]
    SKIPPED [a node with more than one rdfs:label is asserting that two distinct entities are the same one -- split it instead of labelling it twice] remove doc:courtFirstInstance rdfs:label "court of first instance": skipped: triple not present
    [domestic authorities] pass 1: no operations applied - stopping
  [domestic proceedings] results/jurix_phase1/o2_low_ttl/repaired/input.L9.facts.ttl: 5 finding(s) in; model proposed 3 group(s), 5 op(s), 0 merge(s)
    [domestic proceedings] pass 1: applied 5 (of which 0 merge(s)), skipped 0, stub orphans swept 0 [13.3s, 13.3s in the model]
    [domestic proceedings] pass 2: nothing left to flag - stopping
  [persons and participation] results/jurix_phase1/o2_low_ttl/repaired/input.L9.facts.ttl: 1 finding(s) in; model proposed 6 group(s), 10 op(s), 0 merge(s)
    [persons and participation] pass 1: applied 10 (of which 0 merge(s)), skipped 0, stub orphans swept 0 [15.9s, 15.9s in the model]
    [persons and participation] pass 2: 0 finding(s) in; model proposed 5 group(s), 0 op(s), 0 merge(s)
    [persons and participation] pass 2: applied 0 (of which 0 merge(s)), skipped 0, stub orphans swept 0 [4.9s, 4.9s in the model]
    [persons and participation] pass 2: no operations applied - stopping
  [source quote fidelity] results/jurix_phase1/o2_low_ttl/repaired/input.L9.facts.ttl: 1 finding(s) in; model proposed 1 group(s), 2 op(s), 0 merge(s)
    [source quote fidelity] pass 1: applied 2 (of which 0 merge(s)), skipped 1, stub orphans swept 0 [2.8s, 2.8s in the model]
    SKIPPED [The quote 'during the trial at the first-instance court' contains a hyphenation ('first-instance') that does not appear in the source text, which uses 'first ‑ instance' (with spaces and a non-standard hyphen/dash).] remove doc:trial_first_instance_1 echr:hasSupportingQuote during the trial at the first-instance court: applied (removed 1 quote(s) by index)
    [source quote fidelity] pass 2: nothing left to flag - stopping
    document total: 44.0s across 5 model call(s) (43.8s in the model)
    wrote results/jurix_phase1/o2_low_ttl/repaired/input.L9.facts.ttl (backup at results/jurix_phase1/o2_low_ttl/repaired/backup/input.L9.facts.ttl)

  repair total: 969.4s over 10 document(s), 60 model call(s) (966.1s in the model, 3.3s deterministic)
    authorities      9 call(s)     83.1s  (82.5s in the model)
    proceedings     21 call(s)    505.0s  (504.6s in the model)
    persons         22 call(s)    330.0s  (329.8s in the model)
    quotes           8 call(s)     49.2s  (49.2s in the model)

phase 2 done in 1271.0s

--- phase 3: SHACL gate -> results/jurix_phase1/o2_low_ttl/repaired ---

repaired  (results/jurix_phase1/o2_low_ttl/repaired)
  file                          conforms  violations  warnings
  input.L1.facts.ttl               False           9         0
  input.L10.facts.ttl              False          22         0
  input.L2.facts.ttl               False           5         0
  input.L3.facts.ttl               False          20         0
  input.L4.facts.ttl               False           8         3
  input.L5.facts.ttl               False           5         0
  input.L6.facts.ttl               False           2         0
  input.L7.facts.ttl               False           2         0
  input.L8.facts.ttl               False          21         0
  input.L9.facts.ttl               False           6         0
  TOTAL                             0/10         100         3

phase 3 done in 139.0s

timings -> results/jurix_phase1/o2_low_ttl/timings.json

############################################################
# o2_low_jsonld  (native, chunk 3000/6000, max_visits 1, jsonld)
############################################################

--- phase 1: extraction (native) -> results/jurix_phase1/o2_low_jsonld/raw ---
Warning: You are sending unauthenticated requests to the HF Hub. Please set a HF_TOKEN to enable higher rate limits and faster downloads.

Loading weights:   0%|          | 0/199 [00:00<?, ?it/s]
Loading weights: 100%|██████████| 199/199 [00:00<00:00, 10237.41it/s]

Batches:   0%|          | 0/4 [00:00<?, ?it/s]
Batches:  25%|██▌       | 1/4 [00:00<00:01,  1.51it/s]
Batches:  50%|█████     | 2/4 [00:01<00:01,  1.75it/s]
Batches:  75%|███████▌  | 3/4 [00:01<00:00,  1.87it/s]
Batches: 100%|██████████| 4/4 [00:01<00:00,  2.31it/s]

Batches:   0%|          | 0/4 [00:00<?, ?it/s]
Batches:  25%|██▌       | 1/4 [00:00<00:02,  1.43it/s]
Batches:  50%|█████     | 2/4 [00:01<00:01,  1.51it/s]
Batches:  75%|███████▌  | 3/4 [00:01<00:00,  1.75it/s]
Batches: 100%|██████████| 4/4 [00:01<00:00,  2.14it/s]

total wall time: 11.1m  (2026-08-24T16:37:13+00:00 -> 2026-08-24T16:48:17+00:00)
response_repair: 0 recovered, turtle_repair: 0 recovered, 0 unrecovered parse failure(s), 0 chunk render failure(s) logged

INCOMPLETE: 1/10 document(s) lost content (2 unit(s) total). These files exist and look clean; they are missing text:
    input.L10        2/11 unit(s) lost (18%)  [partial]
report written to /home/dahrb/Projects/article_6/domestic_proceedings/results/jurix_phase1/o2_low_jsonld/extract_report.json

phase 1 done: 10 facts file(s) in 668.7s

--- phase 2: staged repair -> results/jurix_phase1/o2_low_jsonld/repaired ---
repairing 10 file(s) under results/jurix_phase1/o2_low_jsonld/repaired
  model: gemma-4-31b @ http://localhost:8000/v1 (temperature 0.4, timeout 300.0s)
  source text: results/jurix_phase1/input.jsonl (quote stage enabled)
  [domestic authorities] results/jurix_phase1/o2_low_jsonld/repaired/input.L1.facts.ttl: 9 finding(s) in; model proposed 4 group(s), 4 op(s), 0 merge(s)
    [domestic authorities] pass 1: applied 4 (of which 0 merge(s)), skipped 0, stub orphans swept 0 [10.1s, 10.0s in the model]
    [domestic authorities] pass 2: 5 finding(s) in; model proposed 2 group(s), 2 op(s), 0 merge(s)
    [domestic authorities] pass 2: applied 1 (of which 0 merge(s)), skipped 1, stub orphans swept 0 [7.1s, 7.1s in the model]
    SKIPPED [a node with more than one rdfs:label is asserting that two distinct entities are the same one -- split it instead of labelling it twice] remove doc:directorPastra rdfs:label "the Director": skipped: triple not present
    RECOVERED 1 group(s), 1 op(s) from a stalled generation
    [domestic authorities] pass 3: 4 finding(s) in; model proposed 1 group(s), 1 op(s), 0 merge(s)
    [domestic authorities] pass 3: applied 0 (of which 0 merge(s)), skipped 1, stub orphans swept 0 [6.9s, 6.9s in the model]
    SKIPPED [a node with more than one rdfs:label is asserting that two distinct entities are the same one -- split it instead of labelling it twice] remove doc:prosecutorRuse rdfs:label "regional prosecutor": skipped: triple not present
    [domestic authorities] pass 3: no operations applied - stopping
  [domestic proceedings] results/jurix_phase1/o2_low_jsonld/repaired/input.L1.facts.ttl: 4 finding(s) in; model proposed 5 group(s), 14 op(s), 0 merge(s)
    [domestic proceedings] pass 1: applied 12 (of which 0 merge(s)), skipped 2, stub orphans swept 0 [21.8s, 21.8s in the model]
    SKIPPED [doc:admin_action_1 is a conflation of two distinct administrative events: the appointment of a guardian by the Ruse Municipal Council (2002) and the mayor of Rila's refusal (2005). These have different dates, courts, and labels.] remove doc:admin_action_1 echr:hasDecisionDate "2005-09-16": skipped: triple not present
    SKIPPED [doc:admin_action_1 is a conflation of two distinct administrative events: the appointment of a guardian by the Ruse Municipal Council (2002) and the mayor of Rila's refusal (2005). These have different dates, courts, and labels.] remove doc:admin_action_1 rdfs:label "mayor of Rila's refusal to bring court action": skipped: triple not present
    [domestic proceedings] pass 2: 2 finding(s) in; model proposed 2 group(s), 2 op(s), 0 merge(s)
    [domestic proceedings] pass 2: applied 0 (of which 0 merge(s)), skipped 2, stub orphans swept 0 [6.0s, 6.0s in the model]
    SKIPPED [doc:admin_action_1 has multiple labels and decision dates, indicating it conflates two distinct events: the appointment of a guardian by the Ruse Municipal Council and the mayor of Rila's refusal.] remove doc:admin_action_1 rdfs:label mayor of Rila's refusal to bring court action: skipped: triple not present
    SKIPPED [doc:admin_action_1 has multiple labels and decision dates, indicating it conflates two distinct events: the appointment of a guardian by the Ruse Municipal Council and the mayor of Rila's refusal.] remove doc:admin_action_1 echr:hasDecisionDate 2005-09-16: skipped: triple not present
    [domestic proceedings] pass 2: no operations applied - stopping
    RECOVERED 1 group(s), 1 op(s) from a stalled generation
  [persons and participation] results/jurix_phase1/o2_low_jsonld/repaired/input.L1.facts.ttl: 15 finding(s) in; model proposed 1 group(s), 1 op(s), 0 merge(s)
    [persons and participation] pass 1: applied 1 (of which 0 merge(s)), skipped 0, stub orphans swept 0 [7.4s, 7.4s in the model]
    RECOVERED 6 group(s), 7 op(s) from a stalled generation
    [persons and participation] pass 2: 12 finding(s) in; model proposed 6 group(s), 7 op(s), 0 merge(s)
    [persons and participation] pass 2: applied 5 (of which 0 merge(s)), skipped 2, stub orphans swept 0 [34.2s, 34.2s in the model]
    SKIPPED [doc:guardian_1 has multiple labels] remove doc:guardian_1 rdfs:label "the guardian": skipped: triple not present
    SKIPPED [doc:directorPastra has multiple labels] remove doc:directorPastra rdfs:label "the Director": skipped: triple not present
    RECOVERED 5 group(s), 32 op(s) from a stalled generation
    [persons and participation] pass 3: 11 finding(s) in; model proposed 5 group(s), 32 op(s), 0 merge(s)
    [persons and participation] pass 3: applied 30 (of which 0 merge(s)), skipped 2, stub orphans swept 0 [78.2s, 78.1s in the model]
    SKIPPED [doc:guardian_1 has multiple rdfs:labels.] remove doc:guardian_1 rdfs:label "the guardian": skipped: triple not present
    SKIPPED [doc:directorPastra has multiple rdfs:labels.] remove doc:directorPastra rdfs:label "the Director": skipped: triple not present
    RECOVERED 1 group(s), 2 op(s) from a stalled generation
  [source quote fidelity] results/jurix_phase1/o2_low_jsonld/repaired/input.L1.facts.ttl: 1 finding(s) in; model proposed 1 group(s), 2 op(s), 0 merge(s)
    [source quote fidelity] pass 1: applied 2 (of which 0 merge(s)), skipped 1, stub orphans swept 0 [8.6s, 8.6s in the model]
    SKIPPED [The quote for doc:lawyer_1 is a paraphrase/fragment and does not appear verbatim in the source text.] remove doc:lawyer_1 echr:hasSupportingQuote the applicant’s lawyer challenged the refusal... arguing that her client: applied (removed 1 quote(s) by index)
    [source quote fidelity] pass 2: nothing left to flag - stopping
    document total: 180.5s across 9 model call(s) (180.1s in the model)
    wrote results/jurix_phase1/o2_low_jsonld/repaired/input.L1.facts.ttl (backup at results/jurix_phase1/o2_low_jsonld/repaired/backup/input.L1.facts.ttl)
    RECOVERED 2 group(s), 1 op(s) from a stalled generation
  [domestic authorities] results/jurix_phase1/o2_low_jsonld/repaired/input.L10.facts.ttl: 4 finding(s) in; model proposed 2 group(s), 1 op(s), 0 merge(s)
    [domestic authorities] pass 1: applied 1 (of which 0 merge(s)), skipped 0, stub orphans swept 0 [16.9s, 16.8s in the model]
    RECOVERED 2 group(s), 1 op(s) from a stalled generation
    [domestic authorities] pass 2: 3 finding(s) in; model proposed 2 group(s), 1 op(s), 0 merge(s)
    [domestic authorities] pass 2: applied 0 (of which 0 merge(s)), skipped 1, stub orphans swept 0 [7.8s, 7.8s in the model]
    SKIPPED [doc:brusselsCourtOfAppeal has multiple rdfs:labels.] remove doc:brusselsCourtOfAppeal rdfs:label Court of Appeal: skipped: triple not present
    [domestic authorities] pass 2: no operations applied - stopping
    RECOVERED 1 group(s), 1 op(s) from a stalled generation
  [domestic proceedings] results/jurix_phase1/o2_low_jsonld/repaired/input.L10.facts.ttl: 23 finding(s) in; model proposed 1 group(s), 1 op(s), 0 merge(s)
    [domestic proceedings] pass 1: applied 1 (of which 0 merge(s)), skipped 0, stub orphans swept 0 [9.4s, 9.3s in the model]
    [domestic proceedings] pass 1: 1 op(s) applied but findings did not fall (15 -> 15) - stopping
    RECOVERED 8 group(s), 14 op(s) from a stalled generation
  [persons and participation] results/jurix_phase1/o2_low_jsonld/repaired/input.L10.facts.ttl: 16 finding(s) in; model proposed 8 group(s), 14 op(s), 0 merge(s)
    [persons and participation] pass 1: applied 14 (of which 0 merge(s)), skipped 8, stub orphans swept 0 [57.9s, 57.9s in the model]
    SKIPPED [doc:participation_1, doc:participation_2, doc:participation_3, and doc:participation_4 are severely malformed: they link multiple parties and multiple sides, and are linked to multiple events. This violates the core definition of echr:Participation. I will clear their properties to stop the contradictions, as they are essentially 'junk' nodes that collapsed multiple distinct participations.] remove doc:participation_1 echr:participatingParty : applied (4 value(s))
    SKIPPED [doc:participation_1, doc:participation_2, doc:participation_3, and doc:participation_4 are severely malformed: they link multiple parties and multiple sides, and are linked to multiple events. This violates the core definition of echr:Participation. I will clear their properties to stop the contradictions, as they are essentially 'junk' nodes that collapsed multiple distinct participations.] remove doc:participation_1 echr:hasPartySide : applied (1 value(s))
    SKIPPED [doc:participation_1, doc:participation_2, doc:participation_3, and doc:participation_4 are severely malformed: they link multiple parties and multiple sides, and are linked to multiple events. This violates the core definition of echr:Participation. I will clear their properties to stop the contradictions, as they are essentially 'junk' nodes that collapsed multiple distinct participations.] remove doc:participation_2 echr:participatingParty : applied (4 value(s))
    SKIPPED [doc:participation_1, doc:participation_2, doc:participation_3, and doc:participation_4 are severely malformed: they link multiple parties and multiple sides, and are linked to multiple events. This violates the core definition of echr:Participation. I will clear their properties to stop the contradictions, as they are essentially 'junk' nodes that collapsed multiple distinct participations.] remove doc:participation_2 echr:hasPartySide : applied (2 value(s))
    SKIPPED [doc:participation_1, doc:participation_2, doc:participation_3, and doc:participation_4 are severely malformed: they link multiple parties and multiple sides, and are linked to multiple events. This violates the core definition of echr:Participation. I will clear their properties to stop the contradictions, as they are essentially 'junk' nodes that collapsed multiple distinct participations.] remove doc:participation_3 echr:participatingParty : applied (5 value(s))
    SKIPPED [doc:participation_1, doc:participation_2, doc:participation_3, and doc:participation_4 are severely malformed: they link multiple parties and multiple sides, and are linked to multiple events. This violates the core definition of echr:Participation. I will clear their properties to stop the contradictions, as they are essentially 'junk' nodes that collapsed multiple distinct participations.] remove doc:participation_3 echr:hasPartySide : applied (2 value(s))
    SKIPPED [doc:participation_1, doc:participation_2, doc:participation_3, and doc:participation_4 are severely malformed: they link multiple parties and multiple sides, and are linked to multiple events. This violates the core definition of echr:Participation. I will clear their properties to stop the contradictions, as they are essentially 'junk' nodes that collapsed multiple distinct participations.] remove doc:participation_4 echr:participatingParty : applied (3 value(s))
    SKIPPED [doc:participation_1, doc:participation_2, doc:participation_3, and doc:participation_4 are severely malformed: they link multiple parties and multiple sides, and are linked to multiple events. This violates the core definition of echr:Participation. I will clear their properties to stop the contradictions, as they are essentially 'junk' nodes that collapsed multiple distinct participations.] remove doc:participation_4 echr:hasPartySide : applied (2 value(s))
    [persons and participation] pass 2: 12 finding(s) in; model proposed 7 group(s), 30 op(s), 2 merge(s)
    [persons and participation] pass 2: applied 33 (of which 2 merge(s)), skipped 0, stub orphans swept 1 [38.9s, 38.8s in the model]
    [persons and participation] pass 3: 5 finding(s) in; model proposed 5 group(s), 18 op(s), 0 merge(s)
    [persons and participation] pass 3: applied 18 (of which 0 merge(s)), skipped 0, stub orphans swept 0 [24.8s, 24.8s in the model]
  [source quote fidelity] results/jurix_phase1/o2_low_jsonld/repaired/input.L10.facts.ttl: 1 finding(s) in; model proposed 1 group(s), 2 op(s), 0 merge(s)
    [source quote fidelity] pass 1: applied 2 (of which 0 merge(s)), skipped 1, stub orphans swept 0 [4.6s, 4.6s in the model]
    SKIPPED [The quote for doc:visa_application_2 is a paraphrase of paragraph 13. The source text is 'The applicants subsequently submitted such an application, which was rejected by the Belgian authorities in December 2016'. Wait, looking closer at the source text: 'The applicants subsequently submitted such an application, which was rejected by the Belgian authorities in December 2016'. The quote provided in the graph is actually verbatim, but it might have been flagged due to a minor character difference or the validator's sensitivity. Let me re-verify. Source: 'The applicants subsequently submitted such an application, which was rejected by the Belgian authorities in December 2016'. Graph quote: 'the applicants subsequently submitted such an application, which was rejected by the Belgian authorities in December 2016'. The difference is the leading lowercase 't'. I will correct it to match the source exactly.] remove doc:visa_application_2 echr:hasSupportingQuote the applicants subsequently submitted such an application, which was rejected by the Belgian authorities in December 2016: applied (removed 1 quote(s) by index)
    [source quote fidelity] pass 2: nothing left to flag - stopping
    document total: 160.5s across 7 model call(s) (160.0s in the model)
    wrote results/jurix_phase1/o2_low_jsonld/repaired/input.L10.facts.ttl (backup at results/jurix_phase1/o2_low_jsonld/repaired/backup/input.L10.facts.ttl)
  [domestic authorities] results/jurix_phase1/o2_low_jsonld/repaired/input.L2.facts.ttl: 3 finding(s) in; model proposed 2 group(s), 5 op(s), 0 merge(s)
    [domestic authorities] pass 1: applied 1 (of which 0 merge(s)), skipped 4, stub orphans swept 0 [7.6s, 7.6s in the model]
    SKIPPED [a node with more than one rdfs:label is asserting that two distinct entities are the same one -- split it instead of labelling it twice] remove doc:labourCourtGermany rdfs:label "Labour Court": skipped: triple not present
    SKIPPED [a node with more than one rdfs:label is asserting that two distinct entities are the same one -- split it instead of labelling it twice] remove doc:labourCourtGermany rdfs:label "labour court": skipped: triple not present
    SKIPPED [a node with more than one rdfs:label is asserting that two distinct entities are the same one -- split it instead of labelling it twice] remove doc:labourCourtGermany echr:hasAuthorityName "Labour Court": skipped: triple not present
    SKIPPED [a node with more than one rdfs:label is asserting that two distinct entities are the same one -- split it instead of labelling it twice] remove doc:labourCourtGermany echr:hasAuthorityName "labour court": skipped: triple not present
    [domestic authorities] pass 2: 2 finding(s) in; model proposed 1 group(s), 4 op(s), 0 merge(s)
    [domestic authorities] pass 2: applied 0 (of which 0 merge(s)), skipped 4, stub orphans swept 0 [5.9s, 5.9s in the model]
    SKIPPED [doc:labourCourtGermany has multiple values for echr:hasAuthorityName and rdfs:label. The supporting quote mentions 'the German labour courts' generally, but the values include a specific court ('Darmstadt Labour Court'). I will keep the most specific name as the primary identifier.] remove doc:labourCourtGermany echr:hasAuthorityName "labour court": skipped: triple not present
    SKIPPED [doc:labourCourtGermany has multiple values for echr:hasAuthorityName and rdfs:label. The supporting quote mentions 'the German labour courts' generally, but the values include a specific court ('Darmstadt Labour Court'). I will keep the most specific name as the primary identifier.] remove doc:labourCourtGermany echr:hasAuthorityName "Labour Court": skipped: triple not present
    SKIPPED [doc:labourCourtGermany has multiple values for echr:hasAuthorityName and rdfs:label. The supporting quote mentions 'the German labour courts' generally, but the values include a specific court ('Darmstadt Labour Court'). I will keep the most specific name as the primary identifier.] remove doc:labourCourtGermany rdfs:label "labour court": skipped: triple not present
    SKIPPED [doc:labourCourtGermany has multiple values for echr:hasAuthorityName and rdfs:label. The supporting quote mentions 'the German labour courts' generally, but the values include a specific court ('Darmstadt Labour Court'). I will keep the most specific name as the primary identifier.] remove doc:labourCourtGermany rdfs:label "Labour Court": skipped: triple not present
    [domestic authorities] pass 2: no operations applied - stopping
    RECOVERED 1 group(s), 1 op(s) from a stalled generation
  [domestic proceedings] results/jurix_phase1/o2_low_jsonld/repaired/input.L2.facts.ttl: 2 finding(s) in; model proposed 1 group(s), 1 op(s), 0 merge(s)
    [domestic proceedings] pass 1: applied 1 (of which 0 merge(s)), skipped 0, stub orphans swept 0 [7.0s, 7.0s in the model]
    [domestic proceedings] pass 1: 1 op(s) applied but findings did not fall (2 -> 2) - stopping
  [persons and participation] results/jurix_phase1/o2_low_jsonld/repaired/input.L2.facts.ttl: 8 finding(s) in; model proposed 9 group(s), 13 op(s), 3 merge(s)
    [persons and participation] pass 1: applied 14 (of which 3 merge(s)), skipped 2, stub orphans swept 0 [18.8s, 18.8s in the model]
    SKIPPED [doc:firstApplicant has multiple rdfs:labels] remove doc:firstApplicant rdfs:label first applicant: skipped: triple not present
    SKIPPED [doc:firstApplicant has multiple names] remove doc:firstApplicant echr:hasPersonName first applicant: skipped: triple not present
    RECOVERED 1 group(s), 1 op(s) from a stalled generation
    [persons and participation] pass 2: 3 finding(s) in; model proposed 1 group(s), 1 op(s), 0 merge(s)
    [persons and participation] pass 2: applied 0 (of which 0 merge(s)), skipped 1, stub orphans swept 0 [6.3s, 6.3s in the model]
    SKIPPED [doc:firstApplicant has multiple rdfs:labels] remove doc:firstApplicant rdfs:label first applicant: skipped: triple not present
    [persons and participation] pass 2: no operations applied - stopping
  [source quote fidelity] results/jurix_phase1/o2_low_jsonld/repaired/input.L2.facts.ttl: 1 finding(s) in; model proposed 1 group(s), 2 op(s), 0 merge(s)
    [source quote fidelity] pass 1: applied 1 (of which 0 merge(s)), skipped 2, stub orphans swept 0 [7.9s, 7.9s in the model]
    SKIPPED [The quote 'Mr Philip Regan is a British national' is a paraphrase. The verbatim text in the source is 'Mr Philip Regan is a British national, born in 1960 and resident in London in the United Kingdom.'] remove doc:philipRegan echr:hasSupportingQuote Mr Philip Regan is a British national: applied (removed 1 quote(s) by index)
    SKIPPED [The quote 'Mr Philip Regan is a British national' is a paraphrase. The verbatim text in the source is 'Mr Philip Regan is a British national, born in 1960 and resident in London in the United Kingdom.'] add doc:philipRegan echr:hasSupportingQuote Mr Philip Regan is a British national, born in 1960 and resident in London in the United Kingdom.: skipped: quote does not appear verbatim in the source document
    [source quote fidelity] pass 2: nothing left to flag - stopping
    document total: 53.7s across 6 model call(s) (53.5s in the model)
    wrote results/jurix_phase1/o2_low_jsonld/repaired/input.L2.facts.ttl (backup at results/jurix_phase1/o2_low_jsonld/repaired/backup/input.L2.facts.ttl)
  [domestic authorities] results/jurix_phase1/o2_low_jsonld/repaired/input.L3.facts.ttl: 8 finding(s) in; model proposed 2 group(s), 3 op(s), 6 merge(s)
    [domestic authorities] pass 1: applied 7 (of which 6 merge(s)), skipped 3, stub orphans swept 1 [9.1s, 9.1s in the model]
    SKIPPED [doc:fund_1 has multiple rdfs:label and echr:hasAuthorityName values, including a short-hand reference ('the Fund').] remove doc:fund_1 rdfs:label "the Fund": skipped: triple not present
    SKIPPED [doc:fund_1 has multiple rdfs:label and echr:hasAuthorityName values, including a short-hand reference ('the Fund').] remove doc:fund_1 echr:hasAuthorityName "the Fund": skipped: triple not present
    SKIPPED [doc:admin_court_1 has multiple rdfs:label values.] remove doc:admin_court_1 rdfs:label "administrative court": skipped: triple not present
    [domestic authorities] pass 2: 4 finding(s) in; model proposed 2 group(s), 2 op(s), 0 merge(s)
    [domestic authorities] pass 2: applied 1 (of which 0 merge(s)), skipped 1, stub orphans swept 0 [3.7s, 3.7s in the model]
    SKIPPED [an authority must have exactly one name -- zero means the extraction fell back to rdfs:label only, which the false-merge check below does not police as tightly] remove doc:fund_1 echr:hasAuthorityName "the Fund": skipped: triple not present
    [domestic authorities] pass 3: 3 finding(s) in; model proposed 3 group(s), 3 op(s), 0 merge(s)
    [domestic authorities] pass 3: applied 0 (of which 0 merge(s)), skipped 3, stub orphans swept 0 [5.7s, 5.7s in the model]
    SKIPPED [a node with more than one rdfs:label is asserting that two distinct entities are the same one -- split it instead of labelling it twice] remove doc:admin_court_1 rdfs:label "administrative court": skipped: triple not present
    SKIPPED [a node with more than one rdfs:label is asserting that two distinct entities are the same one -- split it instead of labelling it twice] remove doc:fund_1 rdfs:label "the Fund": skipped: triple not present
    SKIPPED [an authority must have exactly one name -- zero means the extraction fell back to rdfs:label only, which the false-merge check below does not police as tightly] remove doc:fund_1 echr:hasAuthorityName "the Fund": skipped: triple not present
    [domestic authorities] pass 3: no operations applied - stopping
  [domestic proceedings] results/jurix_phase1/o2_low_jsonld/repaired/input.L3.facts.ttl: 21 finding(s) in; model proposed 6 group(s), 27 op(s), 0 merge(s)
    [domestic proceedings] pass 1: applied 10 (of which 0 merge(s)), skipped 17, stub orphans swept 0 [36.4s, 36.4s in the model]
    SKIPPED [doc:proceeding_1 is a conglomerate of multiple distinct proceedings (first-instance and Supreme Administrative Court), as evidenced by multiple labels, decision dates, and courts.] remove doc:proceeding_1 rdfs:label 13th Chamber case: skipped: triple not present
    SKIPPED [doc:proceeding_1 is a conglomerate of multiple distinct proceedings (first-instance and Supreme Administrative Court), as evidenced by multiple labels, decision dates, and courts.] remove doc:proceeding_1 echr:hasDecisionDate 2014-12-09: skipped: triple not present
    SKIPPED [doc:proceeding_1 is a conglomerate of multiple distinct proceedings (first-instance and Supreme Administrative Court), as evidenced by multiple labels, decision dates, and courts.] remove doc:proceeding_1 echr:hasProceedingStartDate 2011-02-24: skipped: triple not present
    SKIPPED [doc:proceeding_2 is a conglomerate of multiple distinct proceedings (Appeal, General Assembly, Rectification).] remove doc:proceeding_2 rdfs:label Rectification request before the Supreme Administrative Court: skipped: triple not present
    SKIPPED [doc:proceeding_2 is a conglomerate of multiple distinct proceedings (Appeal, General Assembly, Rectification).] remove doc:proceeding_2 rdfs:label General Assembly appeal: skipped: triple not present
    SKIPPED [doc:proceeding_2 is a conglomerate of multiple distinct proceedings (Appeal, General Assembly, Rectification).] remove doc:proceeding_2 echr:hasDecisionDate 2017-06-30: skipped: triple not present
    SKIPPED [doc:proceeding_2 is a conglomerate of multiple distinct proceedings (Appeal, General Assembly, Rectification).] remove doc:proceeding_2 echr:hasDecisionDate 2014-12-09: skipped: triple not present
    SKIPPED [doc:proceeding_3 is a conglomerate of a Supreme Administrative Court rectification and a Constitutional Court application.] remove doc:proceeding_3 rdfs:label Fund's request for rectification: skipped: triple not present
    SKIPPED [doc:proceeding_3 is a conglomerate of a Supreme Administrative Court rectification and a Constitutional Court application.] remove doc:proceeding_3 echr:hasDecisionDate 2016-01-25: skipped: triple not present
    SKIPPED [doc:admin_action_1 is a conglomerate of multiple Fund and Board decisions.] remove doc:admin_action_1 rdfs:label Fund decision of 13 January 2011: skipped: triple not present
    SKIPPED [doc:admin_action_1 is a conglomerate of multiple Fund and Board decisions.] remove doc:admin_action_1 rdfs:label Fund decision on impossibility of enforcement: skipped: triple not present
    SKIPPED [doc:admin_action_1 is a conglomerate of multiple Fund and Board decisions.] remove doc:admin_action_1 rdfs:label transfer of İktisat Bank management: skipped: triple not present
    SKIPPED [doc:admin_action_1 is a conglomerate of multiple Fund and Board decisions.] remove doc:admin_action_1 echr:hasDecisionDate 2015-10-27: skipped: triple not present
    SKIPPED [doc:admin_action_1 is a conglomerate of multiple Fund and Board decisions.] remove doc:admin_action_1 echr:hasDecisionDate 2011-01-13: skipped: triple not present
    SKIPPED [doc:admin_action_1 is a conglomerate of multiple Fund and Board decisions.] remove doc:admin_action_1 echr:hasDecisionDate 2001-03-15: skipped: triple not present
    SKIPPED [doc:admin_action_2 is a conglomerate of two distinct Fund resolutions.] remove doc:admin_action_2 rdfs:label resolution to recover debts: skipped: triple not present
    SKIPPED [doc:admin_action_2 is a conglomerate of two distinct Fund resolutions.] remove doc:admin_action_2 echr:hasDecisionDate 2001-09-14: skipped: triple not present
    [domestic proceedings] pass 2: 11 finding(s) in; model proposed 7 group(s), 58 op(s), 0 merge(s)
    [domestic proceedings] pass 2: applied 46 (of which 0 merge(s)), skipped 12, stub orphans swept 0 [55.1s, 55.1s in the model]
    SKIPPED [a node with more than one rdfs:label is asserting that two distinct entities are the same one -- split it instead of labelling it twice] remove doc:admin_action_1 rdfs:label Fund decision on default
Fund decision of 13 January 2011
Fund decision on impossibility of enforcement
transfer of ƿktisat Bank management: skipped: triple not present
    SKIPPED [a node with more than one rdfs:label is asserting that two distinct entities are the same one -- split it instead of labelling it twice] remove doc:admin_action_1 echr:hasDecisionDate 2008-04-03
2015-10-27
2011-01-13
2001-03-15: skipped: triple not present
    SKIPPED [a node with more than one rdfs:label is asserting that two distinct entities are the same one -- split it instead of labelling it twice] remove doc:admin_action_2 rdfs:label resolution to recover debts
Fund resolution on management transfer: skipped: triple not present
    SKIPPED [a node with more than one rdfs:label is asserting that two distinct entities are the same one -- split it instead of labelling it twice] remove doc:admin_action_2 echr:hasDecisionDate 2008-09-18
2001-09-14: skipped: triple not present
    SKIPPED [a node with more than one rdfs:label is asserting that two distinct entities are the same one -- split it instead of labelling it twice] remove doc:proceeding_1 rdfs:label Administrative court proceedings
Judgment of the 6th Chamber of the Istanbul Administrative Court
annulment proceedings before the ƿstanbul Administrative Court
13th Chamber case: skipped: triple not present
    SKIPPED [a node with more than one rdfs:label is asserting that two distinct entities are the same one -- split it instead of labelling it twice] remove doc:proceeding_1 echr:hasDecisionDate 2014-12-09
2014-03-19: skipped: triple not present
    SKIPPED [a node with more than one rdfs:label is asserting that two distinct entities are the same one -- split it instead of labelling it twice] remove doc:proceeding_2 rdfs:label Rectification request before the Supreme Administrative Court
General Assembly appeal
appeal before the Supreme Administrative Court: skipped: triple not present
    SKIPPED [a node with more than one rdfs:label is asserting that two distinct entities are the same one -- split it instead of labelling it twice] remove doc:proceeding_2 echr:hasDecisionDate 2014-12-09
2015-07-07
2017-06-30: skipped: triple not present
    SKIPPED [a node with more than one rdfs:label is asserting that two distinct entities are the same one -- split it instead of labelling it twice] remove doc:proceeding_3 rdfs:label Fund's request for rectification
Individual application to the Constitutional Court: skipped: triple not present
    SKIPPED [a node with more than one rdfs:label is asserting that two distinct entities are the same one -- split it instead of labelling it twice] remove doc:proceeding_3 echr:hasDecisionDate 2016-01-25
2018-05-23: skipped: triple not present
    SKIPPED [a domestic event may have at most one start date] remove doc:proceeding_1 echr:hasProceedingStartDate 2011-02-24: skipped: triple not present
    SKIPPED [a domestic event may have at most one decision date] remove doc:proceeding_1 echr:hasDecisionDate 2014-12-09: skipped: triple not present
    [domestic proceedings] pass 2: 46 op(s) applied but findings did not fall (11 -> 19) - stopping
  [persons and participation] results/jurix_phase1/o2_low_jsonld/repaired/input.L3.facts.ttl: 12 finding(s) in; model proposed 6 group(s), 15 op(s), 0 merge(s)
    [persons and participation] pass 1: applied 14 (of which 0 merge(s)), skipped 1, stub orphans swept 0 [20.9s, 20.9s in the model]
    SKIPPED [a node with more than one rdfs:label is asserting that two distinct entities are the same one] remove doc:erolAksoy rdfs:label Erol Aksoy Group: skipped: triple not present
    RECOVERED 1 group(s), 1 op(s) from a stalled generation
    [persons and participation] pass 2: 10 finding(s) in; model proposed 1 group(s), 1 op(s), 0 merge(s)
    [persons and participation] pass 2: applied 1 (of which 0 merge(s)), skipped 0, stub orphans swept 0 [7.1s, 7.1s in the model]
    RECOVERED 1 group(s), 1 op(s) from a stalled generation
    [persons and participation] pass 3: 9 finding(s) in; model proposed 1 group(s), 1 op(s), 0 merge(s)
    [persons and participation] pass 3: applied 0 (of which 0 merge(s)), skipped 1, stub orphans swept 0 [7.2s, 7.2s in the model]
    SKIPPED [a node with more than one rdfs:label is asserting that two distinct entities are the same one -- split it instead of labelling it twice] remove doc:erolAksoy rdfs:label Erol Aksoy Group: skipped: triple not present
    [persons and participation] pass 3: no operations applied - stopping
  [source quote fidelity] results/jurix_phase1/o2_low_jsonld/repaired/input.L3.facts.ttl: nothing flagged
    document total: 145.5s across 8 model call(s) (145.2s in the model)
    wrote results/jurix_phase1/o2_low_jsonld/repaired/input.L3.facts.ttl (backup at results/jurix_phase1/o2_low_jsonld/repaired/backup/input.L3.facts.ttl)
  [domestic authorities] results/jurix_phase1/o2_low_jsonld/repaired/input.L4.facts.ttl: 1 finding(s) in; model proposed 1 group(s), 1 op(s), 1 merge(s)
    [domestic authorities] pass 1: applied 2 (of which 1 merge(s)), skipped 0, stub orphans swept 0 [2.5s, 2.4s in the model]
    [domestic authorities] pass 2: nothing left to flag - stopping
    RECOVERED 1 group(s), 1 op(s) from a stalled generation
  [domestic proceedings] results/jurix_phase1/o2_low_jsonld/repaired/input.L4.facts.ttl: 12 finding(s) in; model proposed 1 group(s), 1 op(s), 0 merge(s)
    [domestic proceedings] pass 1: applied 1 (of which 0 merge(s)), skipped 0, stub orphans swept 0 [8.3s, 8.3s in the model]
    [domestic proceedings] pass 1: 1 op(s) applied but findings did not fall (10 -> 10) - stopping
    RECOVERED 2 group(s), 1 op(s) from a stalled generation
  [persons and participation] results/jurix_phase1/o2_low_jsonld/repaired/input.L4.facts.ttl: 9 finding(s) in; model proposed 2 group(s), 1 op(s), 0 merge(s)
    [persons and participation] pass 1: applied 1 (of which 0 merge(s)), skipped 0, stub orphans swept 0 [7.8s, 7.8s in the model]
    RECOVERED 1 group(s), 1 op(s) from a stalled generation
    [persons and participation] pass 2: 7 finding(s) in; model proposed 1 group(s), 1 op(s), 0 merge(s)
    [persons and participation] pass 2: applied 0 (of which 0 merge(s)), skipped 1, stub orphans swept 0 [20.6s, 20.6s in the model]
    SKIPPED [doc:applicant_1 has multiple rdfs:labels] remove doc:applicant_1 rdfs:label "the applicant": skipped: triple not present
    [persons and participation] pass 2: no operations applied - stopping
  [source quote fidelity] results/jurix_phase1/o2_low_jsonld/repaired/input.L4.facts.ttl: 1 finding(s) in; model proposed 1 group(s), 2 op(s), 0 merge(s)
    [source quote fidelity] pass 1: applied 2 (of which 0 merge(s)), skipped 1, stub orphans swept 0 [3.0s, 3.0s in the model]
    SKIPPED [The quote 'Officer from the Slovenj Gradec Police, I.G.' is a paraphrase and does not appear verbatim in the source text. The correct span is 'Another officer from the Slovenj Gradec Police, I.G.'.] remove doc:officer_ig_1 echr:hasSupportingQuote Officer from the Slovenj Gradec Police, I.G.: applied (removed 1 quote(s) by index)
    [source quote fidelity] pass 2: nothing left to flag - stopping
    document total: 42.4s across 5 model call(s) (42.1s in the model)
    wrote results/jurix_phase1/o2_low_jsonld/repaired/input.L4.facts.ttl (backup at results/jurix_phase1/o2_low_jsonld/repaired/backup/input.L4.facts.ttl)
    RECOVERED 1 group(s), 1 op(s) from a stalled generation
  [domestic authorities] results/jurix_phase1/o2_low_jsonld/repaired/input.L5.facts.ttl: 7 finding(s) in; model proposed 1 group(s), 1 op(s), 0 merge(s)
    [domestic authorities] pass 1: applied 1 (of which 0 merge(s)), skipped 0, stub orphans swept 0 [7.4s, 7.4s in the model]
    [domestic authorities] pass 2: 5 finding(s) in; model proposed 3 group(s), 11 op(s), 0 merge(s)
    [domestic authorities] pass 2: applied 1 (of which 0 merge(s)), skipped 10, stub orphans swept 0 [15.2s, 15.2s in the model]
    SKIPPED [doc:authorityQdcZakarpattya has multiple names and labels. The quote for doc:hqdcb mentions 'Neither the QDC of Zakarpattya nor the HQDCB', indicating these are distinct bodies. The 'Disciplinary Chamber' is a part of the QDC. I will normalize the name to the most specific one.] remove doc:authorityQdcZakarpattya echr:hasAuthorityName "QDC of Zakarpattya": skipped: triple not present
    SKIPPED [doc:authorityQdcZakarpattya has multiple names and labels. The quote for doc:hqdcb mentions 'Neither the QDC of Zakarpattya nor the HQDCB', indicating these are distinct bodies. The 'Disciplinary Chamber' is a part of the QDC. I will normalize the name to the most specific one.] remove doc:authorityQdcZakarpattya rdfs:label "QDC of Zakarpattya": skipped: triple not present
    SKIPPED [doc:hqdcb is conflating multiple distinct authorities (QDC of Zakarpattya, HQDCB, the Bar). The quote 'Neither the QDC of Zakarpattya nor the HQDCB' explicitly proves they are different entities.] remove doc:hqdcb echr:hasAuthorityName "Qualification and Disciplinary Commission of the Regional Bar of Zakarpattya": skipped: triple not present
    SKIPPED [doc:hqdcb is conflating multiple distinct authorities (QDC of Zakarpattya, HQDCB, the Bar). The quote 'Neither the QDC of Zakarpattya nor the HQDCB' explicitly proves they are different entities.] remove doc:hqdcb echr:hasAuthorityName "the Bar": skipped: triple not present
    SKIPPED [doc:hqdcb is conflating multiple distinct authorities (QDC of Zakarpattya, HQDCB, the Bar). The quote 'Neither the QDC of Zakarpattya nor the HQDCB' explicitly proves they are different entities.] remove doc:hqdcb echr:hasAuthorityName "Zakarpattya Bar": skipped: triple not present
    SKIPPED [doc:hqdcb is conflating multiple distinct authorities (QDC of Zakarpattya, HQDCB, the Bar). The quote 'Neither the QDC of Zakarpattya nor the HQDCB' explicitly proves they are different entities.] remove doc:hqdcb echr:hasAuthorityName "QDC of Zakarpattya": skipped: triple not present
    SKIPPED [doc:hqdcb is conflating multiple distinct authorities (QDC of Zakarpattya, HQDCB, the Bar). The quote 'Neither the QDC of Zakarpattya nor the HQDCB' explicitly proves they are different entities.] remove doc:hqdcb rdfs:label "the Bar": skipped: triple not present
    SKIPPED [doc:hqdcb is conflating multiple distinct authorities (QDC of Zakarpattya, HQDCB, the Bar). The quote 'Neither the QDC of Zakarpattya nor the HQDCB' explicitly proves they are different entities.] remove doc:hqdcb rdfs:label "Zakarpattya Bar": skipped: triple not present
    SKIPPED [doc:hqdcb is conflating multiple distinct authorities (QDC of Zakarpattya, HQDCB, the Bar). The quote 'Neither the QDC of Zakarpattya nor the HQDCB' explicitly proves they are different entities.] remove doc:hqdcb rdfs:label "QDC of Zakarpattya": skipped: triple not present
    SKIPPED [doc:hqdcb is conflating multiple distinct authorities (QDC of Zakarpattya, HQDCB, the Bar). The quote 'Neither the QDC of Zakarpattya nor the HQDCB' explicitly proves they are different entities.] remove doc:hqdcb rdfs:label "Qualification and Disciplinary Commission of the Regional Bar of Zakarpattya": skipped: triple not present
    [domestic authorities] pass 3: 4 finding(s) in; model proposed 2 group(s), 10 op(s), 0 merge(s)
    [domestic authorities] pass 3: applied 0 (of which 0 merge(s)), skipped 10, stub orphans swept 0 [14.0s, 14.0s in the model]
    SKIPPED [doc:authorityQdcZakarpattya has multiple labels and names. The evidence suggests the 'Disciplinary Chamber' is a part of the 'QDC of Zakarpattya'. Since these are distinct levels/bodies of decision making, the node should be cleaned to represent the primary authority.] remove doc:authorityQdcZakarpattya rdfs:label "Disciplinary Chamber of the QDC of Zakarpattya": skipped: triple not present
    SKIPPED [doc:authorityQdcZakarpattya has multiple labels and names. The evidence suggests the 'Disciplinary Chamber' is a part of the 'QDC of Zakarpattya'. Since these are distinct levels/bodies of decision making, the node should be cleaned to represent the primary authority.] remove doc:authorityQdcZakarpattya echr:hasAuthorityName "Disciplinary Chamber of the QDC of Zakarpattya": skipped: triple not present
    SKIPPED [doc:hqdcb is a conflated node containing multiple distinct authorities: the Regional Bar of Zakarpattya (QDC) and the Higher Qualification and Disciplinary Commission of the Bar (HQDCB).] remove doc:hqdcb rdfs:label "the Bar": skipped: triple not present
    SKIPPED [doc:hqdcb is a conflated node containing multiple distinct authorities: the Regional Bar of Zakarpattya (QDC) and the Higher Qualification and Disciplinary Commission of the Bar (HQDCB).] remove doc:hqdcb rdfs:label "Zakarpattya Bar": skipped: triple not present
    SKIPPED [doc:hqdcb is a conflated node containing multiple distinct authorities: the Regional Bar of Zakarpattya (QDC) and the Higher Qualification and Disciplinary Commission of the Bar (HQDCB).] remove doc:hqdcb rdfs:label "QDC of Zakarpattya": skipped: triple not present
    SKIPPED [doc:hqdcb is a conflated node containing multiple distinct authorities: the Regional Bar of Zakarpattya (QDC) and the Higher Qualification and Disciplinary Commission of the Bar (HQDCB).] remove doc:hqdcb rdfs:label "Qualification and Disciplinary Commission of the Regional Bar of Zakarpattya": skipped: triple not present
    SKIPPED [doc:hqdcb is a conflated node containing multiple distinct authorities: the Regional Bar of Zakarpattya (QDC) and the Higher Qualification and Disciplinary Commission of the Bar (HQDCB).] remove doc:hqdcb echr:hasAuthorityName "the Bar": skipped: triple not present
    SKIPPED [doc:hqdcb is a conflated node containing multiple distinct authorities: the Regional Bar of Zakarpattya (QDC) and the Higher Qualification and Disciplinary Commission of the Bar (HQDCB).] remove doc:hqdcb echr:hasAuthorityName "Zakarpattya Bar": skipped: triple not present
    SKIPPED [doc:hqdcb is a conflated node containing multiple distinct authorities: the Regional Bar of Zakarpattya (QDC) and the Higher Qualification and Disciplinary Commission of the Bar (HQDCB).] remove doc:hqdcb echr:hasAuthorityName "Qualification and Disciplinary Commission of the Regional Bar of Zakarpattya": skipped: triple not present
    SKIPPED [doc:hqdcb is a conflated node containing multiple distinct authorities: the Regional Bar of Zakarpattya (QDC) and the Higher Qualification and Disciplinary Commission of the Bar (HQDCB).] remove doc:hqdcb echr:hasAuthorityName "HQDCB": skipped: triple not present
    [domestic authorities] pass 3: no operations applied - stopping
  [domestic proceedings] results/jurix_phase1/o2_low_jsonld/repaired/input.L5.facts.ttl: 9 finding(s) in; model proposed 1 group(s), 1 op(s), 0 merge(s)
    [domestic proceedings] pass 1: applied 1 (of which 0 merge(s)), skipped 0, stub orphans swept 0 [4.4s, 4.4s in the model]
    [domestic proceedings] pass 1: 1 op(s) applied but findings did not fall (7 -> 7) - stopping
    RECOVERED 2 group(s), 1 op(s) from a stalled generation
  [persons and participation] results/jurix_phase1/o2_low_jsonld/repaired/input.L5.facts.ttl: 10 finding(s) in; model proposed 2 group(s), 1 op(s), 0 merge(s)
    [persons and participation] pass 1: applied 1 (of which 0 merge(s)), skipped 0, stub orphans swept 0 [8.7s, 8.7s in the model]
    RECOVERED 2 group(s), 1 op(s) from a stalled generation
    [persons and participation] pass 2: 8 finding(s) in; model proposed 2 group(s), 1 op(s), 0 merge(s)
    [persons and participation] pass 2: applied 1 (of which 0 merge(s)), skipped 0, stub orphans swept 0 [9.2s, 9.2s in the model]
    RECOVERED 2 group(s), 1 op(s) from a stalled generation
    [persons and participation] pass 3: 7 finding(s) in; model proposed 2 group(s), 1 op(s), 0 merge(s)
    [persons and participation] pass 3: applied 1 (of which 0 merge(s)), skipped 0, stub orphans swept 0 [8.8s, 8.8s in the model]
    RECOVERED 1 group(s), 2 op(s) from a stalled generation
  [source quote fidelity] results/jurix_phase1/o2_low_jsonld/repaired/input.L5.facts.ttl: 2 finding(s) in; model proposed 1 group(s), 2 op(s), 0 merge(s)
    [source quote fidelity] pass 1: applied 2 (of which 0 merge(s)), skipped 1, stub orphans swept 0 [12.1s, 12.1s in the model]
    SKIPPED [The quote for doc:proceeding_podilskyy_1 is a synthesis of multiple passages and contains bracketed additions, which is not permitted. The relevant factual basis is found in paragraphs 22, 23, and 50.] remove doc:proceeding_podilskyy_1 echr:hasSupportingQuote the applicant instituted a parallel set of proceedings before the Podilskyy Court... the applicant’s appeal against the decision of 22 December 2016 had been rejected [on 6 March 2017]: applied (removed 1 quote(s) by index)
    RECOVERED 1 group(s), 2 op(s) from a stalled generation
    [source quote fidelity] pass 2: 1 finding(s) in; model proposed 1 group(s), 2 op(s), 0 merge(s)
    [source quote fidelity] pass 2: applied 2 (of which 0 merge(s)), skipped 1, stub orphans swept 0 [10.4s, 10.4s in the model]
    SKIPPED [The quote 'the applicant complained under Article 8 of the Convention that because of the decisions of 17 April and 16 May 2013 he had been deprived' is a truncated version of the sentence in paragraph 33.] remove doc:applicant_1 echr:hasSupportingQuote the applicant complained under Article 8 of the Convention that because of the decisions of 17 April and 16 May 2013 he had been deprived: applied (removed 1 quote(s) by index)
    [source quote fidelity] pass 3: nothing left to flag - stopping
    document total: 90.3s across 9 model call(s) (90.2s in the model)
    wrote results/jurix_phase1/o2_low_jsonld/repaired/input.L5.facts.ttl (backup at results/jurix_phase1/o2_low_jsonld/repaired/backup/input.L5.facts.ttl)
  [domestic authorities] results/jurix_phase1/o2_low_jsonld/repaired/input.L6.facts.ttl: 2 finding(s) in; model proposed 1 group(s), 2 op(s), 0 merge(s)
    [domestic authorities] pass 1: applied 0 (of which 0 merge(s)), skipped 2, stub orphans swept 0 [3.4s, 3.3s in the model]
    SKIPPED [The node doc:arbitrationTribunal has multiple rdfs:label and echr:hasAuthorityName values. The ontology defines echr:hasAuthorityName as a FunctionalProperty (at most one). Based on the values, "Arbitration Tribunal of the Chamber of Commerce and Industry of Armenia" is the more specific and complete name.] remove doc:arbitrationTribunal rdfs:label "Arbitration Tribunal": skipped: triple not present
    SKIPPED [The node doc:arbitrationTribunal has multiple rdfs:label and echr:hasAuthorityName values. The ontology defines echr:hasAuthorityName as a FunctionalProperty (at most one). Based on the values, "Arbitration Tribunal of the Chamber of Commerce and Industry of Armenia" is the more specific and complete name.] remove doc:arbitrationTribunal echr:hasAuthorityName "Arbitration Tribunal": skipped: triple not present
    [domestic authorities] pass 1: no operations applied - stopping
  [domestic proceedings] results/jurix_phase1/o2_low_jsonld/repaired/input.L6.facts.ttl: 13 finding(s) in; model proposed 3 group(s), 11 op(s), 0 merge(s)
    [domestic proceedings] pass 1: applied 7 (of which 0 merge(s)), skipped 4, stub orphans swept 0 [15.4s, 15.4s in the model]
    SKIPPED [doc:proceeding_1 has multiple labels, courts, and decision dates, indicating it conflates the Commercial Court claim and the Yerevan Civil Court transfer.] remove doc:proceeding_1 echr:hasDecisionDate 2009-02-27: skipped: triple not present
    SKIPPED [doc:proceeding_2 conflates a Commercial Court appeal (Dec 2007) and a District Court proceeding (June 2009).] remove doc:proceeding_2 echr:hasDecisionDate 2007-12-10: skipped: triple not present
    SKIPPED [doc:proceeding_2 conflates a Commercial Court appeal (Dec 2007) and a District Court proceeding (June 2009).] remove doc:proceeding_2 echr:hasProceedingStartDate 2007-11-23: skipped: triple not present
    SKIPPED [doc:administrative_action_1 is a request for information, not a proceeding.] remove doc:administrative_action_1 rdf:type echr:DomesticProceeding: skipped: triple not present
    RECOVERED 1 group(s), 1 op(s) from a stalled generation
    [domestic proceedings] pass 2: 3 finding(s) in; model proposed 1 group(s), 1 op(s), 0 merge(s)
    [domestic proceedings] pass 2: applied 0 (of which 0 merge(s)), skipped 1, stub orphans swept 0 [7.5s, 7.5s in the model]
    SKIPPED [a domestic event may have at most one decision date] remove doc:proceeding_1 echr:hasDecisionDate 2009-02-27: skipped: triple not present
    [domestic proceedings] pass 2: no operations applied - stopping
  [persons and participation] results/jurix_phase1/o2_low_jsonld/repaired/input.L6.facts.ttl: 5 finding(s) in; model proposed 2 group(s), 42 op(s), 0 merge(s)
    [persons and participation] pass 1: applied 42 (of which 0 merge(s)), skipped 0, stub orphans swept 0 [46.5s, 46.5s in the model]
    [persons and participation] pass 2: 2 finding(s) in; model proposed 0 group(s), 0 op(s), 0 merge(s)
    [persons and participation] pass 2: applied 0 (of which 0 merge(s)), skipped 0, stub orphans swept 0 [0.4s, 0.4s in the model]
    [persons and participation] pass 2: no operations applied - stopping
  [source quote fidelity] results/jurix_phase1/o2_low_jsonld/repaired/input.L6.facts.ttl: nothing flagged
    document total: 73.3s across 5 model call(s) (73.1s in the model)
    wrote results/jurix_phase1/o2_low_jsonld/repaired/input.L6.facts.ttl (backup at results/jurix_phase1/o2_low_jsonld/repaired/backup/input.L6.facts.ttl)
  [domestic authorities] results/jurix_phase1/o2_low_jsonld/repaired/input.L7.facts.ttl: 2 finding(s) in; model proposed 2 group(s), 2 op(s), 0 merge(s)
    [domestic authorities] pass 1: applied 2 (of which 0 merge(s)), skipped 0, stub orphans swept 0 [3.5s, 3.5s in the model]
    [domestic authorities] pass 2: nothing left to flag - stopping
    RECOVERED 1 group(s), 1 op(s) from a stalled generation
  [domestic proceedings] results/jurix_phase1/o2_low_jsonld/repaired/input.L7.facts.ttl: 4 finding(s) in; model proposed 1 group(s), 1 op(s), 0 merge(s)
    [domestic proceedings] pass 1: applied 1 (of which 0 merge(s)), skipped 0, stub orphans swept 0 [7.2s, 7.2s in the model]
    RECOVERED 1 group(s), 1 op(s) from a stalled generation
    [domestic proceedings] pass 2: 2 finding(s) in; model proposed 1 group(s), 1 op(s), 0 merge(s)
    [domestic proceedings] pass 2: applied 1 (of which 0 merge(s)), skipped 0, stub orphans swept 0 [7.0s, 7.0s in the model]
    [domestic proceedings] pass 2: 1 op(s) applied but findings did not fall (2 -> 2) - stopping
    RECOVERED 4 group(s), 1 op(s) from a stalled generation
  [persons and participation] results/jurix_phase1/o2_low_jsonld/repaired/input.L7.facts.ttl: 3 finding(s) in; model proposed 4 group(s), 1 op(s), 0 merge(s)
    [persons and participation] pass 1: applied 1 (of which 0 merge(s)), skipped 0, stub orphans swept 0 [13.6s, 13.6s in the model]
    [persons and participation] pass 2: 2 finding(s) in; model proposed 0 group(s), 0 op(s), 0 merge(s)
    [persons and participation] pass 2: applied 0 (of which 0 merge(s)), skipped 0, stub orphans swept 0 [0.4s, 0.3s in the model]
    [persons and participation] pass 2: no operations applied - stopping
    RECOVERED 1 group(s), 2 op(s) from a stalled generation
  [source quote fidelity] results/jurix_phase1/o2_low_jsonld/repaired/input.L7.facts.ttl: 1 finding(s) in; model proposed 1 group(s), 2 op(s), 0 merge(s)
    [source quote fidelity] pass 1: applied 2 (of which 0 merge(s)), skipped 1, stub orphans swept 0 [12.0s, 12.0s in the model]
    SKIPPED [The quote for doc:detention_1 is a stitched-together paraphrase. I have replaced it with the verbatim span from the source text that covers the decision to withdraw bail and the location of detention.] remove doc:detention_1 echr:hasSupportingQuote on 25 March 1999... the judge after consulting counsel decided to withdraw the applicant’s bail... he would be held in the hospital wing of Belmarsh prison: applied (removed 1 quote(s) by index)
    [source quote fidelity] pass 2: nothing left to flag - stopping
    document total: 43.9s across 6 model call(s) (43.6s in the model)
    wrote results/jurix_phase1/o2_low_jsonld/repaired/input.L7.facts.ttl (backup at results/jurix_phase1/o2_low_jsonld/repaired/backup/input.L7.facts.ttl)
  [domestic authorities] results/jurix_phase1/o2_low_jsonld/repaired/input.L8.facts.ttl: 3 finding(s) in; model proposed 3 group(s), 3 op(s), 0 merge(s)
    [domestic authorities] pass 1: applied 2 (of which 0 merge(s)), skipped 2, stub orphans swept 2 [6.8s, 6.7s in the model]
    SKIPPED [an authority must have exactly one name -- zero means the extraction fell back to rdfs:label only, which the false-merge check below does not police as tightly] remove doc:court_1 rdfs:label "Regional Court": skipped: triple not present
    SKIPPED [an authority must have exactly one name -- zero means the extraction fell back to rdfs:label only, which the false-merge check below does not police as tightly] remove doc:court_1 echr:hasAuthorityName "Regional Court": skipped: triple not present
    [domestic authorities] pass 2: 2 finding(s) in; model proposed 1 group(s), 2 op(s), 0 merge(s)
    [domestic authorities] pass 2: applied 0 (of which 0 merge(s)), skipped 2, stub orphans swept 0 [2.9s, 2.9s in the model]
    SKIPPED [The node doc:court_1 has multiple values for echr:hasAuthorityName and rdfs:label. The supporting quote specifically mentions 'the Nizhniy Novgorod Regional Court', which is the more precise name. The generic 'Regional Court' should be removed to satisfy the functional property constraint and the label constraint.] remove doc:court_1 echr:hasAuthorityName "Regional Court": skipped: triple not present
    SKIPPED [The node doc:court_1 has multiple values for echr:hasAuthorityName and rdfs:label. The supporting quote specifically mentions 'the Nizhniy Novgorod Regional Court', which is the more precise name. The generic 'Regional Court' should be removed to satisfy the functional property constraint and the label constraint.] remove doc:court_1 rdfs:label "Regional Court": skipped: triple not present
    [domestic authorities] pass 2: no operations applied - stopping
  [domestic proceedings] results/jurix_phase1/o2_low_jsonld/repaired/input.L8.facts.ttl: 6 finding(s) in; model proposed 6 group(s), 10 op(s), 1 merge(s)
    [domestic proceedings] pass 1: applied 6 (of which 1 merge(s)), skipped 5, stub orphans swept 0 [17.1s, 17.1s in the model]
    SKIPPED [doc:proceeding_1 has multiple decision dates and labels.] remove doc:proceeding_1 echr:hasDecisionDate "1998-05-27": skipped: triple not present
    SKIPPED [doc:proceeding_1 has multiple decision dates and labels.] remove doc:proceeding_1 rdfs:label "Nizhniy Novgorod Regional Court Trial": skipped: triple not present
    SKIPPED [doc:proceeding_regional_court_1 has multiple labels.] remove doc:proceeding_regional_court_1 rdfs:label "Nizhniy Novgorod Regional Court proceeding": skipped: triple not present
    SKIPPED [doc:proceeding_trial_1 has multiple labels.] remove doc:proceeding_trial_1 rdfs:label "Trial Proceeding": skipped: triple not present
    SKIPPED [doc:proceeding_supreme_court_1 has multiple labels.] remove doc:proceeding_supreme_court_1 rdfs:label "Supreme Court proceeding": skipped: triple not present
    [domestic proceedings] pass 2: 4 finding(s) in; model proposed 4 group(s), 4 op(s), 0 merge(s)
    [domestic proceedings] pass 2: applied 1 (of which 0 merge(s)), skipped 3, stub orphans swept 0 [11.2s, 11.2s in the model]
    SKIPPED [a node with more than one rdfs:label is asserting that two distinct entities are the same one -- split it instead of labelling it twice] remove doc:proceeding_1 rdfs:label "Nizhniy Novgorod Regional Court Trial": skipped: triple not present
    SKIPPED [a node with more than one rdfs:label is asserting that two distinct entities are the same one -- split it instead of labelling it twice] remove doc:proceeding_trial_1 rdfs:label "Trial Proceeding": skipped: triple not present
    SKIPPED [a node with more than one rdfs:label is asserting that two distinct entities are the same one -- split it instead of labelling it twice] remove doc:proceeding_supreme_court_1 rdfs:label "Supreme Court proceeding": skipped: triple not present
    RECOVERED 1 group(s), 1 op(s) from a stalled generation
    [domestic proceedings] pass 3: 3 finding(s) in; model proposed 1 group(s), 1 op(s), 0 merge(s)
    [domestic proceedings] pass 3: applied 0 (of which 0 merge(s)), skipped 1, stub orphans swept 0 [6.7s, 6.7s in the model]
    SKIPPED [a node with more than one rdfs:label is asserting that two distinct entities are the same one -- split it instead of labelling it twice] remove doc:proceeding_1 rdfs:label Nizhniy Novgorod Regional Court Trial: skipped: triple not present
    [domestic proceedings] pass 3: no operations applied - stopping
  [persons and participation] results/jurix_phase1/o2_low_jsonld/repaired/input.L8.facts.ttl: 5 finding(s) in; model proposed 6 group(s), 15 op(s), 0 merge(s)
    [persons and participation] pass 1: applied 13 (of which 0 merge(s)), skipped 2, stub orphans swept 0 [20.2s, 20.1s in the model]
    SKIPPED [doc:lawyerK has multiple labels] remove doc:lawyerK rdfs:label "Mr. K.": skipped: triple not present
    SKIPPED [doc:lawyerK has multiple labels] remove doc:lawyerK echr:hasPersonName "Mr. K.": skipped: triple not present
    RECOVERED 4 group(s), 1 op(s) from a stalled generation
    [persons and participation] pass 2: 4 finding(s) in; model proposed 4 group(s), 1 op(s), 0 merge(s)
    [persons and participation] pass 2: applied 0 (of which 0 merge(s)), skipped 1, stub orphans swept 0 [10.0s, 10.0s in the model]
    SKIPPED [doc:lawyerK has multiple labels] remove doc:lawyerK rdfs:label "Mr. K.": skipped: triple not present
    [persons and participation] pass 2: no operations applied - stopping
  [source quote fidelity] results/jurix_phase1/o2_low_jsonld/repaired/input.L8.facts.ttl: nothing flagged
    document total: 75.0s across 7 model call(s) (74.7s in the model)
    wrote results/jurix_phase1/o2_low_jsonld/repaired/input.L8.facts.ttl (backup at results/jurix_phase1/o2_low_jsonld/repaired/backup/input.L8.facts.ttl)
    RECOVERED 1 group(s), 1 op(s) from a stalled generation
  [domestic authorities] results/jurix_phase1/o2_low_jsonld/repaired/input.L9.facts.ttl: 3 finding(s) in; model proposed 1 group(s), 1 op(s), 0 merge(s)
    [domestic authorities] pass 1: applied 1 (of which 0 merge(s)), skipped 0, stub orphans swept 0 [7.0s, 6.9s in the model]
    [domestic authorities] pass 2: 2 finding(s) in; model proposed 2 group(s), 2 op(s), 0 merge(s)
    [domestic authorities] pass 2: applied 2 (of which 0 merge(s)), skipped 0, stub orphans swept 0 [3.4s, 3.4s in the model]
    [domestic authorities] pass 3: nothing left to flag - stopping
    RECOVERED 1 group(s), 1 op(s) from a stalled generation
  [domestic proceedings] results/jurix_phase1/o2_low_jsonld/repaired/input.L9.facts.ttl: 3 finding(s) in; model proposed 1 group(s), 1 op(s), 0 merge(s)
    [domestic proceedings] pass 1: applied 1 (of which 0 merge(s)), skipped 0, stub orphans swept 0 [7.2s, 7.2s in the model]
    [domestic proceedings] pass 1: 1 op(s) applied but findings did not fall (2 -> 2) - stopping
  [persons and participation] results/jurix_phase1/o2_low_jsonld/repaired/input.L9.facts.ttl: 5 finding(s) in; model proposed 3 group(s), 11 op(s), 3 merge(s)
    [persons and participation] pass 1: applied 14 (of which 3 merge(s)), skipped 0, stub orphans swept 0 [16.9s, 16.9s in the model]
    [persons and participation] pass 2: nothing left to flag - stopping
  [source quote fidelity] results/jurix_phase1/o2_low_jsonld/repaired/input.L9.facts.ttl: nothing flagged
    document total: 34.7s across 4 model call(s) (34.4s in the model)
    wrote results/jurix_phase1/o2_low_jsonld/repaired/input.L9.facts.ttl (backup at results/jurix_phase1/o2_low_jsonld/repaired/backup/input.L9.facts.ttl)

  repair total: 899.7s over 10 document(s), 66 model call(s) (896.9s in the model, 2.8s deterministic)
    authorities     20 call(s)    146.9s  (146.3s in the model)
    proceedings     16 call(s)    227.7s  (227.6s in the model)
    persons         23 call(s)    464.8s  (464.4s in the model)
    quotes           7 call(s)     58.6s  (58.6s in the model)

phase 2 done in 900.9s

--- phase 3: SHACL gate -> results/jurix_phase1/o2_low_jsonld/repaired ---

repaired  (results/jurix_phase1/o2_low_jsonld/repaired)
  file                          conforms  violations  warnings
  input.L1.facts.ttl               False          12         0
  input.L10.facts.ttl              False          19         0
  input.L2.facts.ttl               False           8         0
  input.L3.facts.ttl               False          21         8
  input.L4.facts.ttl               False          17         0
  input.L5.facts.ttl               False          15         0
  input.L6.facts.ttl               False           7         0
  input.L7.facts.ttl               False           4         0
  input.L8.facts.ttl               False           9         0
  input.L9.facts.ttl               False           2         0
  TOTAL                             0/10         114         8

phase 3 done in 124.2s

timings -> results/jurix_phase1/o2_low_jsonld/timings.json

############################################################
# o2_cf_med_ttl  (rolling, chunk 8000/16000, max_visits 1, turtle)
############################################################

--- phase 1: extraction (rolling) -> results/jurix_phase1/o2_cf_med_ttl/raw ---
2026-08-24 19:05:24,592 INFO    carry_forward: applied 65 setting(s) from arm.env
2026-08-24 19:05:27,934 INFO    response_repair: response repair ENABLED: malformed facts-render JSON is repaired in place instead of being dropped
2026-08-24 19:05:27,934 INFO    turtle_repair: turtle repair ENABLED: premature-period-before-property and repeated-predicate-after-comma are now recovered in addition to ontocast's own Turtle repairs
2026-08-24 19:05:27,937 WARNING ontocast.config.settings: Model 'gemma-4-31b' is not a known openai preset (OpenAIModel). Passing it through -- the provider decides whether it exists.
2026-08-24 19:05:29,065 INFO    httpx: HTTP Request: POST http://localhost:3032/$/datasets "HTTP/1.1 403 Forbidden"
2026-08-24 19:05:29,065 ERROR   ontocast.tool.triple_manager.fuseki: Failed to create dataset growgraph--art6_gemma4_o2_cf_med_ttl--facts. Status code: 403
2026-08-24 19:05:29,066 ERROR   ontocast.tool.triple_manager.fuseki: Response: <html>
<head>
<meta http-equiv="Content-Type" content="text/html;charset=UTF-8"/>
<title>Error 403 Access denied : only localhost access allowed</title>
</head>
<body>
<h2>HTTP ERROR 403 Access denied : only localhost access allowed</h2>
<table>
<tr><th>URI:</th><td>http://localhost:3032/$/datasets</td></tr>
<tr><th>STATUS:</th><td>403</td></tr>
<tr><th>MESSAGE:</th><td>Access denied : only localhost access allowed</td></tr>
</table>

</body>
</html>
2026-08-24 19:05:29,083 INFO    httpx: HTTP Request: POST http://localhost:3032/$/datasets "HTTP/1.1 403 Forbidden"
2026-08-24 19:05:29,084 ERROR   ontocast.tool.triple_manager.fuseki: Failed to create dataset growgraph--art6_gemma4_o2_cf_med_ttl--ontologies. Status code: 403
2026-08-24 19:05:29,084 ERROR   ontocast.tool.triple_manager.fuseki: Response: <html>
<head>
<meta http-equiv="Content-Type" content="text/html;charset=UTF-8"/>
<title>Error 403 Access denied : only localhost access allowed</title>
</head>
<body>
<h2>HTTP ERROR 403 Access denied : only localhost access allowed</h2>
<table>
<tr><th>URI:</th><td>http://localhost:3032/$/datasets</td></tr>
<tr><th>STATUS:</th><td>403</td></tr>
<tr><th>MESSAGE:</th><td>Access denied : only localhost access allowed</td></tr>
</table>

</body>
</html>
2026-08-24 19:05:29,085 INFO    ontocast.tool.triple_manager.fuseki: Fuseki tenancy set to tenant='growgraph' project='art6_gemma4_o2_cf_med_ttl' (facts=growgraph--art6_gemma4_o2_cf_med_ttl--facts ontologies=growgraph--art6_gemma4_o2_cf_med_ttl--ontologies)
2026-08-24 19:05:29,107 INFO    httpx: HTTP Request: POST http://localhost:3032/$/datasets "HTTP/1.1 403 Forbidden"
2026-08-24 19:05:29,108 ERROR   ontocast.tool.triple_manager.fuseki: Failed to create dataset growgraph--art6_gemma4_o2_cf_med_ttl--facts. Status code: 403
2026-08-24 19:05:29,108 ERROR   ontocast.tool.triple_manager.fuseki: Response: <html>
<head>
<meta http-equiv="Content-Type" content="text/html;charset=UTF-8"/>
<title>Error 403 Access denied : only localhost access allowed</title>
</head>
<body>
<h2>HTTP ERROR 403 Access denied : only localhost access allowed</h2>
<table>
<tr><th>URI:</th><td>http://localhost:3032/$/datasets</td></tr>
<tr><th>STATUS:</th><td>403</td></tr>
<tr><th>MESSAGE:</th><td>Access denied : only localhost access allowed</td></tr>
</table>

</body>
</html>
2026-08-24 19:05:29,123 INFO    httpx: HTTP Request: POST http://localhost:3032/$/datasets "HTTP/1.1 403 Forbidden"
2026-08-24 19:05:29,124 ERROR   ontocast.tool.triple_manager.fuseki: Failed to create dataset growgraph--art6_gemma4_o2_cf_med_ttl--ontologies. Status code: 403
2026-08-24 19:05:29,124 ERROR   ontocast.tool.triple_manager.fuseki: Response: <html>
<head>
<meta http-equiv="Content-Type" content="text/html;charset=UTF-8"/>
<title>Error 403 Access denied : only localhost access allowed</title>
</head>
<body>
<h2>HTTP ERROR 403 Access denied : only localhost access allowed</h2>
<table>
<tr><th>URI:</th><td>http://localhost:3032/$/datasets</td></tr>
<tr><th>STATUS:</th><td>403</td></tr>
<tr><th>MESSAGE:</th><td>Access denied : only localhost access allowed</td></tr>
</table>

</body>
</html>
2026-08-24 19:05:29,286 INFO    ontocast.toolbox: Found 2 seed ontologies in ontology_directory
2026-08-24 19:05:29,307 INFO    httpx: HTTP Request: POST http://localhost:3032/growgraph--art6_gemma4_o2_cf_med_ttl--ontologies/sparql "HTTP/1.1 200 OK"
2026-08-24 19:05:29,308 INFO    ontocast.toolbox: Found 0 ontologies in triple store
2026-08-24 19:05:29,308 INFO    ontocast.toolbox: Syncing seed ontology to triple store: https://growgraph.dev/__null__/ (version: 1.0.0)
2026-08-24 19:05:29,308 INFO    ontocast.toolbox: Syncing seed ontology to triple store: https://growgraph.dev/echr (version: 3.5.0)
2026-08-24 19:05:29,308 INFO    ontocast.toolbox: Ontology sync finished: 2 ontolog(ies) in 0.18s
2026-08-24 19:05:29,308 WARNING ontocast.tool.ontology_manager: Cannot add ontology without valid IRI (ontology_id: None)
2026-08-24 19:05:29,512 INFO    httpx: HTTP Request: PUT http://localhost:3032/growgraph--art6_gemma4_o2_cf_med_ttl--ontologies/data?graph=https://growgraph.dev/__null__/%2393708728c5656528bde09c6ce8484e1c4989ed408de4dd6ce2017f7c31c7b289 "HTTP/1.1 201 Created"
2026-08-24 19:05:29,513 INFO    ontocast.tool.triple_manager.fuseki: Ontology graph https://growgraph.dev/__null__/#93708728c5656528bde09c6ce8484e1c4989ed408de4dd6ce2017f7c31c7b289 uploaded to Fuseki as named graph.
2026-08-24 19:05:29,513 INFO    ontocast.toolbox: Materialized ontology https://growgraph.dev/__null__/ in 0.19s
2026-08-24 19:05:29,597 INFO    httpx: HTTP Request: PUT http://localhost:3032/growgraph--art6_gemma4_o2_cf_med_ttl--ontologies/data?graph=https://growgraph.dev/echr%23a0e10e2d004aa686def734f5b9fed07988dd68c21f4e1c434b97fe495677c6cf "HTTP/1.1 201 Created"
2026-08-24 19:05:29,598 INFO    ontocast.tool.triple_manager.fuseki: Ontology graph https://growgraph.dev/echr#a0e10e2d004aa686def734f5b9fed07988dd68c21f4e1c434b97fe495677c6cf uploaded to Fuseki as named graph.
2026-08-24 19:05:29,598 INFO    ontocast.toolbox: Materialized ontology https://growgraph.dev/echr in 0.26s
2026-08-24 19:05:29,598 INFO    ontocast.toolbox: Ontology materialize + enrich finished for 2 ontolog(ies) in 0.28s (reindex_concurrency=2); initialize total 0.51s
2026-08-24 19:05:29,598 INFO    carry_forward: chunking: min_size=8000 max_size=16000 section_classifier=off
2026-08-24 19:05:29,602 INFO    carry_forward: expanded input.jsonl into 10 record(s)
2026-08-24 19:05:29,602 INFO    carry_forward: facts prompt: 7055 chars from /home/dahrb/Projects/article_6/domestic_proceedings/art6/ontology/prompts/facts.txt (overrides any copy embedded in input.jsonl)
2026-08-24 19:05:30,222 INFO    ontocast.agent.chunk_text: Chunking the text
2026-08-24 19:05:30,252 INFO    ontocast.agent.chunk_text: Created 2 chunks for processing: [8703, 15292]
2026-08-24 19:05:30,256 INFO    ontocast.agent.chunk_text: Created 2 content units: [8703, 15292]
2026-08-24 19:05:30,256 INFO    ontocast.agent.chunk_text: Section labels: (unlabeled)=2
2026-08-24 19:05:30,256 INFO    carry_forward: L1: 2 chunk(s), sizes=[8703, 15292]
2026-08-24 19:05:30,270 INFO    ontocast.stategraph.atomic: Ontology context for mode fixed_single_ontology: sources=['https://growgraph.dev/echr'] writable=['https://growgraph.dev/echr']
2026-08-24 19:05:30,270 INFO    ontocast.agent.render_facts: Render facts for content unit 1
2026-08-24 19:05:30,270 INFO    ontocast.agent.render_facts: Generating fresh facts as Turtle
2026-08-24 19:05:30,270 INFO    ontocast.agent.render_facts: Rendering fresh facts
2026-08-24 19:05:53,786 INFO    httpx: HTTP Request: POST http://localhost:8000/v1/chat/completions "HTTP/1.1 200 OK"
2026-08-24 19:05:53,986 INFO    ontocast.agent.render_facts: Fresh facts generated with 112 triple(s).
2026-08-24 19:05:53,986 INFO    ontocast.stategraph.atomic: Unit facts loop finishing on final render attempt 1/1 (skipping LLM critic; finding-driven repair renders may still run)
2026-08-24 19:05:53,992 INFO    carry_forward: L1 chunk 1/2: 8703 chars, carried 0 -> 112 triples (+112) in 23.7s
2026-08-24 19:05:54,013 INFO    ontocast.stategraph.atomic: Ontology context for mode fixed_single_ontology: sources=['https://growgraph.dev/echr'] writable=['https://growgraph.dev/echr']
2026-08-24 19:05:54,014 INFO    ontocast.agent.render_facts: Render facts for content unit 2
2026-08-24 19:05:54,014 INFO    ontocast.agent.render_facts: Generating facts update
2026-08-24 19:05:54,014 INFO    ontocast.agent.render_facts: Rendering updates for facts
2026-08-24 19:06:24,609 INFO    httpx: HTTP Request: POST http://localhost:8000/v1/chat/completions "HTTP/1.1 200 OK"
2026-08-24 19:06:25,097 INFO    ontocast.agent.render_facts: Facts update has 1 operation(s) with 155 total triple(s).
2026-08-24 19:06:25,098 INFO    ontocast.stategraph.atomic: Unit facts loop finishing on final render attempt 1/1 (skipping LLM critic; finding-driven repair renders may still run)
2026-08-24 19:06:25,105 WARNING ontocast.util.numeric_inventory: Numeric coverage: 32 missing mention(s) truncated to 30 for the repair prompt
2026-08-24 19:06:25,109 INFO    carry_forward: L1 chunk 2/2: 15292 chars, carried 112 -> 267 triples (+155) in 31.1s
2026-08-24 19:06:25,112 INFO    ontocast.tool.agg.aggregate: Starting aggregation with metadata for 1 units
2026-08-24 19:06:31,240 INFO    ontocast.tool.agg.aggregate: Aggregation entity classification stats: fact=50 known_ontology=2 tentative_ontology=48
2026-08-24 19:06:31,240 INFO    ontocast.tool.agg.clustering: Embedding 26 entity representations in parallel...
2026-08-24 19:06:33,308 INFO    ontocast.tool.sentence_transformer: Loading sentence-transformer model: sentence-transformers/paraphrase-multilingual-MiniLM-L12-v2 (device=auto)
2026-08-24 19:06:33,310 INFO    sentence_transformers.base.model: No device provided, using cpu
2026-08-24 19:06:33,557 INFO    httpx: HTTP Request: HEAD https://huggingface.co/sentence-transformers/paraphrase-multilingual-MiniLM-L12-v2/resolve/main/modules.json "HTTP/1.1 307 Temporary Redirect"
2026-08-24 19:06:33,568 INFO    httpx: HTTP Request: HEAD https://huggingface.co/api/resolve-cache/models/sentence-transformers/paraphrase-multilingual-MiniLM-L12-v2/e8f8c211226b894fcb81acc59f3b34ba3efd5f42/modules.json "HTTP/1.1 200 OK"
2026-08-24 19:06:33,703 INFO    httpx: HTTP Request: HEAD https://huggingface.co/sentence-transformers/paraphrase-multilingual-MiniLM-L12-v2/resolve/main/config_sentence_transformers.json "HTTP/1.1 307 Temporary Redirect"
2026-08-24 19:06:33,712 INFO    httpx: HTTP Request: HEAD https://huggingface.co/api/resolve-cache/models/sentence-transformers/paraphrase-multilingual-MiniLM-L12-v2/e8f8c211226b894fcb81acc59f3b34ba3efd5f42/config_sentence_transformers.json "HTTP/1.1 200 OK"
2026-08-24 19:06:33,713 INFO    sentence_transformers.base.model: Loading SentenceTransformer model from sentence-transformers/paraphrase-multilingual-MiniLM-L12-v2.
2026-08-24 19:06:33,814 INFO    httpx: HTTP Request: HEAD https://huggingface.co/sentence-transformers/paraphrase-multilingual-MiniLM-L12-v2/resolve/main/config_sentence_transformers.json "HTTP/1.1 307 Temporary Redirect"
Warning: You are sending unauthenticated requests to the HF Hub. Please set a HF_TOKEN to enable higher rate limits and faster downloads.
2026-08-24 19:06:33,814 WARNING huggingface_hub.utils._http: Warning: You are sending unauthenticated requests to the HF Hub. Please set a HF_TOKEN to enable higher rate limits and faster downloads.
2026-08-24 19:06:33,823 INFO    httpx: HTTP Request: HEAD https://huggingface.co/api/resolve-cache/models/sentence-transformers/paraphrase-multilingual-MiniLM-L12-v2/e8f8c211226b894fcb81acc59f3b34ba3efd5f42/config_sentence_transformers.json "HTTP/1.1 200 OK"
2026-08-24 19:06:33,927 INFO    httpx: HTTP Request: HEAD https://huggingface.co/sentence-transformers/paraphrase-multilingual-MiniLM-L12-v2/resolve/main/README.md "HTTP/1.1 307 Temporary Redirect"
2026-08-24 19:06:33,935 INFO    httpx: HTTP Request: HEAD https://huggingface.co/api/resolve-cache/models/sentence-transformers/paraphrase-multilingual-MiniLM-L12-v2/e8f8c211226b894fcb81acc59f3b34ba3efd5f42/README.md "HTTP/1.1 200 OK"
2026-08-24 19:06:34,035 INFO    httpx: HTTP Request: HEAD https://huggingface.co/sentence-transformers/paraphrase-multilingual-MiniLM-L12-v2/resolve/main/modules.json "HTTP/1.1 307 Temporary Redirect"
2026-08-24 19:06:34,044 INFO    httpx: HTTP Request: HEAD https://huggingface.co/api/resolve-cache/models/sentence-transformers/paraphrase-multilingual-MiniLM-L12-v2/e8f8c211226b894fcb81acc59f3b34ba3efd5f42/modules.json "HTTP/1.1 200 OK"
2026-08-24 19:06:34,146 INFO    httpx: HTTP Request: HEAD https://huggingface.co/sentence-transformers/paraphrase-multilingual-MiniLM-L12-v2/resolve/main/sentence_bert_config.json "HTTP/1.1 307 Temporary Redirect"
2026-08-24 19:06:34,155 INFO    httpx: HTTP Request: HEAD https://huggingface.co/api/resolve-cache/models/sentence-transformers/paraphrase-multilingual-MiniLM-L12-v2/e8f8c211226b894fcb81acc59f3b34ba3efd5f42/sentence_bert_config.json "HTTP/1.1 200 OK"
2026-08-24 19:06:34,260 INFO    httpx: HTTP Request: HEAD https://huggingface.co/sentence-transformers/paraphrase-multilingual-MiniLM-L12-v2/resolve/main/adapter_config.json "HTTP/1.1 404 Not Found"
2026-08-24 19:06:34,361 INFO    httpx: HTTP Request: HEAD https://huggingface.co/sentence-transformers/paraphrase-multilingual-MiniLM-L12-v2/resolve/main/config.json "HTTP/1.1 307 Temporary Redirect"
2026-08-24 19:06:34,370 INFO    httpx: HTTP Request: HEAD https://huggingface.co/api/resolve-cache/models/sentence-transformers/paraphrase-multilingual-MiniLM-L12-v2/e8f8c211226b894fcb81acc59f3b34ba3efd5f42/config.json "HTTP/1.1 200 OK"

Loading weights:   0%|          | 0/199 [00:00<?, ?it/s]
Loading weights: 100%|██████████| 199/199 [00:00<00:00, 7315.99it/s]
2026-08-24 19:06:34,647 INFO    httpx: HTTP Request: HEAD https://huggingface.co/sentence-transformers/paraphrase-multilingual-MiniLM-L12-v2/resolve/main/processor_config.json "HTTP/1.1 404 Not Found"
2026-08-24 19:06:34,752 INFO    httpx: HTTP Request: HEAD https://huggingface.co/sentence-transformers/paraphrase-multilingual-MiniLM-L12-v2/resolve/main/preprocessor_config.json "HTTP/1.1 404 Not Found"
2026-08-24 19:06:34,855 INFO    httpx: HTTP Request: HEAD https://huggingface.co/sentence-transformers/paraphrase-multilingual-MiniLM-L12-v2/resolve/main/video_preprocessor_config.json "HTTP/1.1 404 Not Found"
2026-08-24 19:06:35,053 INFO    httpx: HTTP Request: HEAD https://huggingface.co/sentence-transformers/paraphrase-multilingual-MiniLM-L12-v2/resolve/main/preprocessor_config.json "HTTP/1.1 404 Not Found"
2026-08-24 19:06:35,158 INFO    httpx: HTTP Request: HEAD https://huggingface.co/sentence-transformers/paraphrase-multilingual-MiniLM-L12-v2/resolve/main/tokenizer_config.json "HTTP/1.1 307 Temporary Redirect"
2026-08-24 19:06:35,166 INFO    httpx: HTTP Request: HEAD https://huggingface.co/api/resolve-cache/models/sentence-transformers/paraphrase-multilingual-MiniLM-L12-v2/e8f8c211226b894fcb81acc59f3b34ba3efd5f42/tokenizer_config.json "HTTP/1.1 200 OK"
2026-08-24 19:06:35,267 INFO    httpx: HTTP Request: HEAD https://huggingface.co/sentence-transformers/paraphrase-multilingual-MiniLM-L12-v2/resolve/main/config.json "HTTP/1.1 307 Temporary Redirect"
2026-08-24 19:06:35,276 INFO    httpx: HTTP Request: HEAD https://huggingface.co/api/resolve-cache/models/sentence-transformers/paraphrase-multilingual-MiniLM-L12-v2/e8f8c211226b894fcb81acc59f3b34ba3efd5f42/config.json "HTTP/1.1 200 OK"
2026-08-24 19:06:35,381 INFO    httpx: HTTP Request: HEAD https://huggingface.co/sentence-transformers/paraphrase-multilingual-MiniLM-L12-v2/resolve/main/config.json "HTTP/1.1 307 Temporary Redirect"
2026-08-24 19:06:35,390 INFO    httpx: HTTP Request: HEAD https://huggingface.co/api/resolve-cache/models/sentence-transformers/paraphrase-multilingual-MiniLM-L12-v2/e8f8c211226b894fcb81acc59f3b34ba3efd5f42/config.json "HTTP/1.1 200 OK"
2026-08-24 19:06:35,493 INFO    httpx: HTTP Request: HEAD https://huggingface.co/sentence-transformers/paraphrase-multilingual-MiniLM-L12-v2/resolve/main/tokenizer_config.json "HTTP/1.1 307 Temporary Redirect"
2026-08-24 19:06:35,501 INFO    httpx: HTTP Request: HEAD https://huggingface.co/api/resolve-cache/models/sentence-transformers/paraphrase-multilingual-MiniLM-L12-v2/e8f8c211226b894fcb81acc59f3b34ba3efd5f42/tokenizer_config.json "HTTP/1.1 200 OK"
2026-08-24 19:06:35,601 INFO    httpx: HTTP Request: HEAD https://huggingface.co/sentence-transformers/paraphrase-multilingual-MiniLM-L12-v2/resolve/main/tokenizer_config.json "HTTP/1.1 307 Temporary Redirect"
2026-08-24 19:06:35,611 INFO    httpx: HTTP Request: HEAD https://huggingface.co/api/resolve-cache/models/sentence-transformers/paraphrase-multilingual-MiniLM-L12-v2/e8f8c211226b894fcb81acc59f3b34ba3efd5f42/tokenizer_config.json "HTTP/1.1 200 OK"
2026-08-24 19:06:35,716 INFO    httpx: HTTP Request: GET https://huggingface.co/api/models/sentence-transformers/paraphrase-multilingual-MiniLM-L12-v2/tree/main/additional_chat_templates?recursive=false&expand=false "HTTP/1.1 404 Not Found"
2026-08-24 19:06:35,825 INFO    httpx: HTTP Request: GET https://huggingface.co/api/models/sentence-transformers/paraphrase-multilingual-MiniLM-L12-v2/tree/main?recursive=true&expand=false "HTTP/1.1 200 OK"
2026-08-24 19:06:37,258 INFO    httpx: HTTP Request: GET https://huggingface.co/api/models/sentence-transformers/paraphrase-multilingual-MiniLM-L12-v2 "HTTP/1.1 200 OK"
2026-08-24 19:06:37,573 INFO    httpx: HTTP Request: HEAD https://huggingface.co/sentence-transformers/paraphrase-multilingual-MiniLM-L12-v2/resolve/main/1_Pooling/config.json "HTTP/1.1 307 Temporary Redirect"
2026-08-24 19:06:37,582 INFO    httpx: HTTP Request: HEAD https://huggingface.co/api/resolve-cache/models/sentence-transformers/paraphrase-multilingual-MiniLM-L12-v2/e8f8c211226b894fcb81acc59f3b34ba3efd5f42/1_Pooling%2Fconfig.json "HTTP/1.1 200 OK"
2026-08-24 19:06:37,689 INFO    httpx: HTTP Request: GET https://huggingface.co/api/models/sentence-transformers/paraphrase-multilingual-MiniLM-L12-v2 "HTTP/1.1 200 OK"
2026-08-24 19:06:38,453 INFO    ontocast.tool.agg.clustering: Embedded 26 entities
2026-08-24 19:06:38,536 INFO    ontocast.tool.agg.clustering: Clustering 26 entities...
2026-08-24 19:06:38,554 INFO    ontocast.tool.agg.clustering: Formed 5 clusters: 3 singletons, 2 multi-entity clusters, max cluster size: 21
2026-08-24 19:06:38,554 INFO    ontocast.tool.agg.clustering: Embedding 64 entity representations in parallel...
2026-08-24 19:06:39,842 INFO    ontocast.tool.agg.clustering: Embedded 64 entities
2026-08-24 19:06:39,842 INFO    ontocast.tool.agg.clustering: Clustering 64 entities...
2026-08-24 19:06:39,846 INFO    ontocast.tool.agg.clustering: Formed 18 clusters: 9 singletons, 9 multi-entity clusters, max cluster size: 21
2026-08-24 19:06:39,846 INFO    ontocast.tool.agg.clustering: Embedding 10 entity representations in parallel...
2026-08-24 19:06:39,990 INFO    ontocast.tool.agg.clustering: Embedded 10 entities
2026-08-24 19:06:39,990 INFO    ontocast.tool.agg.clustering: Clustering 10 entities...
2026-08-24 19:06:39,994 INFO    ontocast.tool.agg.clustering: Formed 6 clusters: 4 singletons, 2 multi-entity clusters, max cluster size: 4
2026-08-24 19:06:40,033 INFO    ontocast.tool.agg.aggregate: Rejected 333 candidate merges after symbolic validation
2026-08-24 19:06:40,034 INFO    ontocast.tool.agg.clustering: Created mapping for 100 entities to 95 representatives
2026-08-24 19:06:40,035 INFO    ontocast.tool.agg.uri_builder: Built URI mapping: 100 entities, 50 normalised
2026-08-24 19:06:40,048 INFO    ontocast.tool.agg.rewriter: Merged 1 unit graphs with provenance: 267 -> 764 triples (46 entities merged)
2026-08-24 19:06:40,049 INFO    ontocast.tool.agg.aggregate: Aggregation with metadata complete
2026-08-24 19:06:40,078 INFO    carry_forward: L1 done: 2 chunk(s) -> 767 triples in 70.5s -> input.L1.facts.ttl
2026-08-24 19:06:40,079 INFO    ontocast.agent.chunk_text: Chunking the text
2026-08-24 19:06:40,083 INFO    ontocast.agent.chunk_text: Created 4 chunks for processing: [8406, 9000, 8124, 9018]
2026-08-24 19:06:40,087 INFO    ontocast.agent.chunk_text: Created 4 content units: [8406, 9000, 8124, 9018]
2026-08-24 19:06:40,087 INFO    ontocast.agent.chunk_text: Section labels: (unlabeled)=4
2026-08-24 19:06:40,087 INFO    carry_forward: L2: 4 chunk(s), sizes=[8406, 9000, 8124, 9018]
2026-08-24 19:06:40,104 INFO    ontocast.stategraph.atomic: Ontology context for mode fixed_single_ontology: sources=['https://growgraph.dev/echr'] writable=['https://growgraph.dev/echr']
2026-08-24 19:06:40,104 INFO    ontocast.agent.render_facts: Render facts for content unit 1
2026-08-24 19:06:40,104 INFO    ontocast.agent.render_facts: Generating fresh facts as Turtle
2026-08-24 19:06:40,104 INFO    ontocast.agent.render_facts: Rendering fresh facts
2026-08-24 19:06:52,160 INFO    httpx: HTTP Request: POST http://localhost:8000/v1/chat/completions "HTTP/1.1 200 OK"
2026-08-24 19:06:52,195 INFO    turtle_repair: turtle repair: rewrote a premature '.' before a bare property continuation, and/or stripped a predicate repeated after a ',' continuation, and/or escaped an unescaped quote inside a literal
2026-08-24 19:06:52,195 WARNING ontocast.onto.rdfgraph: Recovering malformed Turtle after parse failure: at line 30 of <>:
Bad syntax (expected '.' or '}' or ']' at end of statement) at ^ in:
"...b'tive ;\n    echr:hasSupportingQuote "European Space Agency ("'^b'ESA")" .\n\ncd:darmstadt_labour_court a echr:DomesticAuthority'..."
2026-08-24 19:06:52,198 INFO    ontocast.agent.render_facts: Fresh facts generated with 36 triple(s).
2026-08-24 19:06:52,198 INFO    ontocast.stategraph.atomic: Unit facts loop finishing on final render attempt 1/1 (skipping LLM critic; finding-driven repair renders may still run)
2026-08-24 19:06:52,200 WARNING ontocast.util.numeric_inventory: Numeric coverage: 46 missing mention(s) truncated to 30 for the repair prompt
2026-08-24 19:06:52,200 INFO    carry_forward: L2 chunk 1/4: 8406 chars, carried 0 -> 36 triples (+36) in 12.1s
2026-08-24 19:06:52,207 INFO    ontocast.stategraph.atomic: Ontology context for mode fixed_single_ontology: sources=['https://growgraph.dev/echr'] writable=['https://growgraph.dev/echr']
2026-08-24 19:06:52,207 INFO    ontocast.agent.render_facts: Render facts for content unit 2
2026-08-24 19:06:52,207 INFO    ontocast.agent.render_facts: Generating facts update
2026-08-24 19:06:52,207 INFO    ontocast.agent.render_facts: Rendering updates for facts
2026-08-24 19:07:06,389 INFO    httpx: HTTP Request: POST http://localhost:8000/v1/chat/completions "HTTP/1.1 200 OK"
2026-08-24 19:07:06,525 INFO    ontocast.agent.render_facts: Facts update has 1 operation(s) with 61 total triple(s).
2026-08-24 19:07:06,525 INFO    ontocast.stategraph.atomic: Unit facts loop finishing on final render attempt 1/1 (skipping LLM critic; finding-driven repair renders may still run)
2026-08-24 19:07:06,529 WARNING ontocast.util.numeric_inventory: Numeric coverage: 31 missing mention(s) truncated to 30 for the repair prompt
2026-08-24 19:07:06,531 INFO    carry_forward: L2 chunk 2/4: 9000 chars, carried 36 -> 94 triples (+58) in 14.3s
2026-08-24 19:07:06,542 INFO    ontocast.stategraph.atomic: Ontology context for mode fixed_single_ontology: sources=['https://growgraph.dev/echr'] writable=['https://growgraph.dev/echr']
2026-08-24 19:07:06,543 INFO    ontocast.agent.render_facts: Render facts for content unit 3
2026-08-24 19:07:06,543 INFO    ontocast.agent.render_facts: Generating facts update
2026-08-24 19:07:06,543 INFO    ontocast.agent.render_facts: Rendering updates for facts
2026-08-24 19:07:10,382 INFO    httpx: HTTP Request: POST http://localhost:8000/v1/chat/completions "HTTP/1.1 200 OK"
2026-08-24 19:07:10,413 INFO    ontocast.agent.render_facts: Facts update has 1 operation(s) with 4 total triple(s).
2026-08-24 19:07:10,413 INFO    ontocast.stategraph.atomic: Unit facts loop finishing on final render attempt 1/1 (skipping LLM critic; finding-driven repair renders may still run)
2026-08-24 19:07:10,418 WARNING ontocast.util.numeric_inventory: Numeric coverage: 37 missing mention(s) truncated to 30 for the repair prompt
2026-08-24 19:07:10,420 INFO    carry_forward: L2 chunk 3/4: 8124 chars, carried 94 -> 98 triples (+4) in 3.9s
2026-08-24 19:07:10,432 INFO    ontocast.stategraph.atomic: Ontology context for mode fixed_single_ontology: sources=['https://growgraph.dev/echr'] writable=['https://growgraph.dev/echr']
2026-08-24 19:07:10,433 INFO    ontocast.agent.render_facts: Render facts for content unit 4
2026-08-24 19:07:10,433 INFO    ontocast.agent.render_facts: Generating facts update
2026-08-24 19:07:10,433 INFO    ontocast.agent.render_facts: Rendering updates for facts
2026-08-24 19:07:14,520 INFO    httpx: HTTP Request: POST http://localhost:8000/v1/chat/completions "HTTP/1.1 200 OK"
2026-08-24 19:07:14,562 INFO    ontocast.agent.render_facts: Facts update has 1 operation(s) with 11 total triple(s).
2026-08-24 19:07:14,562 INFO    ontocast.stategraph.atomic: Unit facts loop finishing on final render attempt 1/1 (skipping LLM critic; finding-driven repair renders may still run)
2026-08-24 19:07:14,566 WARNING ontocast.util.numeric_inventory: Numeric coverage: 31 missing mention(s) truncated to 30 for the repair prompt
2026-08-24 19:07:14,570 INFO    carry_forward: L2 chunk 4/4: 9018 chars, carried 98 -> 109 triples (+11) in 4.1s
2026-08-24 19:07:14,572 INFO    ontocast.tool.agg.aggregate: Starting aggregation with metadata for 1 units
2026-08-24 19:07:15,329 INFO    ontocast.tool.agg.aggregate: Aggregation entity classification stats: fact=19 known_ontology=2 tentative_ontology=35
2026-08-24 19:07:15,329 INFO    ontocast.tool.agg.clustering: Embedding 21 entity representations in parallel...
2026-08-24 19:07:15,689 INFO    ontocast.tool.agg.clustering: Embedded 21 entities
2026-08-24 19:07:15,689 INFO    ontocast.tool.agg.clustering: Clustering 21 entities...
2026-08-24 19:07:15,692 INFO    ontocast.tool.agg.clustering: Formed 9 clusters: 5 singletons, 4 multi-entity clusters, max cluster size: 5
2026-08-24 19:07:15,692 INFO    ontocast.tool.agg.clustering: Embedding 29 entity representations in parallel...
2026-08-24 19:07:16,393 INFO    ontocast.tool.agg.clustering: Embedded 29 entities
2026-08-24 19:07:16,393 INFO    ontocast.tool.agg.clustering: Clustering 29 entities...
2026-08-24 19:07:16,395 INFO    ontocast.tool.agg.clustering: Formed 13 clusters: 6 singletons, 7 multi-entity clusters, max cluster size: 8
2026-08-24 19:07:16,395 INFO    ontocast.tool.agg.clustering: Embedding 6 entity representations in parallel...
2026-08-24 19:07:16,492 INFO    ontocast.tool.agg.clustering: Embedded 6 entities
2026-08-24 19:07:16,492 INFO    ontocast.tool.agg.clustering: Clustering 6 entities...
2026-08-24 19:07:16,494 INFO    ontocast.tool.agg.clustering: Formed 4 clusters: 2 singletons, 2 multi-entity clusters, max cluster size: 2
2026-08-24 19:07:16,500 INFO    ontocast.tool.agg.aggregate: Rejected 39 candidate merges after symbolic validation
2026-08-24 19:07:16,500 INFO    ontocast.tool.agg.clustering: Created mapping for 56 entities to 55 representatives
2026-08-24 19:07:16,500 INFO    ontocast.tool.agg.uri_builder: Built URI mapping: 56 entities, 19 normalised
2026-08-24 19:07:16,508 INFO    ontocast.tool.agg.rewriter: Merged 1 unit graphs with provenance: 109 -> 329 triples (18 entities merged)
2026-08-24 19:07:16,508 INFO    ontocast.tool.agg.aggregate: Aggregation with metadata complete
2026-08-24 19:07:16,524 INFO    carry_forward: L2 done: 4 chunk(s) -> 332 triples in 36.4s -> input.L2.facts.ttl
2026-08-24 19:07:16,525 INFO    ontocast.agent.chunk_text: Chunking the text
2026-08-24 19:07:16,528 INFO    ontocast.agent.chunk_text: Created 3 chunks for processing: [8250, 8189, 12420]
2026-08-24 19:07:16,530 INFO    ontocast.agent.chunk_text: Created 3 content units: [8250, 8189, 12420]
2026-08-24 19:07:16,530 INFO    ontocast.agent.chunk_text: Section labels: (unlabeled)=3
2026-08-24 19:07:16,530 INFO    carry_forward: L3: 3 chunk(s), sizes=[8250, 8189, 12420]
2026-08-24 19:07:16,543 INFO    ontocast.stategraph.atomic: Ontology context for mode fixed_single_ontology: sources=['https://growgraph.dev/echr'] writable=['https://growgraph.dev/echr']
2026-08-24 19:07:16,544 INFO    ontocast.agent.render_facts: Render facts for content unit 1
2026-08-24 19:07:16,544 INFO    ontocast.agent.render_facts: Generating fresh facts as Turtle
2026-08-24 19:07:16,544 INFO    ontocast.agent.render_facts: Rendering fresh facts
2026-08-24 19:07:29,003 INFO    httpx: HTTP Request: POST http://localhost:8000/v1/chat/completions "HTTP/1.1 200 OK"
2026-08-24 19:07:29,079 INFO    ontocast.agent.render_facts: Fresh facts generated with 52 triple(s).
2026-08-24 19:07:29,080 INFO    ontocast.stategraph.atomic: Unit facts loop finishing on final render attempt 1/1 (skipping LLM critic; finding-driven repair renders may still run)
2026-08-24 19:07:29,083 INFO    carry_forward: L3 chunk 1/3: 8250 chars, carried 0 -> 52 triples (+52) in 12.6s
2026-08-24 19:07:29,095 INFO    ontocast.stategraph.atomic: Ontology context for mode fixed_single_ontology: sources=['https://growgraph.dev/echr'] writable=['https://growgraph.dev/echr']
2026-08-24 19:07:29,095 INFO    ontocast.agent.render_facts: Render facts for content unit 2
2026-08-24 19:07:29,095 INFO    ontocast.agent.render_facts: Generating facts update
2026-08-24 19:07:29,095 INFO    ontocast.agent.render_facts: Rendering updates for facts
2026-08-24 19:07:53,903 INFO    httpx: HTTP Request: POST http://localhost:8000/v1/chat/completions "HTTP/1.1 200 OK"
2026-08-24 19:07:54,229 INFO    ontocast.agent.render_facts: Facts update has 1 operation(s) with 117 total triple(s).
2026-08-24 19:07:54,229 INFO    ontocast.stategraph.atomic: Unit facts loop finishing on final render attempt 1/1 (skipping LLM critic; finding-driven repair renders may still run)
2026-08-24 19:07:54,238 INFO    carry_forward: L3 chunk 2/3: 8189 chars, carried 52 -> 169 triples (+117) in 25.1s
2026-08-24 19:07:54,254 INFO    ontocast.stategraph.atomic: Ontology context for mode fixed_single_ontology: sources=['https://growgraph.dev/echr'] writable=['https://growgraph.dev/echr']
2026-08-24 19:07:54,254 INFO    ontocast.agent.render_facts: Render facts for content unit 3
2026-08-24 19:07:54,254 INFO    ontocast.agent.render_facts: Generating facts update
2026-08-24 19:07:54,254 INFO    ontocast.agent.render_facts: Rendering updates for facts
2026-08-24 19:08:14,793 INFO    httpx: HTTP Request: POST http://localhost:8000/v1/chat/completions "HTTP/1.1 200 OK"
2026-08-24 19:08:15,028 INFO    ontocast.agent.render_facts: Facts update has 1 operation(s) with 96 total triple(s).
2026-08-24 19:08:15,029 INFO    ontocast.stategraph.atomic: Unit facts loop finishing on final render attempt 1/1 (skipping LLM critic; finding-driven repair renders may still run)
2026-08-24 19:08:15,038 WARNING ontocast.util.numeric_inventory: Numeric coverage: 41 missing mention(s) truncated to 30 for the repair prompt
2026-08-24 19:08:15,038 INFO    ontocast.stategraph.atomic: Finding-driven facts repair render 1/1: 11 finding(s) (10 mandatory)
2026-08-24 19:08:15,038 INFO    ontocast.agent.render_facts: Render facts for content unit 3
2026-08-24 19:08:15,038 INFO    ontocast.agent.render_facts: Generating facts update
2026-08-24 19:08:15,038 INFO    ontocast.agent.render_facts: Rendering updates for facts
2026-08-24 19:08:28,235 INFO    httpx: HTTP Request: POST http://localhost:8000/v1/chat/completions "HTTP/1.1 200 OK"
2026-08-24 19:08:28,339 INFO    ontocast.agent.render_facts: Facts update has 2 operation(s) with 45 total triple(s).
2026-08-24 19:08:28,346 WARNING ontocast.util.numeric_inventory: Numeric coverage: 39 missing mention(s) truncated to 30 for the repair prompt
2026-08-24 19:08:28,350 INFO    carry_forward: L3 chunk 3/3: 12420 chars, carried 169 -> 276 triples (+107) in 34.1s
2026-08-24 19:08:28,354 INFO    ontocast.tool.agg.aggregate: Starting aggregation with metadata for 1 units
2026-08-24 19:08:33,812 INFO    ontocast.tool.agg.aggregate: Aggregation entity classification stats: fact=51 known_ontology=2 tentative_ontology=46
2026-08-24 19:08:33,813 INFO    ontocast.tool.agg.clustering: Embedding 25 entity representations in parallel...
2026-08-24 19:08:34,466 INFO    ontocast.tool.agg.clustering: Embedded 25 entities
2026-08-24 19:08:34,466 INFO    ontocast.tool.agg.clustering: Clustering 25 entities...
2026-08-24 19:08:34,469 INFO    ontocast.tool.agg.clustering: Formed 13 clusters: 10 singletons, 3 multi-entity clusters, max cluster size: 10
2026-08-24 19:08:34,469 INFO    ontocast.tool.agg.clustering: Embedding 66 entity representations in parallel...
2026-08-24 19:08:35,770 INFO    ontocast.tool.agg.clustering: Embedded 66 entities
2026-08-24 19:08:35,770 INFO    ontocast.tool.agg.clustering: Clustering 66 entities...
2026-08-24 19:08:35,776 INFO    ontocast.tool.agg.clustering: Formed 12 clusters: 5 singletons, 7 multi-entity clusters, max cluster size: 24
2026-08-24 19:08:35,776 INFO    ontocast.tool.agg.clustering: Embedding 8 entity representations in parallel...
2026-08-24 19:08:35,902 INFO    ontocast.tool.agg.clustering: Embedded 8 entities
2026-08-24 19:08:35,903 INFO    ontocast.tool.agg.clustering: Clustering 8 entities...
2026-08-24 19:08:35,905 INFO    ontocast.tool.agg.clustering: Formed 7 clusters: 6 singletons, 1 multi-entity clusters, max cluster size: 2
2026-08-24 19:08:35,945 INFO    ontocast.tool.agg.aggregate: Rejected 306 candidate merges after symbolic validation
2026-08-24 19:08:35,946 INFO    ontocast.tool.agg.clustering: Created mapping for 99 entities to 79 representatives
2026-08-24 19:08:35,946 INFO    ontocast.tool.agg.uri_builder: Built URI mapping: 99 entities, 51 normalised
2026-08-24 19:08:35,959 INFO    ontocast.tool.agg.rewriter: Merged 1 unit graphs with provenance: 276 -> 662 triples (33 entities merged)
2026-08-24 19:08:35,959 INFO    ontocast.tool.agg.aggregate: Aggregation with metadata complete
2026-08-24 19:08:35,986 INFO    carry_forward: L3 done: 3 chunk(s) -> 665 triples in 79.5s -> input.L3.facts.ttl
2026-08-24 19:08:35,987 INFO    ontocast.agent.chunk_text: Chunking the text
2026-08-24 19:08:35,990 INFO    ontocast.agent.chunk_text: Created 2 chunks for processing: [12073, 13163]
2026-08-24 19:08:35,992 INFO    ontocast.agent.chunk_text: Created 2 content units: [12073, 13163]
2026-08-24 19:08:35,992 INFO    ontocast.agent.chunk_text: Section labels: (unlabeled)=2
2026-08-24 19:08:35,992 INFO    carry_forward: L4: 2 chunk(s), sizes=[12073, 13163]
2026-08-24 19:08:36,003 INFO    ontocast.stategraph.atomic: Ontology context for mode fixed_single_ontology: sources=['https://growgraph.dev/echr'] writable=['https://growgraph.dev/echr']
2026-08-24 19:08:36,003 INFO    ontocast.agent.render_facts: Render facts for content unit 1
2026-08-24 19:08:36,003 INFO    ontocast.agent.render_facts: Generating fresh facts as Turtle
2026-08-24 19:08:36,003 INFO    ontocast.agent.render_facts: Rendering fresh facts
2026-08-24 19:08:51,631 INFO    httpx: HTTP Request: POST http://localhost:8000/v1/chat/completions "HTTP/1.1 200 OK"
2026-08-24 19:08:51,734 INFO    turtle_repair: turtle repair: rewrote a premature '.' before a bare property continuation, and/or stripped a predicate repeated after a ',' continuation, and/or escaped an unescaped quote inside a literal
2026-08-24 19:08:51,734 WARNING ontocast.onto.rdfgraph: Recovering malformed Turtle after parse failure: at line 17 of <>:
Bad syntax (expected '.' or '}' or ']' at end of statement) at ^ in:
"...b'erMale ;\n    echr:hasSupportingQuote "Mr Aleksander Matko ("'^b'the applicant")" .\n\ncd:mia a echr:DomesticAuthority ;\n    rd'..."
2026-08-24 19:08:51,739 INFO    ontocast.agent.render_facts: Fresh facts generated with 35 triple(s).
2026-08-24 19:08:51,739 INFO    ontocast.stategraph.atomic: Unit facts loop finishing on final render attempt 1/1 (skipping LLM critic; finding-driven repair renders may still run)
2026-08-24 19:08:51,742 WARNING ontocast.util.numeric_inventory: Numeric coverage: 32 missing mention(s) truncated to 30 for the repair prompt
2026-08-24 19:08:51,742 INFO    carry_forward: L4 chunk 1/2: 12073 chars, carried 0 -> 35 triples (+35) in 15.7s
2026-08-24 19:08:51,755 INFO    ontocast.stategraph.atomic: Ontology context for mode fixed_single_ontology: sources=['https://growgraph.dev/echr'] writable=['https://growgraph.dev/echr']
2026-08-24 19:08:51,756 INFO    ontocast.agent.render_facts: Render facts for content unit 2
2026-08-24 19:08:51,756 INFO    ontocast.agent.render_facts: Generating facts update
2026-08-24 19:08:51,756 INFO    ontocast.agent.render_facts: Rendering updates for facts
2026-08-24 19:09:20,844 INFO    httpx: HTTP Request: POST http://localhost:8000/v1/chat/completions "HTTP/1.1 200 OK"
2026-08-24 19:09:21,237 INFO    ontocast.agent.render_facts: Facts update has 1 operation(s) with 126 total triple(s).
2026-08-24 19:09:21,237 INFO    ontocast.stategraph.atomic: Unit facts loop finishing on final render attempt 1/1 (skipping LLM critic; finding-driven repair renders may still run)
2026-08-24 19:09:21,242 WARNING ontocast.util.numeric_inventory: Numeric coverage: 38 missing mention(s) truncated to 30 for the repair prompt
2026-08-24 19:09:21,245 INFO    carry_forward: L4 chunk 2/2: 13163 chars, carried 35 -> 161 triples (+126) in 29.5s
2026-08-24 19:09:21,248 INFO    ontocast.tool.agg.aggregate: Starting aggregation with metadata for 1 units
2026-08-24 19:09:22,906 INFO    ontocast.tool.agg.aggregate: Aggregation entity classification stats: fact=33 known_ontology=2 tentative_ontology=40
2026-08-24 19:09:22,906 INFO    ontocast.tool.agg.clustering: Embedding 46 entity representations in parallel...
2026-08-24 19:09:23,862 INFO    ontocast.tool.agg.clustering: Embedded 46 entities
2026-08-24 19:09:23,862 INFO    ontocast.tool.agg.clustering: Clustering 46 entities...
2026-08-24 19:09:23,865 INFO    ontocast.tool.agg.clustering: Formed 11 clusters: 7 singletons, 4 multi-entity clusters, max cluster size: 30
2026-08-24 19:09:23,865 INFO    ontocast.tool.agg.clustering: Embedding 20 entity representations in parallel...
2026-08-24 19:09:24,271 INFO    ontocast.tool.agg.clustering: Embedded 20 entities
2026-08-24 19:09:24,271 INFO    ontocast.tool.agg.clustering: Clustering 20 entities...
2026-08-24 19:09:24,273 INFO    ontocast.tool.agg.clustering: Formed 11 clusters: 9 singletons, 2 multi-entity clusters, max cluster size: 9
2026-08-24 19:09:24,273 INFO    ontocast.tool.agg.clustering: Embedding 9 entity representations in parallel...
2026-08-24 19:09:24,393 INFO    ontocast.tool.agg.clustering: Embedded 9 entities
2026-08-24 19:09:24,393 INFO    ontocast.tool.agg.clustering: Clustering 9 entities...
2026-08-24 19:09:24,395 INFO    ontocast.tool.agg.clustering: Formed 9 clusters: 9 singletons, 0 multi-entity clusters, max cluster size: 1
2026-08-24 19:09:24,434 INFO    ontocast.tool.agg.aggregate: Rejected 103 candidate merges after symbolic validation
2026-08-24 19:09:24,434 INFO    ontocast.tool.agg.clustering: Created mapping for 75 entities to 73 representatives
2026-08-24 19:09:24,435 INFO    ontocast.tool.agg.uri_builder: Built URI mapping: 75 entities, 33 normalised
2026-08-24 19:09:24,445 INFO    ontocast.tool.agg.rewriter: Merged 1 unit graphs with provenance: 161 -> 479 triples (32 entities merged)
2026-08-24 19:09:24,445 INFO    ontocast.tool.agg.aggregate: Aggregation with metadata complete
2026-08-24 19:09:24,468 INFO    carry_forward: L4 done: 2 chunk(s) -> 482 triples in 48.5s -> input.L4.facts.ttl
2026-08-24 19:09:24,469 INFO    ontocast.agent.chunk_text: Chunking the text
2026-08-24 19:09:24,472 INFO    ontocast.agent.chunk_text: Created 3 chunks for processing: [8934, 8079, 9527]
2026-08-24 19:09:24,474 INFO    ontocast.agent.chunk_text: Created 3 content units: [8934, 8079, 9527]
2026-08-24 19:09:24,474 INFO    ontocast.agent.chunk_text: Section labels: (unlabeled)=3
2026-08-24 19:09:24,474 INFO    carry_forward: L5: 3 chunk(s), sizes=[8934, 8079, 9527]
2026-08-24 19:09:24,484 INFO    ontocast.stategraph.atomic: Ontology context for mode fixed_single_ontology: sources=['https://growgraph.dev/echr'] writable=['https://growgraph.dev/echr']
2026-08-24 19:09:24,485 INFO    ontocast.agent.render_facts: Render facts for content unit 1
2026-08-24 19:09:24,485 INFO    ontocast.agent.render_facts: Generating fresh facts as Turtle
2026-08-24 19:09:24,485 INFO    ontocast.agent.render_facts: Rendering fresh facts
2026-08-24 19:09:52,550 INFO    httpx: HTTP Request: POST http://localhost:8000/v1/chat/completions "HTTP/1.1 200 OK"
2026-08-24 19:09:52,832 INFO    ontocast.agent.render_facts: Fresh facts generated with 128 triple(s).
2026-08-24 19:09:52,832 INFO    ontocast.stategraph.atomic: Unit facts loop finishing on final render attempt 1/1 (skipping LLM critic; finding-driven repair renders may still run)
2026-08-24 19:09:52,837 INFO    carry_forward: L5 chunk 1/3: 8934 chars, carried 0 -> 128 triples (+128) in 28.4s
2026-08-24 19:09:52,851 INFO    ontocast.stategraph.atomic: Ontology context for mode fixed_single_ontology: sources=['https://growgraph.dev/echr'] writable=['https://growgraph.dev/echr']
2026-08-24 19:09:52,851 INFO    ontocast.agent.render_facts: Render facts for content unit 2
2026-08-24 19:09:52,851 INFO    ontocast.agent.render_facts: Generating facts update
2026-08-24 19:09:52,851 INFO    ontocast.agent.render_facts: Rendering updates for facts
2026-08-24 19:10:09,688 INFO    httpx: HTTP Request: POST http://localhost:8000/v1/chat/completions "HTTP/1.1 200 OK"
2026-08-24 19:10:09,797 INFO    turtle_repair: turtle repair: rewrote a premature '.' before a bare property continuation, and/or stripped a predicate repeated after a ',' continuation, and/or escaped an unescaped quote inside a literal
2026-08-24 19:10:09,798 WARNING ontocast.onto.rdfgraph: Recovering malformed Turtle after parse failure: at line 76 of <>:
Bad syntax (expected '.' or '}' or ']' at end of statement) at ^ in:
"...b'il 2021" .\n\ncd:proceeding_kyiv_admin a echr:hasInactivityPer'^b'iod cd:inactivity_kyiv_admin .'"
2026-08-24 19:10:09,799 WARNING ontocast.agent.common: Failed to parse LLM response on attempt 1/3: at line 41 of <>:
Bad syntax (expected '.' or '}' or ']' at end of statement) at ^ in:
"...b'il 2021" .\n\ncd:proceeding_kyiv_admin a echr:hasInactivityPer'^b'iod cd:inactivity_kyiv_admin .'"
2026-08-24 19:10:26,563 INFO    httpx: HTTP Request: POST http://localhost:8000/v1/chat/completions "HTTP/1.1 200 OK"
2026-08-24 19:10:26,724 INFO    ontocast.agent.render_facts: Facts update has 1 operation(s) with 61 total triple(s).
2026-08-24 19:10:26,724 INFO    ontocast.stategraph.atomic: Unit facts loop finishing on final render attempt 1/1 (skipping LLM critic; finding-driven repair renders may still run)
2026-08-24 19:10:26,733 INFO    carry_forward: L5 chunk 2/3: 8079 chars, carried 128 -> 189 triples (+61) in 33.9s
2026-08-24 19:10:26,747 INFO    ontocast.stategraph.atomic: Ontology context for mode fixed_single_ontology: sources=['https://growgraph.dev/echr'] writable=['https://growgraph.dev/echr']
2026-08-24 19:10:26,747 INFO    ontocast.agent.render_facts: Render facts for content unit 3
2026-08-24 19:10:26,747 INFO    ontocast.agent.render_facts: Generating facts update
2026-08-24 19:10:26,747 INFO    ontocast.agent.render_facts: Rendering updates for facts
2026-08-24 19:10:34,264 INFO    httpx: HTTP Request: POST http://localhost:8000/v1/chat/completions "HTTP/1.1 200 OK"
2026-08-24 19:10:34,267 INFO    response_repair: response repair recovered a malformed reply (mismatched JSON container closer, 1808 chars)
2026-08-24 19:10:34,296 INFO    ontocast.agent.render_facts: Facts update has 1 operation(s) with 23 total triple(s).
2026-08-24 19:10:34,296 INFO    ontocast.stategraph.atomic: Unit facts loop finishing on final render attempt 1/1 (skipping LLM critic; finding-driven repair renders may still run)
2026-08-24 19:10:34,302 WARNING ontocast.util.numeric_inventory: Numeric coverage: 46 missing mention(s) truncated to 30 for the repair prompt
2026-08-24 19:10:34,306 INFO    carry_forward: L5 chunk 3/3: 9527 chars, carried 189 -> 211 triples (+22) in 7.6s
2026-08-24 19:10:34,309 INFO    ontocast.tool.agg.aggregate: Starting aggregation with metadata for 1 units
2026-08-24 19:10:37,994 INFO    ontocast.tool.agg.aggregate: Aggregation entity classification stats: fact=38 known_ontology=2 tentative_ontology=53
2026-08-24 19:10:37,994 INFO    ontocast.tool.agg.clustering: Embedding 31 entity representations in parallel...
2026-08-24 19:10:38,854 INFO    ontocast.tool.agg.clustering: Embedded 31 entities
2026-08-24 19:10:38,854 INFO    ontocast.tool.agg.clustering: Clustering 31 entities...
2026-08-24 19:10:38,859 INFO    ontocast.tool.agg.clustering: Formed 6 clusters: 4 singletons, 2 multi-entity clusters, max cluster size: 22
2026-08-24 19:10:38,860 INFO    ontocast.tool.agg.clustering: Embedding 54 entity representations in parallel...
2026-08-24 19:10:40,121 INFO    ontocast.tool.agg.clustering: Embedded 54 entities
2026-08-24 19:10:40,121 INFO    ontocast.tool.agg.clustering: Clustering 54 entities...
2026-08-24 19:10:40,125 INFO    ontocast.tool.agg.clustering: Formed 12 clusters: 5 singletons, 7 multi-entity clusters, max cluster size: 36
2026-08-24 19:10:40,125 INFO    ontocast.tool.agg.clustering: Embedding 8 entity representations in parallel...
2026-08-24 19:10:40,221 INFO    ontocast.tool.agg.clustering: Embedded 8 entities
2026-08-24 19:10:40,221 INFO    ontocast.tool.agg.clustering: Clustering 8 entities...
2026-08-24 19:10:40,223 INFO    ontocast.tool.agg.clustering: Formed 6 clusters: 4 singletons, 2 multi-entity clusters, max cluster size: 2
2026-08-24 19:10:40,264 INFO    ontocast.tool.agg.aggregate: Rejected 160 candidate merges after symbolic validation
2026-08-24 19:10:40,264 INFO    ontocast.tool.agg.clustering: Created mapping for 93 entities to 92 representatives
2026-08-24 19:10:40,265 INFO    ontocast.tool.agg.uri_builder: Built URI mapping: 93 entities, 38 normalised
2026-08-24 19:10:40,276 INFO    ontocast.tool.agg.rewriter: Merged 1 unit graphs with provenance: 211 -> 629 triples (37 entities merged)
2026-08-24 19:10:40,276 INFO    ontocast.tool.agg.aggregate: Aggregation with metadata complete
2026-08-24 19:10:40,302 INFO    carry_forward: L5 done: 3 chunk(s) -> 632 triples in 75.8s -> input.L5.facts.ttl
2026-08-24 19:10:40,303 INFO    ontocast.agent.chunk_text: Chunking the text
2026-08-24 19:10:40,305 INFO    ontocast.agent.chunk_text: Created 2 chunks for processing: [8443, 8854]
2026-08-24 19:10:40,307 INFO    ontocast.agent.chunk_text: Created 2 content units: [8443, 8854]
2026-08-24 19:10:40,307 INFO    ontocast.agent.chunk_text: Section labels: (unlabeled)=2
2026-08-24 19:10:40,307 INFO    carry_forward: L6: 2 chunk(s), sizes=[8443, 8854]
2026-08-24 19:10:40,320 INFO    ontocast.stategraph.atomic: Ontology context for mode fixed_single_ontology: sources=['https://growgraph.dev/echr'] writable=['https://growgraph.dev/echr']
2026-08-24 19:10:40,320 INFO    ontocast.agent.render_facts: Render facts for content unit 1
2026-08-24 19:10:40,320 INFO    ontocast.agent.render_facts: Generating fresh facts as Turtle
2026-08-24 19:10:40,320 INFO    ontocast.agent.render_facts: Rendering fresh facts
2026-08-24 19:10:53,209 INFO    httpx: HTTP Request: POST http://localhost:8000/v1/chat/completions "HTTP/1.1 200 OK"
2026-08-24 19:10:53,283 INFO    ontocast.agent.render_facts: Fresh facts generated with 56 triple(s).
2026-08-24 19:10:53,283 INFO    ontocast.stategraph.atomic: Unit facts loop finishing on final render attempt 1/1 (skipping LLM critic; finding-driven repair renders may still run)
2026-08-24 19:10:53,286 INFO    carry_forward: L6 chunk 1/2: 8443 chars, carried 0 -> 56 triples (+56) in 13.0s
2026-08-24 19:10:53,299 INFO    ontocast.stategraph.atomic: Ontology context for mode fixed_single_ontology: sources=['https://growgraph.dev/echr'] writable=['https://growgraph.dev/echr']
2026-08-24 19:10:53,299 INFO    ontocast.agent.render_facts: Render facts for content unit 2
2026-08-24 19:10:53,299 INFO    ontocast.agent.render_facts: Generating facts update
2026-08-24 19:10:53,299 INFO    ontocast.agent.render_facts: Rendering updates for facts
2026-08-24 19:11:18,814 INFO    httpx: HTTP Request: POST http://localhost:8000/v1/chat/completions "HTTP/1.1 200 OK"
2026-08-24 19:11:19,099 INFO    ontocast.agent.render_facts: Facts update has 1 operation(s) with 117 total triple(s).
2026-08-24 19:11:19,100 INFO    ontocast.stategraph.atomic: Unit facts loop finishing on final render attempt 1/1 (skipping LLM critic; finding-driven repair renders may still run)
2026-08-24 19:11:19,108 INFO    carry_forward: L6 chunk 2/2: 8854 chars, carried 56 -> 173 triples (+117) in 25.8s
2026-08-24 19:11:19,112 INFO    ontocast.tool.agg.aggregate: Starting aggregation with metadata for 1 units
2026-08-24 19:11:21,199 INFO    ontocast.tool.agg.aggregate: Aggregation entity classification stats: fact=30 known_ontology=2 tentative_ontology=42
2026-08-24 19:11:21,199 INFO    ontocast.tool.agg.clustering: Embedding 26 entity representations in parallel...
2026-08-24 19:11:21,858 INFO    ontocast.tool.agg.clustering: Embedded 26 entities
2026-08-24 19:11:21,858 INFO    ontocast.tool.agg.clustering: Clustering 26 entities...
2026-08-24 19:11:21,860 INFO    ontocast.tool.agg.clustering: Formed 9 clusters: 7 singletons, 2 multi-entity clusters, max cluster size: 16
2026-08-24 19:11:21,860 INFO    ontocast.tool.agg.clustering: Embedding 41 entity representations in parallel...
2026-08-24 19:11:22,692 INFO    ontocast.tool.agg.clustering: Embedded 41 entities
2026-08-24 19:11:22,693 INFO    ontocast.tool.agg.clustering: Clustering 41 entities...
2026-08-24 19:11:22,695 INFO    ontocast.tool.agg.clustering: Formed 13 clusters: 5 singletons, 8 multi-entity clusters, max cluster size: 15
2026-08-24 19:11:22,695 INFO    ontocast.tool.agg.clustering: Embedding 7 entity representations in parallel...
2026-08-24 19:11:22,919 INFO    ontocast.tool.agg.clustering: Embedded 7 entities
2026-08-24 19:11:22,920 INFO    ontocast.tool.agg.clustering: Clustering 7 entities...
2026-08-24 19:11:22,924 INFO    ontocast.tool.agg.clustering: Formed 7 clusters: 7 singletons, 0 multi-entity clusters, max cluster size: 1
2026-08-24 19:11:22,942 INFO    ontocast.tool.agg.aggregate: Rejected 109 candidate merges after symbolic validation
2026-08-24 19:11:22,942 INFO    ontocast.tool.agg.clustering: Created mapping for 74 entities to 66 representatives
2026-08-24 19:11:22,942 INFO    ontocast.tool.agg.uri_builder: Built URI mapping: 74 entities, 30 normalised
2026-08-24 19:11:22,952 INFO    ontocast.tool.agg.rewriter: Merged 1 unit graphs with provenance: 173 -> 452 triples (22 entities merged)
2026-08-24 19:11:22,952 INFO    ontocast.tool.agg.aggregate: Aggregation with metadata complete
2026-08-24 19:11:22,973 INFO    carry_forward: L6 done: 2 chunk(s) -> 455 triples in 42.7s -> input.L6.facts.ttl
2026-08-24 19:11:22,974 INFO    ontocast.agent.chunk_text: Chunking the text
2026-08-24 19:11:22,976 INFO    ontocast.agent.chunk_text: Created 2 chunks for processing: [8191, 11532]
2026-08-24 19:11:22,978 INFO    ontocast.agent.chunk_text: Created 2 content units: [8191, 11532]
2026-08-24 19:11:22,978 INFO    ontocast.agent.chunk_text: Section labels: (unlabeled)=2
2026-08-24 19:11:22,978 INFO    carry_forward: L7: 2 chunk(s), sizes=[8191, 11532]
2026-08-24 19:11:22,988 INFO    ontocast.stategraph.atomic: Ontology context for mode fixed_single_ontology: sources=['https://growgraph.dev/echr'] writable=['https://growgraph.dev/echr']
2026-08-24 19:11:22,988 INFO    ontocast.agent.render_facts: Render facts for content unit 1
2026-08-24 19:11:22,988 INFO    ontocast.agent.render_facts: Generating fresh facts as Turtle
2026-08-24 19:11:22,988 INFO    ontocast.agent.render_facts: Rendering fresh facts
2026-08-24 19:11:36,218 INFO    httpx: HTTP Request: POST http://localhost:8000/v1/chat/completions "HTTP/1.1 200 OK"
2026-08-24 19:11:36,291 INFO    ontocast.agent.render_facts: Fresh facts generated with 59 triple(s).
2026-08-24 19:11:36,291 INFO    ontocast.stategraph.atomic: Unit facts loop finishing on final render attempt 1/1 (skipping LLM critic; finding-driven repair renders may still run)
2026-08-24 19:11:36,295 INFO    carry_forward: L7 chunk 1/2: 8191 chars, carried 0 -> 59 triples (+59) in 13.3s
2026-08-24 19:11:36,308 INFO    ontocast.stategraph.atomic: Ontology context for mode fixed_single_ontology: sources=['https://growgraph.dev/echr'] writable=['https://growgraph.dev/echr']
2026-08-24 19:11:36,308 INFO    ontocast.agent.render_facts: Render facts for content unit 2
2026-08-24 19:11:36,308 INFO    ontocast.agent.render_facts: Generating facts update
2026-08-24 19:11:36,308 INFO    ontocast.agent.render_facts: Rendering updates for facts
2026-08-24 19:11:52,714 INFO    httpx: HTTP Request: POST http://localhost:8000/v1/chat/completions "HTTP/1.1 200 OK"
2026-08-24 19:11:52,870 INFO    ontocast.agent.render_facts: Facts update has 1 operation(s) with 71 total triple(s).
2026-08-24 19:11:52,870 INFO    ontocast.stategraph.atomic: Unit facts loop finishing on final render attempt 1/1 (skipping LLM critic; finding-driven repair renders may still run)
2026-08-24 19:11:52,877 INFO    carry_forward: L7 chunk 2/2: 11532 chars, carried 59 -> 130 triples (+71) in 16.6s
2026-08-24 19:11:52,879 INFO    ontocast.tool.agg.aggregate: Starting aggregation with metadata for 1 units
2026-08-24 19:11:53,868 INFO    ontocast.tool.agg.aggregate: Aggregation entity classification stats: fact=20 known_ontology=2 tentative_ontology=48
2026-08-24 19:11:53,869 INFO    ontocast.tool.agg.clustering: Embedding 29 entity representations in parallel...
2026-08-24 19:11:54,511 INFO    ontocast.tool.agg.clustering: Embedded 29 entities
2026-08-24 19:11:54,511 INFO    ontocast.tool.agg.clustering: Clustering 29 entities...
2026-08-24 19:11:54,513 INFO    ontocast.tool.agg.clustering: Formed 6 clusters: 4 singletons, 2 multi-entity clusters, max cluster size: 23
2026-08-24 19:11:54,513 INFO    ontocast.tool.agg.clustering: Embedding 33 entity representations in parallel...
2026-08-24 19:11:55,237 INFO    ontocast.tool.agg.clustering: Embedded 33 entities
2026-08-24 19:11:55,237 INFO    ontocast.tool.agg.clustering: Clustering 33 entities...
2026-08-24 19:11:55,239 INFO    ontocast.tool.agg.clustering: Formed 12 clusters: 8 singletons, 4 multi-entity clusters, max cluster size: 12
2026-08-24 19:11:55,239 INFO    ontocast.tool.agg.clustering: Embedding 8 entity representations in parallel...
2026-08-24 19:11:55,340 INFO    ontocast.tool.agg.clustering: Embedded 8 entities
2026-08-24 19:11:55,340 INFO    ontocast.tool.agg.clustering: Clustering 8 entities...
2026-08-24 19:11:55,342 INFO    ontocast.tool.agg.clustering: Formed 7 clusters: 6 singletons, 1 multi-entity clusters, max cluster size: 2
2026-08-24 19:11:55,357 INFO    ontocast.tool.agg.aggregate: Rejected 82 candidate merges after symbolic validation
2026-08-24 19:11:55,357 INFO    ontocast.tool.agg.clustering: Created mapping for 70 entities to 70 representatives
2026-08-24 19:11:55,357 INFO    ontocast.tool.agg.uri_builder: Built URI mapping: 70 entities, 20 normalised
2026-08-24 19:11:55,365 INFO    ontocast.tool.agg.rewriter: Merged 1 unit graphs with provenance: 130 -> 395 triples (20 entities merged)
2026-08-24 19:11:55,366 INFO    ontocast.tool.agg.aggregate: Aggregation with metadata complete
2026-08-24 19:11:55,386 INFO    carry_forward: L7 done: 2 chunk(s) -> 398 triples in 32.4s -> input.L7.facts.ttl
2026-08-24 19:11:55,387 INFO    ontocast.agent.chunk_text: Chunking the text
2026-08-24 19:11:55,389 INFO    ontocast.agent.chunk_text: Created 2 chunks for processing: [8338, 11173]
2026-08-24 19:11:55,391 INFO    ontocast.agent.chunk_text: Created 2 content units: [8338, 11173]
2026-08-24 19:11:55,391 INFO    ontocast.agent.chunk_text: Section labels: (unlabeled)=2
2026-08-24 19:11:55,391 INFO    carry_forward: L8: 2 chunk(s), sizes=[8338, 11173]
2026-08-24 19:11:55,402 INFO    ontocast.stategraph.atomic: Ontology context for mode fixed_single_ontology: sources=['https://growgraph.dev/echr'] writable=['https://growgraph.dev/echr']
2026-08-24 19:11:55,402 INFO    ontocast.agent.render_facts: Render facts for content unit 1
2026-08-24 19:11:55,402 INFO    ontocast.agent.render_facts: Generating fresh facts as Turtle
2026-08-24 19:11:55,402 INFO    ontocast.agent.render_facts: Rendering fresh facts
2026-08-24 19:12:14,413 INFO    httpx: HTTP Request: POST http://localhost:8000/v1/chat/completions "HTTP/1.1 200 OK"
2026-08-24 19:12:14,549 INFO    ontocast.agent.render_facts: Fresh facts generated with 87 triple(s).
2026-08-24 19:12:14,549 INFO    ontocast.stategraph.atomic: Unit facts loop finishing on final render attempt 1/1 (skipping LLM critic; finding-driven repair renders may still run)
2026-08-24 19:12:14,553 INFO    carry_forward: L8 chunk 1/2: 8338 chars, carried 0 -> 87 triples (+87) in 19.2s
2026-08-24 19:12:14,568 INFO    ontocast.stategraph.atomic: Ontology context for mode fixed_single_ontology: sources=['https://growgraph.dev/echr'] writable=['https://growgraph.dev/echr']
2026-08-24 19:12:14,568 INFO    ontocast.agent.render_facts: Render facts for content unit 2
2026-08-24 19:12:14,568 INFO    ontocast.agent.render_facts: Generating facts update
2026-08-24 19:12:14,568 INFO    ontocast.agent.render_facts: Rendering updates for facts
2026-08-24 19:12:30,081 INFO    httpx: HTTP Request: POST http://localhost:8000/v1/chat/completions "HTTP/1.1 200 OK"
2026-08-24 19:12:30,234 INFO    ontocast.agent.render_facts: Facts update has 1 operation(s) with 62 total triple(s).
2026-08-24 19:12:30,234 INFO    ontocast.stategraph.atomic: Unit facts loop finishing on final render attempt 1/1 (skipping LLM critic; finding-driven repair renders may still run)
2026-08-24 19:12:30,244 INFO    carry_forward: L8 chunk 2/2: 11173 chars, carried 87 -> 149 triples (+62) in 15.7s
2026-08-24 19:12:30,247 INFO    ontocast.tool.agg.aggregate: Starting aggregation with metadata for 1 units
2026-08-24 19:12:32,461 INFO    ontocast.tool.agg.aggregate: Aggregation entity classification stats: fact=23 known_ontology=2 tentative_ontology=56
2026-08-24 19:12:32,461 INFO    ontocast.tool.agg.clustering: Embedding 31 entity representations in parallel...
2026-08-24 19:12:33,221 INFO    ontocast.tool.agg.clustering: Embedded 31 entities
2026-08-24 19:12:33,221 INFO    ontocast.tool.agg.clustering: Clustering 31 entities...
2026-08-24 19:12:33,224 INFO    ontocast.tool.agg.clustering: Formed 13 clusters: 7 singletons, 6 multi-entity clusters, max cluster size: 7
2026-08-24 19:12:33,224 INFO    ontocast.tool.agg.clustering: Embedding 10 entity representations in parallel...
2026-08-24 19:12:33,352 INFO    ontocast.tool.agg.clustering: Embedded 10 entities
2026-08-24 19:12:33,352 INFO    ontocast.tool.agg.clustering: Clustering 10 entities...
2026-08-24 19:12:33,354 INFO    ontocast.tool.agg.clustering: Formed 8 clusters: 6 singletons, 2 multi-entity clusters, max cluster size: 2
2026-08-24 19:12:33,355 INFO    ontocast.tool.agg.clustering: Embedding 40 entity representations in parallel...
2026-08-24 19:12:34,147 INFO    ontocast.tool.agg.clustering: Embedded 40 entities
2026-08-24 19:12:34,147 INFO    ontocast.tool.agg.clustering: Clustering 40 entities...
2026-08-24 19:12:34,150 INFO    ontocast.tool.agg.clustering: Formed 19 clusters: 10 singletons, 9 multi-entity clusters, max cluster size: 5
2026-08-24 19:12:34,158 INFO    ontocast.tool.agg.aggregate: Rejected 57 candidate merges after symbolic validation
2026-08-24 19:12:34,158 INFO    ontocast.tool.agg.clustering: Created mapping for 81 entities to 78 representatives
2026-08-24 19:12:34,159 INFO    ontocast.tool.agg.uri_builder: Built URI mapping: 81 entities, 23 normalised
2026-08-24 19:12:34,168 INFO    ontocast.tool.agg.rewriter: Merged 1 unit graphs with provenance: 149 -> 443 triples (22 entities merged)
2026-08-24 19:12:34,169 INFO    ontocast.tool.agg.aggregate: Aggregation with metadata complete
2026-08-24 19:12:34,189 INFO    carry_forward: L8 done: 2 chunk(s) -> 446 triples in 38.8s -> input.L8.facts.ttl
2026-08-24 19:12:34,190 INFO    ontocast.agent.chunk_text: Chunking the text
2026-08-24 19:12:34,192 INFO    ontocast.agent.chunk_text: Created 2 chunks for processing: [9179, 8460]
2026-08-24 19:12:34,195 INFO    ontocast.agent.chunk_text: Created 2 content units: [9179, 8460]
2026-08-24 19:12:34,195 INFO    ontocast.agent.chunk_text: Section labels: (unlabeled)=2
2026-08-24 19:12:34,195 INFO    carry_forward: L9: 2 chunk(s), sizes=[9179, 8460]
2026-08-24 19:12:34,205 INFO    ontocast.stategraph.atomic: Ontology context for mode fixed_single_ontology: sources=['https://growgraph.dev/echr'] writable=['https://growgraph.dev/echr']
2026-08-24 19:12:34,205 INFO    ontocast.agent.render_facts: Render facts for content unit 1
2026-08-24 19:12:34,205 INFO    ontocast.agent.render_facts: Generating fresh facts as Turtle
2026-08-24 19:12:34,205 INFO    ontocast.agent.render_facts: Rendering fresh facts
2026-08-24 19:12:51,192 INFO    httpx: HTTP Request: POST http://localhost:8000/v1/chat/completions "HTTP/1.1 200 OK"
2026-08-24 19:12:51,315 INFO    ontocast.agent.render_facts: Fresh facts generated with 82 triple(s).
2026-08-24 19:12:51,315 INFO    ontocast.stategraph.atomic: Unit facts loop finishing on final render attempt 1/1 (skipping LLM critic; finding-driven repair renders may still run)
2026-08-24 19:12:51,319 INFO    carry_forward: L9 chunk 1/2: 9179 chars, carried 0 -> 82 triples (+82) in 17.1s
2026-08-24 19:12:51,334 INFO    ontocast.stategraph.atomic: Ontology context for mode fixed_single_ontology: sources=['https://growgraph.dev/echr'] writable=['https://growgraph.dev/echr']
2026-08-24 19:12:51,334 INFO    ontocast.agent.render_facts: Render facts for content unit 2
2026-08-24 19:12:51,335 INFO    ontocast.agent.render_facts: Generating facts update
2026-08-24 19:12:51,335 INFO    ontocast.agent.render_facts: Rendering updates for facts
2026-08-24 19:13:08,174 INFO    httpx: HTTP Request: POST http://localhost:8000/v1/chat/completions "HTTP/1.1 200 OK"
2026-08-24 19:13:08,348 INFO    ontocast.agent.render_facts: Facts update has 1 operation(s) with 77 total triple(s).
2026-08-24 19:13:08,349 INFO    ontocast.stategraph.atomic: Unit facts loop finishing on final render attempt 1/1 (skipping LLM critic; finding-driven repair renders may still run)
2026-08-24 19:13:08,357 INFO    carry_forward: L9 chunk 2/2: 8460 chars, carried 82 -> 159 triples (+77) in 17.0s
2026-08-24 19:13:08,359 INFO    ontocast.tool.agg.aggregate: Starting aggregation with metadata for 1 units
2026-08-24 19:13:10,388 INFO    ontocast.tool.agg.aggregate: Aggregation entity classification stats: fact=26 known_ontology=2 tentative_ontology=52
2026-08-24 19:13:10,388 INFO    ontocast.tool.agg.clustering: Embedding 30 entity representations in parallel...
2026-08-24 19:13:11,047 INFO    ontocast.tool.agg.clustering: Embedded 30 entities
2026-08-24 19:13:11,047 INFO    ontocast.tool.agg.clustering: Clustering 30 entities...
2026-08-24 19:13:11,049 INFO    ontocast.tool.agg.clustering: Formed 10 clusters: 7 singletons, 3 multi-entity clusters, max cluster size: 15
2026-08-24 19:13:11,049 INFO    ontocast.tool.agg.clustering: Embedding 41 entity representations in parallel...
2026-08-24 19:13:11,917 INFO    ontocast.tool.agg.clustering: Embedded 41 entities
2026-08-24 19:13:11,917 INFO    ontocast.tool.agg.clustering: Clustering 41 entities...
2026-08-24 19:13:11,920 INFO    ontocast.tool.agg.clustering: Formed 14 clusters: 6 singletons, 8 multi-entity clusters, max cluster size: 18
2026-08-24 19:13:11,920 INFO    ontocast.tool.agg.clustering: Embedding 9 entity representations in parallel...
2026-08-24 19:13:12,029 INFO    ontocast.tool.agg.clustering: Embedded 9 entities
2026-08-24 19:13:12,029 INFO    ontocast.tool.agg.clustering: Clustering 9 entities...
2026-08-24 19:13:12,032 INFO    ontocast.tool.agg.clustering: Formed 7 clusters: 6 singletons, 1 multi-entity clusters, max cluster size: 3
2026-08-24 19:13:12,048 INFO    ontocast.tool.agg.aggregate: Rejected 76 candidate merges after symbolic validation
2026-08-24 19:13:12,048 INFO    ontocast.tool.agg.clustering: Created mapping for 80 entities to 79 representatives
2026-08-24 19:13:12,049 INFO    ontocast.tool.agg.uri_builder: Built URI mapping: 80 entities, 26 normalised
2026-08-24 19:13:12,060 INFO    ontocast.tool.agg.rewriter: Merged 1 unit graphs with provenance: 159 -> 482 triples (26 entities merged)
2026-08-24 19:13:12,060 INFO    ontocast.tool.agg.aggregate: Aggregation with metadata complete
2026-08-24 19:13:12,083 INFO    carry_forward: L9 done: 2 chunk(s) -> 485 triples in 37.9s -> input.L9.facts.ttl
2026-08-24 19:13:12,084 INFO    ontocast.agent.chunk_text: Chunking the text
2026-08-24 19:13:12,086 INFO    ontocast.agent.chunk_text: Created 4 chunks for processing: [8559, 9072, 8335, 12306]
2026-08-24 19:13:12,089 INFO    ontocast.agent.chunk_text: Created 4 content units: [8559, 9072, 8335, 12306]
2026-08-24 19:13:12,089 INFO    ontocast.agent.chunk_text: Section labels: (unlabeled)=4
2026-08-24 19:13:12,090 INFO    carry_forward: L10: 4 chunk(s), sizes=[8559, 9072, 8335, 12306]
2026-08-24 19:13:12,100 INFO    ontocast.stategraph.atomic: Ontology context for mode fixed_single_ontology: sources=['https://growgraph.dev/echr'] writable=['https://growgraph.dev/echr']
2026-08-24 19:13:12,100 INFO    ontocast.agent.render_facts: Render facts for content unit 1
2026-08-24 19:13:12,100 INFO    ontocast.agent.render_facts: Generating fresh facts as Turtle
2026-08-24 19:13:12,100 INFO    ontocast.agent.render_facts: Rendering fresh facts
2026-08-24 19:13:34,866 INFO    httpx: HTTP Request: POST http://localhost:8000/v1/chat/completions "HTTP/1.1 200 OK"
2026-08-24 19:13:35,088 INFO    ontocast.agent.render_facts: Fresh facts generated with 115 triple(s).
2026-08-24 19:13:35,088 INFO    ontocast.stategraph.atomic: Unit facts loop finishing on final render attempt 1/1 (skipping LLM critic; finding-driven repair renders may still run)
2026-08-24 19:13:35,093 INFO    carry_forward: L10 chunk 1/4: 8559 chars, carried 0 -> 115 triples (+115) in 23.0s
2026-08-24 19:13:35,108 INFO    ontocast.stategraph.atomic: Ontology context for mode fixed_single_ontology: sources=['https://growgraph.dev/echr'] writable=['https://growgraph.dev/echr']
2026-08-24 19:13:35,108 INFO    ontocast.agent.render_facts: Render facts for content unit 2
2026-08-24 19:13:35,108 INFO    ontocast.agent.render_facts: Generating facts update
2026-08-24 19:13:35,108 INFO    ontocast.agent.render_facts: Rendering updates for facts
2026-08-24 19:14:12,175 INFO    httpx: HTTP Request: POST http://localhost:8000/v1/chat/completions "HTTP/1.1 200 OK"
2026-08-24 19:14:12,678 INFO    turtle_repair: turtle repair: rewrote a premature '.' before a bare property continuation, and/or stripped a predicate repeated after a ',' continuation, and/or escaped an unescaped quote inside a literal
2026-08-24 19:14:12,678 WARNING ontocast.onto.rdfgraph: Recovering malformed Turtle after parse failure: at line 18 of <>:
Bad syntax (expected '.' or '}' or ']' at end of statement) at ^ in:
"...b'"President of the Brussels French-language Court of First In'^b'stance ("TPI")" .\n\ncd:brussels_court_appeal a echr:DomesticA'..."
2026-08-24 19:14:12,713 INFO    ontocast.agent.render_facts: Facts update has 1 operation(s) with 57 total triple(s).
2026-08-24 19:14:12,713 INFO    ontocast.stategraph.atomic: Unit facts loop finishing on final render attempt 1/1 (skipping LLM critic; finding-driven repair renders may still run)
2026-08-24 19:14:12,720 INFO    carry_forward: L10 chunk 2/4: 9072 chars, carried 115 -> 172 triples (+57) in 37.6s
2026-08-24 19:14:12,731 INFO    ontocast.stategraph.atomic: Ontology context for mode fixed_single_ontology: sources=['https://growgraph.dev/echr'] writable=['https://growgraph.dev/echr']
2026-08-24 19:14:12,731 INFO    ontocast.agent.render_facts: Render facts for content unit 3
2026-08-24 19:14:12,731 INFO    ontocast.agent.render_facts: Generating facts update
2026-08-24 19:14:12,731 INFO    ontocast.agent.render_facts: Rendering updates for facts
2026-08-24 19:14:39,312 INFO    httpx: HTTP Request: POST http://localhost:8000/v1/chat/completions "HTTP/1.1 200 OK"
2026-08-24 19:14:39,789 INFO    ontocast.agent.render_facts: Facts update has 1 operation(s) with 110 total triple(s).
2026-08-24 19:14:39,789 INFO    ontocast.stategraph.atomic: Unit facts loop finishing on final render attempt 1/1 (skipping LLM critic; finding-driven repair renders may still run)
2026-08-24 19:14:39,807 INFO    carry_forward: L10 chunk 3/4: 8335 chars, carried 172 -> 282 triples (+110) in 27.1s
2026-08-24 19:14:39,826 INFO    ontocast.stategraph.atomic: Ontology context for mode fixed_single_ontology: sources=['https://growgraph.dev/echr'] writable=['https://growgraph.dev/echr']
2026-08-24 19:14:39,827 INFO    ontocast.agent.render_facts: Render facts for content unit 4
2026-08-24 19:14:39,827 INFO    ontocast.agent.render_facts: Generating facts update
2026-08-24 19:14:39,827 INFO    ontocast.agent.render_facts: Rendering updates for facts
2026-08-24 19:14:44,944 INFO    httpx: HTTP Request: POST http://localhost:8000/v1/chat/completions "HTTP/1.1 200 OK"
2026-08-24 19:14:44,979 INFO    ontocast.agent.render_facts: Facts update has 1 operation(s) with 9 total triple(s).
2026-08-24 19:14:44,979 INFO    ontocast.stategraph.atomic: Unit facts loop finishing on final render attempt 1/1 (skipping LLM critic; finding-driven repair renders may still run)
2026-08-24 19:14:44,986 WARNING ontocast.util.numeric_inventory: Numeric coverage: 44 missing mention(s) truncated to 30 for the repair prompt
2026-08-24 19:14:44,991 INFO    carry_forward: L10 chunk 4/4: 12306 chars, carried 282 -> 291 triples (+9) in 5.2s
2026-08-24 19:14:44,995 INFO    ontocast.tool.agg.aggregate: Starting aggregation with metadata for 1 units
2026-08-24 19:14:51,099 INFO    ontocast.tool.agg.aggregate: Aggregation entity classification stats: fact=58 known_ontology=2 tentative_ontology=44
2026-08-24 19:14:51,099 INFO    ontocast.tool.agg.clustering: Embedding 71 entity representations in parallel...
2026-08-24 19:14:52,804 INFO    ontocast.tool.agg.clustering: Embedded 71 entities
2026-08-24 19:14:52,804 INFO    ontocast.tool.agg.clustering: Clustering 71 entities...
2026-08-24 19:14:52,806 INFO    ontocast.tool.agg.clustering: Formed 13 clusters: 6 singletons, 7 multi-entity clusters, max cluster size: 49
2026-08-24 19:14:52,807 INFO    ontocast.tool.agg.clustering: Embedding 25 entity representations in parallel...
2026-08-24 19:14:53,436 INFO    ontocast.tool.agg.clustering: Embedded 25 entities
2026-08-24 19:14:53,436 INFO    ontocast.tool.agg.clustering: Clustering 25 entities...
2026-08-24 19:14:53,439 INFO    ontocast.tool.agg.clustering: Formed 9 clusters: 6 singletons, 3 multi-entity clusters, max cluster size: 15
2026-08-24 19:14:53,439 INFO    ontocast.tool.agg.clustering: Embedding 8 entity representations in parallel...
2026-08-24 19:14:53,542 INFO    ontocast.tool.agg.clustering: Embedded 8 entities
2026-08-24 19:14:53,542 INFO    ontocast.tool.agg.clustering: Clustering 8 entities...
2026-08-24 19:14:53,544 INFO    ontocast.tool.agg.clustering: Formed 7 clusters: 6 singletons, 1 multi-entity clusters, max cluster size: 2
2026-08-24 19:14:53,632 INFO    ontocast.tool.agg.aggregate: Rejected 148 candidate merges after symbolic validation
2026-08-24 19:14:53,632 INFO    ontocast.tool.agg.clustering: Created mapping for 104 entities to 101 representatives
2026-08-24 19:14:53,633 INFO    ontocast.tool.agg.uri_builder: Built URI mapping: 104 entities, 58 normalised
2026-08-24 19:14:53,648 INFO    ontocast.tool.agg.rewriter: Merged 1 unit graphs with provenance: 291 -> 875 triples (57 entities merged)
2026-08-24 19:14:53,649 INFO    ontocast.tool.agg.aggregate: Aggregation with metadata complete
2026-08-24 19:14:53,685 INFO    carry_forward: L10 done: 4 chunk(s) -> 878 triples in 101.6s -> input.L10.facts.ttl

==============================================================================
CARRY-FORWARD SUMMARY
==============================================================================
rec   chunks    chars  triples     sec  output
L1         2   23,995      767    70.5  input.L1.facts.ttl
L2         4   34,548      332    36.4  input.L2.facts.ttl
L3         3   28,859      665    79.5  input.L3.facts.ttl
L4         2   25,236      482    48.5  input.L4.facts.ttl
L5         3   26,540      632    75.8  input.L5.facts.ttl
L6         2   17,297      455    42.7  input.L6.facts.ttl
L7         2   19,723      398    32.4  input.L7.facts.ttl
L8         2   19,511      446    38.8  input.L8.facts.ttl
L9         2   17,639      485    37.9  input.L9.facts.ttl
L10        4   38,272      878   101.6  input.L10.facts.ttl

  L1 per-chunk:
    chunk 1:   8,703 chars  carried_in=   0  out= 112  (+112)    23.7s  success
    chunk 2:  15,292 chars  carried_in= 112  out= 267  (+155)    31.1s  success

  L2 per-chunk:
    chunk 1:   8,406 chars  carried_in=   0  out=  36  (+ 36)    12.1s  success
    chunk 2:   9,000 chars  carried_in=  36  out=  94  (+ 58)    14.3s  success
    chunk 3:   8,124 chars  carried_in=  94  out=  98  (+  4)     3.9s  success
    chunk 4:   9,018 chars  carried_in=  98  out= 109  (+ 11)     4.1s  success

  L3 per-chunk:
    chunk 1:   8,250 chars  carried_in=   0  out=  52  (+ 52)    12.6s  success
    chunk 2:   8,189 chars  carried_in=  52  out= 169  (+117)    25.1s  success
    chunk 3:  12,420 chars  carried_in= 169  out= 276  (+107)    34.1s  success

  L4 per-chunk:
    chunk 1:  12,073 chars  carried_in=   0  out=  35  (+ 35)    15.7s  success
    chunk 2:  13,163 chars  carried_in=  35  out= 161  (+126)    29.5s  success

  L5 per-chunk:
    chunk 1:   8,934 chars  carried_in=   0  out= 128  (+128)    28.4s  success
    chunk 2:   8,079 chars  carried_in= 128  out= 189  (+ 61)    33.9s  success
    chunk 3:   9,527 chars  carried_in= 189  out= 211  (+ 22)     7.6s  success

  L6 per-chunk:
    chunk 1:   8,443 chars  carried_in=   0  out=  56  (+ 56)    13.0s  success
    chunk 2:   8,854 chars  carried_in=  56  out= 173  (+117)    25.8s  success

  L7 per-chunk:
    chunk 1:   8,191 chars  carried_in=   0  out=  59  (+ 59)    13.3s  success
    chunk 2:  11,532 chars  carried_in=  59  out= 130  (+ 71)    16.6s  success

  L8 per-chunk:
    chunk 1:   8,338 chars  carried_in=   0  out=  87  (+ 87)    19.2s  success
    chunk 2:  11,173 chars  carried_in=  87  out= 149  (+ 62)    15.7s  success

  L9 per-chunk:
    chunk 1:   9,179 chars  carried_in=   0  out=  82  (+ 82)    17.1s  success
    chunk 2:   8,460 chars  carried_in=  82  out= 159  (+ 77)    17.0s  success

  L10 per-chunk:
    chunk 1:   8,559 chars  carried_in=   0  out= 115  (+115)    23.0s  success
    chunk 2:   9,072 chars  carried_in= 115  out= 172  (+ 57)    37.6s  success
    chunk 3:   8,335 chars  carried_in= 172  out= 282  (+110)    27.1s  success
    chunk 4:  12,306 chars  carried_in= 282  out= 291  (+  9)     5.2s  success

total wall time: 569.1  (2026-08-24T17:05:24+00:00 -> 2026-08-24T17:14:53+00:00)

report written to /home/dahrb/Projects/article_6/domestic_proceedings/results/jurix_phase1/o2_cf_med_ttl/extract_report.json

10 record(s) processed, 0 failure(s)

phase 1 done: 10 facts file(s) in 571.4s

--- phase 2: staged repair -> results/jurix_phase1/o2_cf_med_ttl/repaired ---
repairing 10 file(s) under results/jurix_phase1/o2_cf_med_ttl/repaired
  model: gemma-4-31b @ http://localhost:8000/v1 (temperature 0.4, timeout 300.0s)
  source text: results/jurix_phase1/input.jsonl (quote stage enabled)
  [domestic authorities] results/jurix_phase1/o2_cf_med_ttl/repaired/input.L1.facts.ttl: 4 finding(s) in; model proposed 2 group(s), 12 op(s), 0 merge(s)
    [domestic authorities] pass 1: applied 12 (of which 0 merge(s)), skipped 1, stub orphans swept 0 [15.7s, 15.5s in the model]
    SKIPPED [doc:pastraHome has multiple labels and names, and an invented property echr:hasPersonName.] remove doc:pastraHome echr:hasPersonName : applied (1 value(s))
    [domestic authorities] pass 2: nothing left to flag - stopping
  [domestic proceedings] results/jurix_phase1/o2_cf_med_ttl/repaired/input.L1.facts.ttl: 0 finding(s) in; model proposed 0 group(s), 0 op(s), 0 merge(s)
    [domestic proceedings] pass 1: applied 0 (of which 0 merge(s)), skipped 0, stub orphans swept 0 [0.7s, 0.7s in the model]
    [domestic proceedings] pass 1: no operations applied - stopping
  [persons and participation] results/jurix_phase1/o2_cf_med_ttl/repaired/input.L1.facts.ttl: 1 finding(s) in; model proposed 4 group(s), 18 op(s), 0 merge(s)
    [persons and participation] pass 1: applied 18 (of which 0 merge(s)), skipped 0, stub orphans swept 0 [23.6s, 23.6s in the model]
    [persons and participation] pass 2: 0 finding(s) in; model proposed 0 group(s), 0 op(s), 0 merge(s)
    [persons and participation] pass 2: applied 0 (of which 0 merge(s)), skipped 0, stub orphans swept 0 [0.5s, 0.5s in the model]
    [persons and participation] pass 2: no operations applied - stopping
  [source quote fidelity] results/jurix_phase1/o2_cf_med_ttl/repaired/input.L1.facts.ttl: nothing flagged
    document total: 40.7s across 4 model call(s) (40.3s in the model)
    wrote results/jurix_phase1/o2_cf_med_ttl/repaired/input.L1.facts.ttl (backup at results/jurix_phase1/o2_cf_med_ttl/repaired/backup/input.L1.facts.ttl)
  [domestic authorities] results/jurix_phase1/o2_cf_med_ttl/repaired/input.L10.facts.ttl: nothing flagged
    RECOVERED 1 group(s), 1 op(s) from a stalled generation
  [domestic proceedings] results/jurix_phase1/o2_cf_med_ttl/repaired/input.L10.facts.ttl: 0 finding(s) in; model proposed 1 group(s), 1 op(s), 0 merge(s)
    [domestic proceedings] pass 1: applied 1 (of which 0 merge(s)), skipped 0, stub orphans swept 0 [6.5s, 6.5s in the model]
    [domestic proceedings] pass 1: 1 op(s) applied but findings did not fall (0 -> 0) - stopping
  [persons and participation] results/jurix_phase1/o2_cf_med_ttl/repaired/input.L10.facts.ttl: 2 finding(s) in; model proposed 6 group(s), 27 op(s), 0 merge(s)
    [persons and participation] pass 1: applied 27 (of which 0 merge(s)), skipped 0, stub orphans swept 0 [34.6s, 34.6s in the model]
    [persons and participation] pass 2: 1 finding(s) in; model proposed 3 group(s), 24 op(s), 0 merge(s)
    [persons and participation] pass 2: applied 24 (of which 0 merge(s)), skipped 0, stub orphans swept 0 [29.8s, 29.8s in the model]
    [persons and participation] pass 2: 24 op(s) applied but findings did not fall (1 -> 1) - stopping
  [source quote fidelity] results/jurix_phase1/o2_cf_med_ttl/repaired/input.L10.facts.ttl: 5 finding(s) in; model proposed 5 group(s), 8 op(s), 0 merge(s)
    [source quote fidelity] pass 1: applied 4 (of which 0 merge(s)), skipped 8, stub orphans swept 0 [18.0s, 17.9s in the model]
    SKIPPED [The quote 'Brussels Dutch – speaking TPI' contains a non-standard dash. The source text uses 'Brussels Dutch – speaking TPI' (with a hyphen-like character that is actually a dash in the source). Looking at paragraph 37, the text is 'Brussels Dutch – speaking TPI'.] remove doc:tpiBrusselsDutch echr:hasSupportingQuote Brussels Dutch ‐ speaking TPI: applied (removed 1 quote(s) by index)
    SKIPPED [The quote 'Brussels Dutch – speaking TPI' contains a non-standard dash. The source text uses 'Brussels Dutch – speaking TPI' (with a hyphen-like character that is actually a dash in the source). Looking at paragraph 37, the text is 'Brussels Dutch – speaking TPI'.] add doc:tpiBrusselsDutch echr:hasSupportingQuote Brussels Dutch – speaking TPI: skipped: quote does not appear verbatim in the source document
    SKIPPED [The quote 'On the same date the Belgian State brought proceedings against the applicants before the enforcement judge at the Brussels Dutch – language TPI' contains a non-standard dash. Paragraph 39 says 'Brussels Dutch – language TPI'.] remove doc:proceeding_enforcement_action_dec15_state echr:hasSupportingQuote On the same date the Belgian State brought proceedings against the applicants before the enforcement judge at the Brussels Dutch ‐ language TPI: applied (removed 1 quote(s) by index)
    SKIPPED [The quote 'On the same date the Belgian State brought proceedings against the applicants before the enforcement judge at the Brussels Dutch – language TPI' contains a non-standard dash. Paragraph 39 says 'Brussels Dutch – language TPI'.] add doc:proceeding_enforcement_action_dec15_state echr:hasSupportingQuote On the same date the Belgian State brought proceedings against the applicants before the enforcement judge at the Brussels Dutch – language TPI: skipped: quote does not appear verbatim in the source document
    SKIPPED [The quote 'the enforcement judge at the Brussels Dutch – language TPI' contains a non-standard dash. Paragraph 39 says 'Brussels Dutch – language TPI'.] remove doc:enforcementJudgeDutch echr:hasSupportingQuote the enforcement judge at the Brussels Dutch ‐ language TPI: applied (removed 1 quote(s) by index)
    SKIPPED [The quote 'the enforcement judge at the Brussels Dutch – language TPI' contains a non-standard dash. Paragraph 39 says 'Brussels Dutch – language TPI'.] add doc:enforcementJudgeDutch echr:hasSupportingQuote the enforcement judge at the Brussels Dutch – language TPI: skipped: quote does not appear verbatim in the source document
    SKIPPED [The quote 'lodged a unilateral action to that effect with the President of the Brussels Dutch – speaking TPI on 13 December 2016, but was unsuccessful (order of the same date)' contains a non-standard dash. Paragraph 37 says 'Brussels Dutch – speaking TPI'.] remove doc:proceeding_stay_unilateral_dec13 echr:hasSupportingQuote lodged a unilateral action to that effect with the President of the Brussels Dutch ‐ speaking TPI on 13 December 2016, but was unsuccessful (order of the same date): applied (removed 1 quote(s) by index)
    SKIPPED [The quote 'lodged a unilateral action to that effect with the President of the Brussels Dutch – speaking TPI on 13 December 2016, but was unsuccessful (order of the same date)' contains a non-standard dash. Paragraph 37 says 'Brussels Dutch – speaking TPI'.] add doc:proceeding_stay_unilateral_dec13 echr:hasSupportingQuote lodged a unilateral action to that effect with the President of the Brussels Dutch – speaking TPI on 13 December 2016, but was unsuccessful (order of the same date): skipped: quote does not appear verbatim in the source document
    [source quote fidelity] pass 2: 1 finding(s) in; model proposed 1 group(s), 2 op(s), 0 merge(s)
    [source quote fidelity] pass 2: applied 2 (of which 0 merge(s)), skipped 1, stub orphans swept 0 [3.2s, 3.2s in the model]
    SKIPPED [The quote for doc:proceeding_tpi_inter_partes_nov7 is slightly inaccurate. The source text includes a space in 'French-language' (French ‑ language) and differs slightly in punctuation/spacing.] remove doc:proceeding_tpi_inter_partes_nov7 echr:hasSupportingQuote On 7 November 2016 another judge acting as president of the French-language TPI declared their application admissible but unfounded: applied (removed 1 quote(s) by index)
    [source quote fidelity] pass 3: nothing left to flag - stopping
    document total: 92.5s across 5 model call(s) (92.0s in the model)
    wrote results/jurix_phase1/o2_cf_med_ttl/repaired/input.L10.facts.ttl (backup at results/jurix_phase1/o2_cf_med_ttl/repaired/backup/input.L10.facts.ttl)
  [domestic authorities] results/jurix_phase1/o2_cf_med_ttl/repaired/input.L2.facts.ttl: nothing flagged
    RECOVERED 1 group(s), 1 op(s) from a stalled generation
  [domestic proceedings] results/jurix_phase1/o2_cf_med_ttl/repaired/input.L2.facts.ttl: 0 finding(s) in; model proposed 1 group(s), 1 op(s), 0 merge(s)
    [domestic proceedings] pass 1: applied 1 (of which 0 merge(s)), skipped 0, stub orphans swept 0 [6.6s, 6.6s in the model]
    [domestic proceedings] pass 1: 1 op(s) applied but findings did not fall (0 -> 0) - stopping
  [persons and participation] results/jurix_phase1/o2_cf_med_ttl/repaired/input.L2.facts.ttl: 1 finding(s) in; model proposed 0 group(s), 0 op(s), 0 merge(s)
    [persons and participation] pass 1: applied 0 (of which 0 merge(s)), skipped 0, stub orphans swept 0 [0.6s, 0.6s in the model]
    [persons and participation] pass 1: no operations applied - stopping
  [source quote fidelity] results/jurix_phase1/o2_cf_med_ttl/repaired/input.L2.facts.ttl: 2 finding(s) in; model proposed 2 group(s), 4 op(s), 0 merge(s)
    [source quote fidelity] pass 1: applied 4 (of which 0 merge(s)), skipped 2, stub orphans swept 0 [9.8s, 9.7s in the model]
    SKIPPED [The quote 'the ESA Appeals Board, which is ‘independent of the Agency’' uses curly quotes and is a fragment. The source text uses straight quotes and is part of a larger sentence.] remove doc:esaAppealsBoard echr:hasSupportingQuote the ESA Appeals Board, which is ‘independent of the Agency’: applied (removed 1 quote(s) by index)
    SKIPPED [The quote 'the application (no. 28934/95)' is a fragment. The source text contains this within a sentence in paragraph 1.] remove doc:caseBeerRegan echr:hasSupportingQuote the application (no. 28934/95): applied (removed 1 quote(s) by index)
    [source quote fidelity] pass 2: nothing left to flag - stopping
    document total: 17.2s across 3 model call(s) (16.9s in the model)
    wrote results/jurix_phase1/o2_cf_med_ttl/repaired/input.L2.facts.ttl (backup at results/jurix_phase1/o2_cf_med_ttl/repaired/backup/input.L2.facts.ttl)
  [domestic authorities] results/jurix_phase1/o2_cf_med_ttl/repaired/input.L3.facts.ttl: 2 finding(s) in; model proposed 1 group(s), 6 op(s), 0 merge(s)
    [domestic authorities] pass 1: applied 6 (of which 0 merge(s)), skipped 0, stub orphans swept 0 [5.6s, 5.6s in the model]
    [domestic authorities] pass 2: nothing left to flag - stopping
  [domestic proceedings] results/jurix_phase1/o2_cf_med_ttl/repaired/input.L3.facts.ttl: 1 finding(s) in; model proposed 1 group(s), 1 op(s), 0 merge(s)
    [domestic proceedings] pass 1: applied 1 (of which 0 merge(s)), skipped 0, stub orphans swept 0 [2.8s, 2.8s in the model]
    [domestic proceedings] pass 2: nothing left to flag - stopping
  [persons and participation] results/jurix_phase1/o2_cf_med_ttl/repaired/input.L3.facts.ttl: 5 finding(s) in; model proposed 0 group(s), 0 op(s), 0 merge(s)
    [persons and participation] pass 1: applied 0 (of which 0 merge(s)), skipped 0, stub orphans swept 0 [1.1s, 1.1s in the model]
    [persons and participation] pass 1: no operations applied - stopping
  [source quote fidelity] results/jurix_phase1/o2_cf_med_ttl/repaired/input.L3.facts.ttl: 1 finding(s) in; model proposed 1 group(s), 2 op(s), 0 merge(s)
    [source quote fidelity] pass 1: applied 2 (of which 0 merge(s)), skipped 1, stub orphans swept 0 [10.7s, 10.7s in the model]
    SKIPPED [The quote for doc:domestic_proceeding_6 is a paraphrase/summary and does not appear verbatim in the source text. It refers to the events in paragraph 40.] remove doc:domestic_proceeding_6 echr:hasSupportingQuote On 5 September 2017, the Fund responded... stating that the annulment decision could not be enforced: applied (removed 1 quote(s) by index)
    [source quote fidelity] pass 2: nothing left to flag - stopping
    document total: 20.6s across 4 model call(s) (20.2s in the model)
    wrote results/jurix_phase1/o2_cf_med_ttl/repaired/input.L3.facts.ttl (backup at results/jurix_phase1/o2_cf_med_ttl/repaired/backup/input.L3.facts.ttl)
  [domestic authorities] results/jurix_phase1/o2_cf_med_ttl/repaired/input.L4.facts.ttl: 1 finding(s) in; model proposed 3 group(s), 4 op(s), 0 merge(s)
    [domestic authorities] pass 1: applied 4 (of which 0 merge(s)), skipped 0, stub orphans swept 0 [5.5s, 5.5s in the model]
    [domestic authorities] pass 2: nothing left to flag - stopping
  [domestic proceedings] results/jurix_phase1/o2_cf_med_ttl/repaired/input.L4.facts.ttl: 0 finding(s) in; model proposed 0 group(s), 0 op(s), 0 merge(s)
    [domestic proceedings] pass 1: applied 0 (of which 0 merge(s)), skipped 0, stub orphans swept 0 [0.5s, 0.5s in the model]
    [domestic proceedings] pass 1: no operations applied - stopping
    RECOVERED 1 group(s), 1 op(s) from a stalled generation
  [persons and participation] results/jurix_phase1/o2_cf_med_ttl/repaired/input.L4.facts.ttl: 4 finding(s) in; model proposed 1 group(s), 1 op(s), 0 merge(s)
    [persons and participation] pass 1: applied 1 (of which 0 merge(s)), skipped 0, stub orphans swept 0 [6.2s, 6.2s in the model]
    [persons and participation] pass 1: 1 op(s) applied but findings did not fall (4 -> 4) - stopping
  [source quote fidelity] results/jurix_phase1/o2_cf_med_ttl/repaired/input.L4.facts.ttl: nothing flagged
    document total: 12.5s across 3 model call(s) (12.2s in the model)
    wrote results/jurix_phase1/o2_cf_med_ttl/repaired/input.L4.facts.ttl (backup at results/jurix_phase1/o2_cf_med_ttl/repaired/backup/input.L4.facts.ttl)
  [domestic authorities] results/jurix_phase1/o2_cf_med_ttl/repaired/input.L5.facts.ttl: nothing flagged
  [domestic proceedings] results/jurix_phase1/o2_cf_med_ttl/repaired/input.L5.facts.ttl: nothing flagged
  [persons and participation] results/jurix_phase1/o2_cf_med_ttl/repaired/input.L5.facts.ttl: 1 finding(s) in; model proposed 1 group(s), 5 op(s), 0 merge(s)
    [persons and participation] pass 1: applied 5 (of which 0 merge(s)), skipped 0, stub orphans swept 0 [7.3s, 7.3s in the model]
    [persons and participation] pass 2: nothing left to flag - stopping
  [source quote fidelity] results/jurix_phase1/o2_cf_med_ttl/repaired/input.L5.facts.ttl: 1 finding(s) in; model proposed 1 group(s), 2 op(s), 0 merge(s)
    [source quote fidelity] pass 1: applied 1 (of which 0 merge(s)), skipped 2, stub orphans swept 0 [3.2s, 3.2s in the model]
    SKIPPED [The quote 'the consideration of his appeals by the various bodies of the Bar had lasted for about three years' is a slight paraphrase of the source text.] remove doc:proceedingBarReview echr:hasSupportingQuote the consideration of his appeals by the various bodies of the Bar had lasted for about three years: applied (removed 1 quote(s) by index)
    SKIPPED [The quote 'the consideration of his appeals by the various bodies of the Bar had lasted for about three years' is a slight paraphrase of the source text.] add doc:proceedingBarReview echr:hasSupportingQuote the consideration of the applicant’s appeals by the various bodies of the Bar had lasted for about three years: skipped: quote does not appear verbatim in the source document
    [source quote fidelity] pass 2: nothing left to flag - stopping
    document total: 10.7s across 2 model call(s) (10.5s in the model)
    wrote results/jurix_phase1/o2_cf_med_ttl/repaired/input.L5.facts.ttl (backup at results/jurix_phase1/o2_cf_med_ttl/repaired/backup/input.L5.facts.ttl)
  [domestic authorities] results/jurix_phase1/o2_cf_med_ttl/repaired/input.L6.facts.ttl: nothing flagged
  [domestic proceedings] results/jurix_phase1/o2_cf_med_ttl/repaired/input.L6.facts.ttl: nothing flagged
  [persons and participation] results/jurix_phase1/o2_cf_med_ttl/repaired/input.L6.facts.ttl: 2 finding(s) in; model proposed 1 group(s), 40 op(s), 0 merge(s)
    [persons and participation] pass 1: applied 40 (of which 0 merge(s)), skipped 0, stub orphans swept 0 [41.1s, 41.1s in the model]
    [persons and participation] pass 2: nothing left to flag - stopping
  [source quote fidelity] results/jurix_phase1/o2_cf_med_ttl/repaired/input.L6.facts.ttl: nothing flagged
    document total: 41.4s across 1 model call(s) (41.1s in the model)
    wrote results/jurix_phase1/o2_cf_med_ttl/repaired/input.L6.facts.ttl (backup at results/jurix_phase1/o2_cf_med_ttl/repaired/backup/input.L6.facts.ttl)
  [domestic authorities] results/jurix_phase1/o2_cf_med_ttl/repaired/input.L7.facts.ttl: nothing flagged
  [domestic proceedings] results/jurix_phase1/o2_cf_med_ttl/repaired/input.L7.facts.ttl: nothing flagged
  [persons and participation] results/jurix_phase1/o2_cf_med_ttl/repaired/input.L7.facts.ttl: nothing flagged
  [source quote fidelity] results/jurix_phase1/o2_cf_med_ttl/repaired/input.L7.facts.ttl: 1 finding(s) in; model proposed 1 group(s), 3 op(s), 0 merge(s)
    [source quote fidelity] pass 1: applied 3 (of which 0 merge(s)), skipped 1, stub orphans swept 0 [4.5s, 4.5s in the model]
    SKIPPED [The quote for doc:detention_1 is a paraphrased summary using ellipses; it must be replaced with verbatim spans from the source text.] remove doc:detention_1 echr:hasSupportingQuote on 25 March 1999... the judge... decided to withdraw the applicant’s bail... he would be held in the hospital wing of Belmarsh prison: applied (removed 1 quote(s) by index)
    [source quote fidelity] pass 2: nothing left to flag - stopping
    document total: 4.7s across 1 model call(s) (4.5s in the model)
    wrote results/jurix_phase1/o2_cf_med_ttl/repaired/input.L7.facts.ttl (backup at results/jurix_phase1/o2_cf_med_ttl/repaired/backup/input.L7.facts.ttl)
  [domestic authorities] results/jurix_phase1/o2_cf_med_ttl/repaired/input.L8.facts.ttl: nothing flagged
  [domestic proceedings] results/jurix_phase1/o2_cf_med_ttl/repaired/input.L8.facts.ttl: nothing flagged
  [persons and participation] results/jurix_phase1/o2_cf_med_ttl/repaired/input.L8.facts.ttl: 2 finding(s) in; model proposed 5 group(s), 17 op(s), 0 merge(s)
    [persons and participation] pass 1: applied 17 (of which 0 merge(s)), skipped 0, stub orphans swept 0 [22.3s, 22.3s in the model]
    [persons and participation] pass 2: 1 finding(s) in; model proposed 0 group(s), 0 op(s), 0 merge(s)
    [persons and participation] pass 2: applied 0 (of which 0 merge(s)), skipped 0, stub orphans swept 0 [0.4s, 0.4s in the model]
    [persons and participation] pass 2: no operations applied - stopping
  [source quote fidelity] results/jurix_phase1/o2_cf_med_ttl/repaired/input.L8.facts.ttl: 1 finding(s) in; model proposed 1 group(s), 2 op(s), 0 merge(s)
    [source quote fidelity] pass 1: applied 2 (of which 0 merge(s)), skipped 1, stub orphans swept 0 [3.8s, 3.8s in the model]
    SKIPPED [The quote for doc:proceeding_3 is a slight paraphrase of the source text.] remove doc:proceeding_3 echr:hasSupportingQuote On 27 May 1998 (confirmed by the Supreme Court on 10 August 1998) the applicant was ordered by the Nizhniy Novgorod Court to pay damages to “Oka”: applied (removed 1 quote(s) by index)
    [source quote fidelity] pass 2: nothing left to flag - stopping
    document total: 26.8s across 3 model call(s) (26.5s in the model)
    wrote results/jurix_phase1/o2_cf_med_ttl/repaired/input.L8.facts.ttl (backup at results/jurix_phase1/o2_cf_med_ttl/repaired/backup/input.L8.facts.ttl)
  [domestic authorities] results/jurix_phase1/o2_cf_med_ttl/repaired/input.L9.facts.ttl: nothing flagged
  [domestic proceedings] results/jurix_phase1/o2_cf_med_ttl/repaired/input.L9.facts.ttl: 0 finding(s) in; model proposed 0 group(s), 0 op(s), 0 merge(s)
    [domestic proceedings] pass 1: applied 0 (of which 0 merge(s)), skipped 0, stub orphans swept 0 [0.5s, 0.5s in the model]
    [domestic proceedings] pass 1: no operations applied - stopping
  [persons and participation] results/jurix_phase1/o2_cf_med_ttl/repaired/input.L9.facts.ttl: nothing flagged
  [source quote fidelity] results/jurix_phase1/o2_cf_med_ttl/repaired/input.L9.facts.ttl: 1 finding(s) in; model proposed 1 group(s), 2 op(s), 0 merge(s)
    [source quote fidelity] pass 1: applied 1 (of which 0 merge(s)), skipped 2, stub orphans swept 0 [4.8s, 4.8s in the model]
    SKIPPED [The quote 'during the trial at the first – instance court' contains a non-standard dash character that does not match the source text exactly.] remove doc:participation_trial_1 echr:hasSupportingQuote during the trial at the first ‐ instance court: applied (removed 1 quote(s) by index)
    SKIPPED [The quote 'during the trial at the first – instance court' contains a non-standard dash character that does not match the source text exactly.] add doc:participation_trial_1 echr:hasSupportingQuote during the trial at the first – instance court: skipped: quote does not appear verbatim in the source document
    [source quote fidelity] pass 2: nothing left to flag - stopping
    document total: 5.4s across 2 model call(s) (5.3s in the model)
    wrote results/jurix_phase1/o2_cf_med_ttl/repaired/input.L9.facts.ttl (backup at results/jurix_phase1/o2_cf_med_ttl/repaired/backup/input.L9.facts.ttl)

  repair total: 272.5s over 10 document(s), 28 model call(s) (269.5s in the model, 3.0s deterministic)
    authorities      3 call(s)     26.8s  (26.6s in the model)
    proceedings      6 call(s)     17.6s  (17.6s in the model)
    persons         11 call(s)    167.5s  (167.5s in the model)
    quotes           8 call(s)     58.0s  (57.8s in the model)

phase 2 done in 274.7s

--- phase 3: SHACL gate -> results/jurix_phase1/o2_cf_med_ttl/repaired ---

repaired  (results/jurix_phase1/o2_cf_med_ttl/repaired)
  file                          conforms  violations  warnings
  input.L1.facts.ttl                True           0         0
  input.L10.facts.ttl              False           1         2
  input.L2.facts.ttl               False           1         0
  input.L3.facts.ttl               False           5         0
  input.L4.facts.ttl               False           4         0
  input.L5.facts.ttl               False           0         1
  input.L6.facts.ttl                True           0         0
  input.L7.facts.ttl                True           0         0
  input.L8.facts.ttl               False           1         0
  input.L9.facts.ttl                True           0         0
  TOTAL                             4/10          12         3

phase 3 done in 93.9s

timings -> results/jurix_phase1/o2_cf_med_ttl/timings.json

############################################################
# o2_cf_med_jsonld  (rolling, chunk 8000/16000, max_visits 1, jsonld)
############################################################

--- phase 1: extraction (rolling) -> results/jurix_phase1/o2_cf_med_jsonld/raw ---
2026-08-24 19:21:04,800 INFO    carry_forward: applied 65 setting(s) from arm.env
2026-08-24 19:21:08,819 INFO    response_repair: response repair ENABLED: malformed facts-render JSON is repaired in place instead of being dropped
2026-08-24 19:21:08,820 INFO    turtle_repair: turtle repair ENABLED: premature-period-before-property and repeated-predicate-after-comma are now recovered in addition to ontocast's own Turtle repairs
2026-08-24 19:21:08,822 WARNING ontocast.config.settings: Model 'gemma-4-31b' is not a known openai preset (OpenAIModel). Passing it through -- the provider decides whether it exists.
2026-08-24 19:21:09,873 INFO    httpx: HTTP Request: POST http://localhost:3032/$/datasets "HTTP/1.1 403 Forbidden"
2026-08-24 19:21:09,874 ERROR   ontocast.tool.triple_manager.fuseki: Failed to create dataset growgraph--art6_gemma4_o2_cf_med_jsonld--facts. Status code: 403
2026-08-24 19:21:09,874 ERROR   ontocast.tool.triple_manager.fuseki: Response: <html>
<head>
<meta http-equiv="Content-Type" content="text/html;charset=UTF-8"/>
<title>Error 403 Access denied : only localhost access allowed</title>
</head>
<body>
<h2>HTTP ERROR 403 Access denied : only localhost access allowed</h2>
<table>
<tr><th>URI:</th><td>http://localhost:3032/$/datasets</td></tr>
<tr><th>STATUS:</th><td>403</td></tr>
<tr><th>MESSAGE:</th><td>Access denied : only localhost access allowed</td></tr>
</table>

</body>
</html>
2026-08-24 19:21:09,887 INFO    httpx: HTTP Request: POST http://localhost:3032/$/datasets "HTTP/1.1 403 Forbidden"
2026-08-24 19:21:09,888 ERROR   ontocast.tool.triple_manager.fuseki: Failed to create dataset growgraph--art6_gemma4_o2_cf_med_jsonld--ontologies. Status code: 403
2026-08-24 19:21:09,888 ERROR   ontocast.tool.triple_manager.fuseki: Response: <html>
<head>
<meta http-equiv="Content-Type" content="text/html;charset=UTF-8"/>
<title>Error 403 Access denied : only localhost access allowed</title>
</head>
<body>
<h2>HTTP ERROR 403 Access denied : only localhost access allowed</h2>
<table>
<tr><th>URI:</th><td>http://localhost:3032/$/datasets</td></tr>
<tr><th>STATUS:</th><td>403</td></tr>
<tr><th>MESSAGE:</th><td>Access denied : only localhost access allowed</td></tr>
</table>

</body>
</html>
2026-08-24 19:21:09,888 INFO    ontocast.tool.triple_manager.fuseki: Fuseki tenancy set to tenant='growgraph' project='art6_gemma4_o2_cf_med_jsonld' (facts=growgraph--art6_gemma4_o2_cf_med_jsonld--facts ontologies=growgraph--art6_gemma4_o2_cf_med_jsonld--ontologies)
2026-08-24 19:21:09,911 INFO    httpx: HTTP Request: POST http://localhost:3032/$/datasets "HTTP/1.1 403 Forbidden"
2026-08-24 19:21:09,912 ERROR   ontocast.tool.triple_manager.fuseki: Failed to create dataset growgraph--art6_gemma4_o2_cf_med_jsonld--facts. Status code: 403
2026-08-24 19:21:09,912 ERROR   ontocast.tool.triple_manager.fuseki: Response: <html>
<head>
<meta http-equiv="Content-Type" content="text/html;charset=UTF-8"/>
<title>Error 403 Access denied : only localhost access allowed</title>
</head>
<body>
<h2>HTTP ERROR 403 Access denied : only localhost access allowed</h2>
<table>
<tr><th>URI:</th><td>http://localhost:3032/$/datasets</td></tr>
<tr><th>STATUS:</th><td>403</td></tr>
<tr><th>MESSAGE:</th><td>Access denied : only localhost access allowed</td></tr>
</table>

</body>
</html>
2026-08-24 19:21:09,924 INFO    httpx: HTTP Request: POST http://localhost:3032/$/datasets "HTTP/1.1 403 Forbidden"
2026-08-24 19:21:09,924 ERROR   ontocast.tool.triple_manager.fuseki: Failed to create dataset growgraph--art6_gemma4_o2_cf_med_jsonld--ontologies. Status code: 403
2026-08-24 19:21:09,924 ERROR   ontocast.tool.triple_manager.fuseki: Response: <html>
<head>
<meta http-equiv="Content-Type" content="text/html;charset=UTF-8"/>
<title>Error 403 Access denied : only localhost access allowed</title>
</head>
<body>
<h2>HTTP ERROR 403 Access denied : only localhost access allowed</h2>
<table>
<tr><th>URI:</th><td>http://localhost:3032/$/datasets</td></tr>
<tr><th>STATUS:</th><td>403</td></tr>
<tr><th>MESSAGE:</th><td>Access denied : only localhost access allowed</td></tr>
</table>

</body>
</html>
2026-08-24 19:21:10,061 INFO    ontocast.toolbox: Found 2 seed ontologies in ontology_directory
2026-08-24 19:21:10,082 INFO    httpx: HTTP Request: POST http://localhost:3032/growgraph--art6_gemma4_o2_cf_med_jsonld--ontologies/sparql "HTTP/1.1 200 OK"
2026-08-24 19:21:10,083 INFO    ontocast.toolbox: Found 0 ontologies in triple store
2026-08-24 19:21:10,083 INFO    ontocast.toolbox: Syncing seed ontology to triple store: https://growgraph.dev/__null__/ (version: 1.0.0)
2026-08-24 19:21:10,084 INFO    ontocast.toolbox: Syncing seed ontology to triple store: https://growgraph.dev/echr (version: 3.5.0)
2026-08-24 19:21:10,084 INFO    ontocast.toolbox: Ontology sync finished: 2 ontolog(ies) in 0.16s
2026-08-24 19:21:10,084 WARNING ontocast.tool.ontology_manager: Cannot add ontology without valid IRI (ontology_id: None)
2026-08-24 19:21:10,215 INFO    httpx: HTTP Request: PUT http://localhost:3032/growgraph--art6_gemma4_o2_cf_med_jsonld--ontologies/data?graph=https://growgraph.dev/__null__/%2393708728c5656528bde09c6ce8484e1c4989ed408de4dd6ce2017f7c31c7b289 "HTTP/1.1 201 Created"
2026-08-24 19:21:10,216 INFO    ontocast.tool.triple_manager.fuseki: Ontology graph https://growgraph.dev/__null__/#93708728c5656528bde09c6ce8484e1c4989ed408de4dd6ce2017f7c31c7b289 uploaded to Fuseki as named graph.
2026-08-24 19:21:10,216 INFO    ontocast.toolbox: Materialized ontology https://growgraph.dev/__null__/ in 0.12s
2026-08-24 19:21:10,295 INFO    httpx: HTTP Request: PUT http://localhost:3032/growgraph--art6_gemma4_o2_cf_med_jsonld--ontologies/data?graph=https://growgraph.dev/echr%23a0e10e2d004aa686def734f5b9fed07988dd68c21f4e1c434b97fe495677c6cf "HTTP/1.1 201 Created"
2026-08-24 19:21:10,296 INFO    ontocast.tool.triple_manager.fuseki: Ontology graph https://growgraph.dev/echr#a0e10e2d004aa686def734f5b9fed07988dd68c21f4e1c434b97fe495677c6cf uploaded to Fuseki as named graph.
2026-08-24 19:21:10,296 INFO    ontocast.toolbox: Materialized ontology https://growgraph.dev/echr in 0.20s
2026-08-24 19:21:10,296 INFO    ontocast.toolbox: Ontology materialize + enrich finished for 2 ontolog(ies) in 0.21s (reindex_concurrency=2); initialize total 0.41s
2026-08-24 19:21:10,296 INFO    carry_forward: chunking: min_size=8000 max_size=16000 section_classifier=off
2026-08-24 19:21:10,300 INFO    carry_forward: expanded input.jsonl into 10 record(s)
2026-08-24 19:21:10,300 INFO    carry_forward: facts prompt: 7055 chars from /home/dahrb/Projects/article_6/domestic_proceedings/art6/ontology/prompts/facts.txt (overrides any copy embedded in input.jsonl)
2026-08-24 19:21:10,926 INFO    ontocast.agent.chunk_text: Chunking the text
2026-08-24 19:21:10,947 INFO    ontocast.agent.chunk_text: Created 2 chunks for processing: [8703, 15292]
2026-08-24 19:21:10,950 INFO    ontocast.agent.chunk_text: Created 2 content units: [8703, 15292]
2026-08-24 19:21:10,951 INFO    ontocast.agent.chunk_text: Section labels: (unlabeled)=2
2026-08-24 19:21:10,951 INFO    carry_forward: L1: 2 chunk(s), sizes=[8703, 15292]
2026-08-24 19:21:10,966 INFO    ontocast.stategraph.atomic: Ontology context for mode fixed_single_ontology: sources=['https://growgraph.dev/echr'] writable=['https://growgraph.dev/echr']
2026-08-24 19:21:10,966 INFO    ontocast.agent.render_facts: Render facts for content unit 1
2026-08-24 19:21:10,966 INFO    ontocast.agent.render_facts: Generating fresh facts as Turtle
2026-08-24 19:21:10,966 INFO    ontocast.agent.render_facts: Rendering fresh facts
2026-08-24 19:21:48,506 INFO    httpx: HTTP Request: POST http://localhost:8000/v1/chat/completions "HTTP/1.1 200 OK"
2026-08-24 19:21:48,965 INFO    ontocast.agent.render_facts: Fresh facts generated with 87 triple(s).
2026-08-24 19:21:48,965 INFO    ontocast.stategraph.atomic: Unit facts loop finishing on final render attempt 1/1 (skipping LLM critic; finding-driven repair renders may still run)
2026-08-24 19:21:48,969 INFO    carry_forward: L1 chunk 1/2: 8703 chars, carried 0 -> 87 triples (+87) in 38.0s
2026-08-24 19:21:48,983 INFO    ontocast.stategraph.atomic: Ontology context for mode fixed_single_ontology: sources=['https://growgraph.dev/echr'] writable=['https://growgraph.dev/echr']
2026-08-24 19:21:48,983 INFO    ontocast.agent.render_facts: Render facts for content unit 2
2026-08-24 19:21:48,983 INFO    ontocast.agent.render_facts: Generating facts update
2026-08-24 19:21:48,983 INFO    ontocast.agent.render_facts: Rendering updates for facts
2026-08-24 19:22:32,715 INFO    httpx: HTTP Request: POST http://localhost:8000/v1/chat/completions "HTTP/1.1 200 OK"
2026-08-24 19:22:33,659 INFO    ontocast.agent.render_facts: Facts update has 1 operation(s) with 97 total triple(s).
2026-08-24 19:22:33,659 INFO    ontocast.stategraph.atomic: Unit facts loop finishing on final render attempt 1/1 (skipping LLM critic; finding-driven repair renders may still run)
2026-08-24 19:22:33,665 WARNING ontocast.util.numeric_inventory: Numeric coverage: 31 missing mention(s) truncated to 30 for the repair prompt
2026-08-24 19:22:33,668 INFO    carry_forward: L1 chunk 2/2: 15292 chars, carried 87 -> 184 triples (+97) in 44.7s
2026-08-24 19:22:33,671 INFO    ontocast.tool.agg.aggregate: Starting aggregation with metadata for 1 units
2026-08-24 19:22:36,176 INFO    ontocast.tool.agg.aggregate: Aggregation entity classification stats: fact=37 known_ontology=2 tentative_ontology=46
2026-08-24 19:22:36,176 INFO    ontocast.tool.agg.clustering: Embedding 25 entity representations in parallel...
2026-08-24 19:22:38,123 INFO    ontocast.tool.sentence_transformer: Loading sentence-transformer model: sentence-transformers/paraphrase-multilingual-MiniLM-L12-v2 (device=auto)
2026-08-24 19:22:38,124 INFO    sentence_transformers.base.model: No device provided, using cpu
2026-08-24 19:22:38,255 INFO    httpx: HTTP Request: HEAD https://huggingface.co/sentence-transformers/paraphrase-multilingual-MiniLM-L12-v2/resolve/main/modules.json "HTTP/1.1 307 Temporary Redirect"
Warning: You are sending unauthenticated requests to the HF Hub. Please set a HF_TOKEN to enable higher rate limits and faster downloads.
2026-08-24 19:22:38,256 WARNING huggingface_hub.utils._http: Warning: You are sending unauthenticated requests to the HF Hub. Please set a HF_TOKEN to enable higher rate limits and faster downloads.
2026-08-24 19:22:38,264 INFO    httpx: HTTP Request: HEAD https://huggingface.co/api/resolve-cache/models/sentence-transformers/paraphrase-multilingual-MiniLM-L12-v2/e8f8c211226b894fcb81acc59f3b34ba3efd5f42/modules.json "HTTP/1.1 200 OK"
2026-08-24 19:22:38,366 INFO    httpx: HTTP Request: HEAD https://huggingface.co/sentence-transformers/paraphrase-multilingual-MiniLM-L12-v2/resolve/main/config_sentence_transformers.json "HTTP/1.1 307 Temporary Redirect"
2026-08-24 19:22:38,374 INFO    httpx: HTTP Request: HEAD https://huggingface.co/api/resolve-cache/models/sentence-transformers/paraphrase-multilingual-MiniLM-L12-v2/e8f8c211226b894fcb81acc59f3b34ba3efd5f42/config_sentence_transformers.json "HTTP/1.1 200 OK"
2026-08-24 19:22:38,375 INFO    sentence_transformers.base.model: Loading SentenceTransformer model from sentence-transformers/paraphrase-multilingual-MiniLM-L12-v2.
2026-08-24 19:22:38,476 INFO    httpx: HTTP Request: HEAD https://huggingface.co/sentence-transformers/paraphrase-multilingual-MiniLM-L12-v2/resolve/main/config_sentence_transformers.json "HTTP/1.1 307 Temporary Redirect"
2026-08-24 19:22:38,484 INFO    httpx: HTTP Request: HEAD https://huggingface.co/api/resolve-cache/models/sentence-transformers/paraphrase-multilingual-MiniLM-L12-v2/e8f8c211226b894fcb81acc59f3b34ba3efd5f42/config_sentence_transformers.json "HTTP/1.1 200 OK"
2026-08-24 19:22:38,586 INFO    httpx: HTTP Request: HEAD https://huggingface.co/sentence-transformers/paraphrase-multilingual-MiniLM-L12-v2/resolve/main/README.md "HTTP/1.1 307 Temporary Redirect"
2026-08-24 19:22:38,594 INFO    httpx: HTTP Request: HEAD https://huggingface.co/api/resolve-cache/models/sentence-transformers/paraphrase-multilingual-MiniLM-L12-v2/e8f8c211226b894fcb81acc59f3b34ba3efd5f42/README.md "HTTP/1.1 200 OK"
2026-08-24 19:22:38,694 INFO    httpx: HTTP Request: HEAD https://huggingface.co/sentence-transformers/paraphrase-multilingual-MiniLM-L12-v2/resolve/main/modules.json "HTTP/1.1 307 Temporary Redirect"
2026-08-24 19:22:38,703 INFO    httpx: HTTP Request: HEAD https://huggingface.co/api/resolve-cache/models/sentence-transformers/paraphrase-multilingual-MiniLM-L12-v2/e8f8c211226b894fcb81acc59f3b34ba3efd5f42/modules.json "HTTP/1.1 200 OK"
2026-08-24 19:22:38,808 INFO    httpx: HTTP Request: HEAD https://huggingface.co/sentence-transformers/paraphrase-multilingual-MiniLM-L12-v2/resolve/main/sentence_bert_config.json "HTTP/1.1 307 Temporary Redirect"
2026-08-24 19:22:38,816 INFO    httpx: HTTP Request: HEAD https://huggingface.co/api/resolve-cache/models/sentence-transformers/paraphrase-multilingual-MiniLM-L12-v2/e8f8c211226b894fcb81acc59f3b34ba3efd5f42/sentence_bert_config.json "HTTP/1.1 200 OK"
2026-08-24 19:22:38,917 INFO    httpx: HTTP Request: HEAD https://huggingface.co/sentence-transformers/paraphrase-multilingual-MiniLM-L12-v2/resolve/main/adapter_config.json "HTTP/1.1 404 Not Found"
2026-08-24 19:22:39,021 INFO    httpx: HTTP Request: HEAD https://huggingface.co/sentence-transformers/paraphrase-multilingual-MiniLM-L12-v2/resolve/main/config.json "HTTP/1.1 307 Temporary Redirect"
2026-08-24 19:22:39,030 INFO    httpx: HTTP Request: HEAD https://huggingface.co/api/resolve-cache/models/sentence-transformers/paraphrase-multilingual-MiniLM-L12-v2/e8f8c211226b894fcb81acc59f3b34ba3efd5f42/config.json "HTTP/1.1 200 OK"

Loading weights:   0%|          | 0/199 [00:00<?, ?it/s]
Loading weights: 100%|██████████| 199/199 [00:00<00:00, 7740.29it/s]
2026-08-24 19:22:39,274 INFO    httpx: HTTP Request: HEAD https://huggingface.co/sentence-transformers/paraphrase-multilingual-MiniLM-L12-v2/resolve/main/processor_config.json "HTTP/1.1 404 Not Found"
2026-08-24 19:22:39,378 INFO    httpx: HTTP Request: HEAD https://huggingface.co/sentence-transformers/paraphrase-multilingual-MiniLM-L12-v2/resolve/main/preprocessor_config.json "HTTP/1.1 404 Not Found"
2026-08-24 19:22:39,483 INFO    httpx: HTTP Request: HEAD https://huggingface.co/sentence-transformers/paraphrase-multilingual-MiniLM-L12-v2/resolve/main/video_preprocessor_config.json "HTTP/1.1 404 Not Found"
2026-08-24 19:22:39,587 INFO    httpx: HTTP Request: HEAD https://huggingface.co/sentence-transformers/paraphrase-multilingual-MiniLM-L12-v2/resolve/main/preprocessor_config.json "HTTP/1.1 404 Not Found"
2026-08-24 19:22:39,688 INFO    httpx: HTTP Request: HEAD https://huggingface.co/sentence-transformers/paraphrase-multilingual-MiniLM-L12-v2/resolve/main/tokenizer_config.json "HTTP/1.1 307 Temporary Redirect"
2026-08-24 19:22:39,696 INFO    httpx: HTTP Request: HEAD https://huggingface.co/api/resolve-cache/models/sentence-transformers/paraphrase-multilingual-MiniLM-L12-v2/e8f8c211226b894fcb81acc59f3b34ba3efd5f42/tokenizer_config.json "HTTP/1.1 200 OK"
2026-08-24 19:22:39,797 INFO    httpx: HTTP Request: HEAD https://huggingface.co/sentence-transformers/paraphrase-multilingual-MiniLM-L12-v2/resolve/main/config.json "HTTP/1.1 307 Temporary Redirect"
2026-08-24 19:22:39,807 INFO    httpx: HTTP Request: HEAD https://huggingface.co/api/resolve-cache/models/sentence-transformers/paraphrase-multilingual-MiniLM-L12-v2/e8f8c211226b894fcb81acc59f3b34ba3efd5f42/config.json "HTTP/1.1 200 OK"
2026-08-24 19:22:39,912 INFO    httpx: HTTP Request: HEAD https://huggingface.co/sentence-transformers/paraphrase-multilingual-MiniLM-L12-v2/resolve/main/config.json "HTTP/1.1 307 Temporary Redirect"
2026-08-24 19:22:39,920 INFO    httpx: HTTP Request: HEAD https://huggingface.co/api/resolve-cache/models/sentence-transformers/paraphrase-multilingual-MiniLM-L12-v2/e8f8c211226b894fcb81acc59f3b34ba3efd5f42/config.json "HTTP/1.1 200 OK"
2026-08-24 19:22:40,025 INFO    httpx: HTTP Request: HEAD https://huggingface.co/sentence-transformers/paraphrase-multilingual-MiniLM-L12-v2/resolve/main/tokenizer_config.json "HTTP/1.1 307 Temporary Redirect"
2026-08-24 19:22:40,035 INFO    httpx: HTTP Request: HEAD https://huggingface.co/api/resolve-cache/models/sentence-transformers/paraphrase-multilingual-MiniLM-L12-v2/e8f8c211226b894fcb81acc59f3b34ba3efd5f42/tokenizer_config.json "HTTP/1.1 200 OK"
2026-08-24 19:22:40,136 INFO    httpx: HTTP Request: HEAD https://huggingface.co/sentence-transformers/paraphrase-multilingual-MiniLM-L12-v2/resolve/main/tokenizer_config.json "HTTP/1.1 307 Temporary Redirect"
2026-08-24 19:22:40,145 INFO    httpx: HTTP Request: HEAD https://huggingface.co/api/resolve-cache/models/sentence-transformers/paraphrase-multilingual-MiniLM-L12-v2/e8f8c211226b894fcb81acc59f3b34ba3efd5f42/tokenizer_config.json "HTTP/1.1 200 OK"
2026-08-24 19:22:40,246 INFO    httpx: HTTP Request: GET https://huggingface.co/api/models/sentence-transformers/paraphrase-multilingual-MiniLM-L12-v2/tree/main/additional_chat_templates?recursive=false&expand=false "HTTP/1.1 404 Not Found"
2026-08-24 19:22:40,350 INFO    httpx: HTTP Request: GET https://huggingface.co/api/models/sentence-transformers/paraphrase-multilingual-MiniLM-L12-v2/tree/main?recursive=true&expand=false "HTTP/1.1 200 OK"
2026-08-24 19:22:41,806 INFO    httpx: HTTP Request: GET https://huggingface.co/api/models/sentence-transformers/paraphrase-multilingual-MiniLM-L12-v2 "HTTP/1.1 200 OK"
2026-08-24 19:22:42,114 INFO    httpx: HTTP Request: HEAD https://huggingface.co/sentence-transformers/paraphrase-multilingual-MiniLM-L12-v2/resolve/main/1_Pooling/config.json "HTTP/1.1 307 Temporary Redirect"
2026-08-24 19:22:42,122 INFO    httpx: HTTP Request: HEAD https://huggingface.co/api/resolve-cache/models/sentence-transformers/paraphrase-multilingual-MiniLM-L12-v2/e8f8c211226b894fcb81acc59f3b34ba3efd5f42/1_Pooling%2Fconfig.json "HTTP/1.1 200 OK"
2026-08-24 19:22:42,228 INFO    httpx: HTTP Request: GET https://huggingface.co/api/models/sentence-transformers/paraphrase-multilingual-MiniLM-L12-v2 "HTTP/1.1 200 OK"
2026-08-24 19:22:43,015 INFO    ontocast.tool.agg.clustering: Embedded 25 entities
2026-08-24 19:22:43,099 INFO    ontocast.tool.agg.clustering: Clustering 25 entities...
2026-08-24 19:22:43,117 INFO    ontocast.tool.agg.clustering: Formed 7 clusters: 3 singletons, 4 multi-entity clusters, max cluster size: 12
2026-08-24 19:22:43,118 INFO    ontocast.tool.agg.clustering: Embedding 51 entity representations in parallel...
2026-08-24 19:22:44,213 INFO    ontocast.tool.agg.clustering: Embedded 51 entities
2026-08-24 19:22:44,213 INFO    ontocast.tool.agg.clustering: Clustering 51 entities...
2026-08-24 19:22:44,216 INFO    ontocast.tool.agg.clustering: Formed 10 clusters: 5 singletons, 5 multi-entity clusters, max cluster size: 33
2026-08-24 19:22:44,217 INFO    ontocast.tool.agg.clustering: Embedding 9 entity representations in parallel...
2026-08-24 19:22:44,331 INFO    ontocast.tool.agg.clustering: Embedded 9 entities
2026-08-24 19:22:44,331 INFO    ontocast.tool.agg.clustering: Clustering 9 entities...
2026-08-24 19:22:44,333 INFO    ontocast.tool.agg.clustering: Formed 7 clusters: 6 singletons, 1 multi-entity clusters, max cluster size: 3
2026-08-24 19:22:44,360 INFO    ontocast.tool.agg.aggregate: Rejected 108 candidate merges after symbolic validation
2026-08-24 19:22:44,361 INFO    ontocast.tool.agg.clustering: Created mapping for 85 entities to 80 representatives
2026-08-24 19:22:44,362 INFO    ontocast.tool.agg.uri_builder: Built URI mapping: 85 entities, 37 normalised
2026-08-24 19:22:44,373 INFO    ontocast.tool.agg.rewriter: Merged 1 unit graphs with provenance: 184 -> 533 triples (34 entities merged)
2026-08-24 19:22:44,373 INFO    ontocast.tool.agg.aggregate: Aggregation with metadata complete
2026-08-24 19:22:44,397 INFO    carry_forward: L1 done: 2 chunk(s) -> 536 triples in 94.1s -> input.L1.facts.ttl
2026-08-24 19:22:44,398 INFO    ontocast.agent.chunk_text: Chunking the text
2026-08-24 19:22:44,401 INFO    ontocast.agent.chunk_text: Created 4 chunks for processing: [8406, 9000, 8124, 9018]
2026-08-24 19:22:44,405 INFO    ontocast.agent.chunk_text: Created 4 content units: [8406, 9000, 8124, 9018]
2026-08-24 19:22:44,405 INFO    ontocast.agent.chunk_text: Section labels: (unlabeled)=4
2026-08-24 19:22:44,406 INFO    carry_forward: L2: 4 chunk(s), sizes=[8406, 9000, 8124, 9018]
2026-08-24 19:22:44,416 INFO    ontocast.stategraph.atomic: Ontology context for mode fixed_single_ontology: sources=['https://growgraph.dev/echr'] writable=['https://growgraph.dev/echr']
2026-08-24 19:22:44,416 INFO    ontocast.agent.render_facts: Render facts for content unit 1
2026-08-24 19:22:44,416 INFO    ontocast.agent.render_facts: Generating fresh facts as Turtle
2026-08-24 19:22:44,416 INFO    ontocast.agent.render_facts: Rendering fresh facts
2026-08-24 19:23:03,947 INFO    httpx: HTTP Request: POST http://localhost:8000/v1/chat/completions "HTTP/1.1 200 OK"
2026-08-24 19:23:04,080 INFO    ontocast.agent.render_facts: Fresh facts generated with 48 triple(s).
2026-08-24 19:23:04,080 INFO    ontocast.stategraph.atomic: Unit facts loop finishing on final render attempt 1/1 (skipping LLM critic; finding-driven repair renders may still run)
2026-08-24 19:23:04,083 WARNING ontocast.util.numeric_inventory: Numeric coverage: 43 missing mention(s) truncated to 30 for the repair prompt
2026-08-24 19:23:04,083 INFO    carry_forward: L2 chunk 1/4: 8406 chars, carried 0 -> 48 triples (+48) in 19.7s
2026-08-24 19:23:04,097 INFO    ontocast.stategraph.atomic: Ontology context for mode fixed_single_ontology: sources=['https://growgraph.dev/echr'] writable=['https://growgraph.dev/echr']
2026-08-24 19:23:04,097 INFO    ontocast.agent.render_facts: Render facts for content unit 2
2026-08-24 19:23:04,097 INFO    ontocast.agent.render_facts: Generating facts update
2026-08-24 19:23:04,097 INFO    ontocast.agent.render_facts: Rendering updates for facts
2026-08-24 19:23:23,111 INFO    httpx: HTTP Request: POST http://localhost:8000/v1/chat/completions "HTTP/1.1 200 OK"
2026-08-24 19:23:23,314 INFO    ontocast.agent.render_facts: Facts update has 1 operation(s) with 40 total triple(s).
2026-08-24 19:23:23,314 INFO    ontocast.stategraph.atomic: Unit facts loop finishing on final render attempt 1/1 (skipping LLM critic; finding-driven repair renders may still run)
2026-08-24 19:23:23,320 INFO    carry_forward: L2 chunk 2/4: 9000 chars, carried 48 -> 88 triples (+40) in 19.2s
2026-08-24 19:23:23,333 INFO    ontocast.stategraph.atomic: Ontology context for mode fixed_single_ontology: sources=['https://growgraph.dev/echr'] writable=['https://growgraph.dev/echr']
2026-08-24 19:23:23,333 INFO    ontocast.agent.render_facts: Render facts for content unit 3
2026-08-24 19:23:23,333 INFO    ontocast.agent.render_facts: Generating facts update
2026-08-24 19:23:23,333 INFO    ontocast.agent.render_facts: Rendering updates for facts
2026-08-24 19:23:30,264 INFO    httpx: HTTP Request: POST http://localhost:8000/v1/chat/completions "HTTP/1.1 200 OK"
2026-08-24 19:23:30,295 INFO    ontocast.tool.facts_invariants: Repaired literal rdf:type object 'echr:DomesticAuthority' -> <https://growgraph.dev/echr#DomesticAuthority>
2026-08-24 19:23:30,297 INFO    ontocast.agent.render_facts: Deterministic graph repair: retyped 0 literal(s), coerced 1 rdf:type literal(s), rewrote 0 alias triple(s), resolved 0 code(s)
2026-08-24 19:23:30,308 INFO    ontocast.agent.render_facts: Facts update has 1 operation(s) with 8 total triple(s).
2026-08-24 19:23:30,308 INFO    ontocast.stategraph.atomic: Unit facts loop finishing on final render attempt 1/1 (skipping LLM critic; finding-driven repair renders may still run)
2026-08-24 19:23:30,312 WARNING ontocast.util.numeric_inventory: Numeric coverage: 36 missing mention(s) truncated to 30 for the repair prompt
2026-08-24 19:23:30,314 INFO    carry_forward: L2 chunk 3/4: 8124 chars, carried 88 -> 96 triples (+8) in 7.0s
2026-08-24 19:23:30,326 INFO    ontocast.stategraph.atomic: Ontology context for mode fixed_single_ontology: sources=['https://growgraph.dev/echr'] writable=['https://growgraph.dev/echr']
2026-08-24 19:23:30,327 INFO    ontocast.agent.render_facts: Render facts for content unit 4
2026-08-24 19:23:30,327 INFO    ontocast.agent.render_facts: Generating facts update
2026-08-24 19:23:30,327 INFO    ontocast.agent.render_facts: Rendering updates for facts
2026-08-24 19:23:36,408 INFO    httpx: HTTP Request: POST http://localhost:8000/v1/chat/completions "HTTP/1.1 200 OK"
2026-08-24 19:23:36,445 INFO    ontocast.agent.render_facts: Facts update has 1 operation(s) with 8 total triple(s).
2026-08-24 19:23:36,445 INFO    ontocast.stategraph.atomic: Unit facts loop finishing on final render attempt 1/1 (skipping LLM critic; finding-driven repair renders may still run)
2026-08-24 19:23:36,451 INFO    carry_forward: L2 chunk 4/4: 9018 chars, carried 96 -> 104 triples (+8) in 6.1s
2026-08-24 19:23:36,454 INFO    ontocast.tool.agg.aggregate: Starting aggregation with metadata for 1 units
2026-08-24 19:23:37,386 INFO    ontocast.tool.agg.aggregate: Aggregation entity classification stats: fact=21 known_ontology=2 tentative_ontology=35
2026-08-24 19:23:37,386 INFO    ontocast.tool.agg.clustering: Embedding 21 entity representations in parallel...
2026-08-24 19:23:37,726 INFO    ontocast.tool.agg.clustering: Embedded 21 entities
2026-08-24 19:23:37,726 INFO    ontocast.tool.agg.clustering: Clustering 21 entities...
2026-08-24 19:23:37,731 INFO    ontocast.tool.agg.clustering: Formed 7 clusters: 5 singletons, 2 multi-entity clusters, max cluster size: 12
2026-08-24 19:23:37,731 INFO    ontocast.tool.agg.clustering: Embedding 31 entity representations in parallel...
2026-08-24 19:23:38,606 INFO    ontocast.tool.agg.clustering: Embedded 31 entities
2026-08-24 19:23:38,606 INFO    ontocast.tool.agg.clustering: Clustering 31 entities...
2026-08-24 19:23:38,609 INFO    ontocast.tool.agg.clustering: Formed 10 clusters: 6 singletons, 4 multi-entity clusters, max cluster size: 14
2026-08-24 19:23:38,609 INFO    ontocast.tool.agg.clustering: Embedding 6 entity representations in parallel...
2026-08-24 19:23:38,698 INFO    ontocast.tool.agg.clustering: Embedded 6 entities
2026-08-24 19:23:38,698 INFO    ontocast.tool.agg.clustering: Clustering 6 entities...
2026-08-24 19:23:38,700 INFO    ontocast.tool.agg.clustering: Formed 4 clusters: 2 singletons, 2 multi-entity clusters, max cluster size: 2
2026-08-24 19:23:38,709 INFO    ontocast.tool.agg.aggregate: Rejected 65 candidate merges after symbolic validation
2026-08-24 19:23:38,709 INFO    ontocast.tool.agg.clustering: Created mapping for 58 entities to 55 representatives
2026-08-24 19:23:38,709 INFO    ontocast.tool.agg.uri_builder: Built URI mapping: 58 entities, 21 normalised
2026-08-24 19:23:38,716 INFO    ontocast.tool.agg.rewriter: Merged 1 unit graphs with provenance: 104 -> 296 triples (18 entities merged)
2026-08-24 19:23:38,716 INFO    ontocast.tool.agg.aggregate: Aggregation with metadata complete
2026-08-24 19:23:38,729 INFO    carry_forward: L2 done: 4 chunk(s) -> 299 triples in 54.3s -> input.L2.facts.ttl
2026-08-24 19:23:38,730 INFO    ontocast.agent.chunk_text: Chunking the text
2026-08-24 19:23:38,733 INFO    ontocast.agent.chunk_text: Created 3 chunks for processing: [8250, 8189, 12420]
2026-08-24 19:23:38,736 INFO    ontocast.agent.chunk_text: Created 3 content units: [8250, 8189, 12420]
2026-08-24 19:23:38,736 INFO    ontocast.agent.chunk_text: Section labels: (unlabeled)=3
2026-08-24 19:23:38,736 INFO    carry_forward: L3: 3 chunk(s), sizes=[8250, 8189, 12420]
2026-08-24 19:23:38,748 INFO    ontocast.stategraph.atomic: Ontology context for mode fixed_single_ontology: sources=['https://growgraph.dev/echr'] writable=['https://growgraph.dev/echr']
2026-08-24 19:23:38,748 INFO    ontocast.agent.render_facts: Render facts for content unit 1
2026-08-24 19:23:38,748 INFO    ontocast.agent.render_facts: Generating fresh facts as Turtle
2026-08-24 19:23:38,748 INFO    ontocast.agent.render_facts: Rendering fresh facts
2026-08-24 19:24:05,634 INFO    httpx: HTTP Request: POST http://localhost:8000/v1/chat/completions "HTTP/1.1 200 OK"
2026-08-24 19:24:05,911 INFO    ontocast.agent.render_facts: Fresh facts generated with 64 triple(s).
2026-08-24 19:24:05,911 INFO    ontocast.stategraph.atomic: Unit facts loop finishing on final render attempt 1/1 (skipping LLM critic; finding-driven repair renders may still run)
2026-08-24 19:24:05,914 INFO    carry_forward: L3 chunk 1/3: 8250 chars, carried 0 -> 64 triples (+64) in 27.2s
2026-08-24 19:24:05,926 INFO    ontocast.stategraph.atomic: Ontology context for mode fixed_single_ontology: sources=['https://growgraph.dev/echr'] writable=['https://growgraph.dev/echr']
2026-08-24 19:24:05,926 INFO    ontocast.agent.render_facts: Render facts for content unit 2
2026-08-24 19:24:05,926 INFO    ontocast.agent.render_facts: Generating facts update
2026-08-24 19:24:05,926 INFO    ontocast.agent.render_facts: Rendering updates for facts
2026-08-24 19:24:38,829 INFO    httpx: HTTP Request: POST http://localhost:8000/v1/chat/completions "HTTP/1.1 200 OK"
2026-08-24 19:24:39,371 INFO    ontocast.agent.render_facts: Facts update has 1 operation(s) with 72 total triple(s).
2026-08-24 19:24:39,371 INFO    ontocast.stategraph.atomic: Unit facts loop finishing on final render attempt 1/1 (skipping LLM critic; finding-driven repair renders may still run)
2026-08-24 19:24:39,377 INFO    carry_forward: L3 chunk 2/3: 8189 chars, carried 64 -> 136 triples (+72) in 33.5s
2026-08-24 19:24:39,388 INFO    ontocast.stategraph.atomic: Ontology context for mode fixed_single_ontology: sources=['https://growgraph.dev/echr'] writable=['https://growgraph.dev/echr']
2026-08-24 19:24:39,388 INFO    ontocast.agent.render_facts: Render facts for content unit 3
2026-08-24 19:24:39,388 INFO    ontocast.agent.render_facts: Generating facts update
2026-08-24 19:24:39,388 INFO    ontocast.agent.render_facts: Rendering updates for facts
2026-08-24 19:25:06,317 INFO    httpx: HTTP Request: POST http://localhost:8000/v1/chat/completions "HTTP/1.1 200 OK"
2026-08-24 19:25:06,712 INFO    ontocast.agent.render_facts: Facts update has 1 operation(s) with 59 total triple(s).
2026-08-24 19:25:06,712 INFO    ontocast.stategraph.atomic: Unit facts loop finishing on final render attempt 1/1 (skipping LLM critic; finding-driven repair renders may still run)
2026-08-24 19:25:06,718 WARNING ontocast.util.numeric_inventory: Numeric coverage: 41 missing mention(s) truncated to 30 for the repair prompt
2026-08-24 19:25:06,721 INFO    carry_forward: L3 chunk 3/3: 12420 chars, carried 136 -> 195 triples (+59) in 27.3s
2026-08-24 19:25:06,724 INFO    ontocast.tool.agg.aggregate: Starting aggregation with metadata for 1 units
2026-08-24 19:25:09,644 INFO    ontocast.tool.agg.aggregate: Aggregation entity classification stats: fact=35 known_ontology=2 tentative_ontology=43
2026-08-24 19:25:09,644 INFO    ontocast.tool.agg.clustering: Embedding 49 entity representations in parallel...
2026-08-24 19:25:10,758 INFO    ontocast.tool.agg.clustering: Embedded 49 entities
2026-08-24 19:25:10,758 INFO    ontocast.tool.agg.clustering: Clustering 49 entities...
2026-08-24 19:25:10,761 INFO    ontocast.tool.agg.clustering: Formed 11 clusters: 5 singletons, 6 multi-entity clusters, max cluster size: 20
2026-08-24 19:25:10,761 INFO    ontocast.tool.agg.clustering: Embedding 23 entity representations in parallel...
2026-08-24 19:25:11,275 INFO    ontocast.tool.agg.clustering: Embedded 23 entities
2026-08-24 19:25:11,275 INFO    ontocast.tool.agg.clustering: Clustering 23 entities...
2026-08-24 19:25:11,278 INFO    ontocast.tool.agg.clustering: Formed 9 clusters: 6 singletons, 3 multi-entity clusters, max cluster size: 7
2026-08-24 19:25:11,278 INFO    ontocast.tool.agg.clustering: Embedding 8 entity representations in parallel...
2026-08-24 19:25:11,388 INFO    ontocast.tool.agg.clustering: Embedded 8 entities
2026-08-24 19:25:11,388 INFO    ontocast.tool.agg.clustering: Clustering 8 entities...
2026-08-24 19:25:11,390 INFO    ontocast.tool.agg.clustering: Formed 6 clusters: 5 singletons, 1 multi-entity clusters, max cluster size: 3
2026-08-24 19:25:11,413 INFO    ontocast.tool.agg.aggregate: Rejected 126 candidate merges after symbolic validation
2026-08-24 19:25:11,413 INFO    ontocast.tool.agg.clustering: Created mapping for 80 entities to 75 representatives
2026-08-24 19:25:11,414 INFO    ontocast.tool.agg.uri_builder: Built URI mapping: 80 entities, 35 normalised
2026-08-24 19:25:11,425 INFO    ontocast.tool.agg.rewriter: Merged 1 unit graphs with provenance: 195 -> 563 triples (32 entities merged)
2026-08-24 19:25:11,425 INFO    ontocast.tool.agg.aggregate: Aggregation with metadata complete
2026-08-24 19:25:11,451 INFO    carry_forward: L3 done: 3 chunk(s) -> 566 triples in 92.7s -> input.L3.facts.ttl
2026-08-24 19:25:11,452 INFO    ontocast.agent.chunk_text: Chunking the text
2026-08-24 19:25:11,455 INFO    ontocast.agent.chunk_text: Created 2 chunks for processing: [12073, 13163]
2026-08-24 19:25:11,457 INFO    ontocast.agent.chunk_text: Created 2 content units: [12073, 13163]
2026-08-24 19:25:11,457 INFO    ontocast.agent.chunk_text: Section labels: (unlabeled)=2
2026-08-24 19:25:11,457 INFO    carry_forward: L4: 2 chunk(s), sizes=[12073, 13163]
2026-08-24 19:25:11,470 INFO    ontocast.stategraph.atomic: Ontology context for mode fixed_single_ontology: sources=['https://growgraph.dev/echr'] writable=['https://growgraph.dev/echr']
2026-08-24 19:25:11,470 INFO    ontocast.agent.render_facts: Render facts for content unit 1
2026-08-24 19:25:11,470 INFO    ontocast.agent.render_facts: Generating fresh facts as Turtle
2026-08-24 19:25:11,470 INFO    ontocast.agent.render_facts: Rendering fresh facts
2026-08-24 19:25:28,539 INFO    httpx: HTTP Request: POST http://localhost:8000/v1/chat/completions "HTTP/1.1 200 OK"
2026-08-24 19:25:28,649 INFO    ontocast.agent.render_facts: Fresh facts generated with 35 triple(s).
2026-08-24 19:25:28,650 INFO    ontocast.stategraph.atomic: Unit facts loop finishing on final render attempt 1/1 (skipping LLM critic; finding-driven repair renders may still run)
2026-08-24 19:25:28,653 INFO    carry_forward: L4 chunk 1/2: 12073 chars, carried 0 -> 35 triples (+35) in 17.2s
2026-08-24 19:25:28,667 INFO    ontocast.stategraph.atomic: Ontology context for mode fixed_single_ontology: sources=['https://growgraph.dev/echr'] writable=['https://growgraph.dev/echr']
2026-08-24 19:25:28,667 INFO    ontocast.agent.render_facts: Render facts for content unit 2
2026-08-24 19:25:28,667 INFO    ontocast.agent.render_facts: Generating facts update
2026-08-24 19:25:28,667 INFO    ontocast.agent.render_facts: Rendering updates for facts
2026-08-24 19:26:25,375 INFO    httpx: HTTP Request: POST http://localhost:8000/v1/chat/completions "HTTP/1.1 200 OK"
2026-08-24 19:26:26,998 INFO    ontocast.agent.render_facts: Facts update has 1 operation(s) with 133 total triple(s).
2026-08-24 19:26:26,998 INFO    ontocast.stategraph.atomic: Unit facts loop finishing on final render attempt 1/1 (skipping LLM critic; finding-driven repair renders may still run)
2026-08-24 19:26:27,008 WARNING ontocast.util.numeric_inventory: Numeric coverage: 36 missing mention(s) truncated to 30 for the repair prompt
2026-08-24 19:26:27,012 INFO    carry_forward: L4 chunk 2/2: 13163 chars, carried 35 -> 168 triples (+133) in 58.4s
2026-08-24 19:26:27,016 INFO    ontocast.tool.agg.aggregate: Starting aggregation with metadata for 1 units
2026-08-24 19:26:29,244 INFO    ontocast.tool.agg.aggregate: Aggregation entity classification stats: fact=29 known_ontology=2 tentative_ontology=46
2026-08-24 19:26:29,244 INFO    ontocast.tool.agg.clustering: Embedding 24 entity representations in parallel...
2026-08-24 19:26:29,851 INFO    ontocast.tool.agg.clustering: Embedded 24 entities
2026-08-24 19:26:29,852 INFO    ontocast.tool.agg.clustering: Clustering 24 entities...
2026-08-24 19:26:29,854 INFO    ontocast.tool.agg.clustering: Formed 9 clusters: 6 singletons, 3 multi-entity clusters, max cluster size: 12
2026-08-24 19:26:29,854 INFO    ontocast.tool.agg.clustering: Embedding 45 entity representations in parallel...
2026-08-24 19:26:30,803 INFO    ontocast.tool.agg.clustering: Embedded 45 entities
2026-08-24 19:26:30,803 INFO    ontocast.tool.agg.clustering: Clustering 45 entities...
2026-08-24 19:26:30,806 INFO    ontocast.tool.agg.clustering: Formed 15 clusters: 12 singletons, 3 multi-entity clusters, max cluster size: 19
2026-08-24 19:26:30,806 INFO    ontocast.tool.agg.clustering: Embedding 8 entity representations in parallel...
2026-08-24 19:26:30,957 INFO    ontocast.tool.agg.clustering: Embedded 8 entities
2026-08-24 19:26:30,957 INFO    ontocast.tool.agg.clustering: Clustering 8 entities...
2026-08-24 19:26:30,959 INFO    ontocast.tool.agg.clustering: Formed 7 clusters: 6 singletons, 1 multi-entity clusters, max cluster size: 2
2026-08-24 19:26:30,979 INFO    ontocast.tool.agg.aggregate: Rejected 98 candidate merges after symbolic validation
2026-08-24 19:26:30,979 INFO    ontocast.tool.agg.clustering: Created mapping for 77 entities to 73 representatives
2026-08-24 19:26:30,980 INFO    ontocast.tool.agg.uri_builder: Built URI mapping: 77 entities, 29 normalised
2026-08-24 19:26:30,992 INFO    ontocast.tool.agg.rewriter: Merged 1 unit graphs with provenance: 168 -> 482 triples (26 entities merged)
2026-08-24 19:26:30,993 INFO    ontocast.tool.agg.aggregate: Aggregation with metadata complete
2026-08-24 19:26:31,017 INFO    carry_forward: L4 done: 2 chunk(s) -> 485 triples in 79.6s -> input.L4.facts.ttl
2026-08-24 19:26:31,018 INFO    ontocast.agent.chunk_text: Chunking the text
2026-08-24 19:26:31,020 INFO    ontocast.agent.chunk_text: Created 3 chunks for processing: [8934, 8079, 9527]
2026-08-24 19:26:31,023 INFO    ontocast.agent.chunk_text: Created 3 content units: [8934, 8079, 9527]
2026-08-24 19:26:31,023 INFO    ontocast.agent.chunk_text: Section labels: (unlabeled)=3
2026-08-24 19:26:31,023 INFO    carry_forward: L5: 3 chunk(s), sizes=[8934, 8079, 9527]
2026-08-24 19:26:31,036 INFO    ontocast.stategraph.atomic: Ontology context for mode fixed_single_ontology: sources=['https://growgraph.dev/echr'] writable=['https://growgraph.dev/echr']
2026-08-24 19:26:31,036 INFO    ontocast.agent.render_facts: Render facts for content unit 1
2026-08-24 19:26:31,036 INFO    ontocast.agent.render_facts: Generating fresh facts as Turtle
2026-08-24 19:26:31,036 INFO    ontocast.agent.render_facts: Rendering fresh facts
2026-08-24 19:27:19,439 INFO    httpx: HTTP Request: POST http://localhost:8000/v1/chat/completions "HTTP/1.1 200 OK"
2026-08-24 19:27:20,101 INFO    ontocast.agent.render_facts: Fresh facts generated with 120 triple(s).
2026-08-24 19:27:20,101 INFO    ontocast.stategraph.atomic: Unit facts loop finishing on final render attempt 1/1 (skipping LLM critic; finding-driven repair renders may still run)
2026-08-24 19:27:20,104 INFO    carry_forward: L5 chunk 1/3: 8934 chars, carried 0 -> 120 triples (+120) in 49.1s
2026-08-24 19:27:20,112 INFO    ontocast.stategraph.atomic: Ontology context for mode fixed_single_ontology: sources=['https://growgraph.dev/echr'] writable=['https://growgraph.dev/echr']
2026-08-24 19:27:20,112 INFO    ontocast.agent.render_facts: Render facts for content unit 2
2026-08-24 19:27:20,112 INFO    ontocast.agent.render_facts: Generating facts update
2026-08-24 19:27:20,112 INFO    ontocast.agent.render_facts: Rendering updates for facts
2026-08-24 19:27:45,937 INFO    httpx: HTTP Request: POST http://localhost:8000/v1/chat/completions "HTTP/1.1 200 OK"
2026-08-24 19:27:46,270 INFO    ontocast.agent.render_facts: Facts update has 1 operation(s) with 57 total triple(s).
2026-08-24 19:27:46,270 INFO    ontocast.stategraph.atomic: Unit facts loop finishing on final render attempt 1/1 (skipping LLM critic; finding-driven repair renders may still run)
2026-08-24 19:27:46,279 INFO    carry_forward: L5 chunk 2/3: 8079 chars, carried 120 -> 177 triples (+57) in 26.2s
2026-08-24 19:27:46,293 INFO    ontocast.stategraph.atomic: Ontology context for mode fixed_single_ontology: sources=['https://growgraph.dev/echr'] writable=['https://growgraph.dev/echr']
2026-08-24 19:27:46,293 INFO    ontocast.agent.render_facts: Render facts for content unit 3
2026-08-24 19:27:46,293 INFO    ontocast.agent.render_facts: Generating facts update
2026-08-24 19:27:46,293 INFO    ontocast.agent.render_facts: Rendering updates for facts
2026-08-24 19:27:58,454 INFO    httpx: HTTP Request: POST http://localhost:8000/v1/chat/completions "HTTP/1.1 200 OK"
2026-08-24 19:27:58,521 INFO    ontocast.agent.render_facts: Facts update has 1 operation(s) with 16 total triple(s).
2026-08-24 19:27:58,521 INFO    ontocast.stategraph.atomic: Unit facts loop finishing on final render attempt 1/1 (skipping LLM critic; finding-driven repair renders may still run)
2026-08-24 19:27:58,526 WARNING ontocast.util.numeric_inventory: Numeric coverage: 46 missing mention(s) truncated to 30 for the repair prompt
2026-08-24 19:27:58,530 INFO    carry_forward: L5 chunk 3/3: 9527 chars, carried 177 -> 193 triples (+16) in 12.2s
2026-08-24 19:27:58,534 INFO    ontocast.tool.agg.aggregate: Starting aggregation with metadata for 1 units
2026-08-24 19:28:01,129 INFO    ontocast.tool.agg.aggregate: Aggregation entity classification stats: fact=35 known_ontology=2 tentative_ontology=47
2026-08-24 19:28:01,129 INFO    ontocast.tool.agg.clustering: Embedding 28 entity representations in parallel...
2026-08-24 19:28:01,885 INFO    ontocast.tool.agg.clustering: Embedded 28 entities
2026-08-24 19:28:01,886 INFO    ontocast.tool.agg.clustering: Clustering 28 entities...
2026-08-24 19:28:01,888 INFO    ontocast.tool.agg.clustering: Formed 9 clusters: 6 singletons, 3 multi-entity clusters, max cluster size: 17
2026-08-24 19:28:01,888 INFO    ontocast.tool.agg.clustering: Embedding 48 entity representations in parallel...
2026-08-24 19:28:02,913 INFO    ontocast.tool.agg.clustering: Embedded 48 entities
2026-08-24 19:28:02,914 INFO    ontocast.tool.agg.clustering: Clustering 48 entities...
2026-08-24 19:28:02,916 INFO    ontocast.tool.agg.clustering: Formed 10 clusters: 4 singletons, 6 multi-entity clusters, max cluster size: 32
2026-08-24 19:28:02,916 INFO    ontocast.tool.agg.clustering: Embedding 8 entity representations in parallel...
2026-08-24 19:28:03,033 INFO    ontocast.tool.agg.clustering: Embedded 8 entities
2026-08-24 19:28:03,033 INFO    ontocast.tool.agg.clustering: Clustering 8 entities...
2026-08-24 19:28:03,037 INFO    ontocast.tool.agg.clustering: Formed 6 clusters: 4 singletons, 2 multi-entity clusters, max cluster size: 2
2026-08-24 19:28:03,086 INFO    ontocast.tool.agg.aggregate: Rejected 162 candidate merges after symbolic validation
2026-08-24 19:28:03,086 INFO    ontocast.tool.agg.clustering: Created mapping for 84 entities to 81 representatives
2026-08-24 19:28:03,087 INFO    ontocast.tool.agg.uri_builder: Built URI mapping: 84 entities, 35 normalised
2026-08-24 19:28:03,097 INFO    ontocast.tool.agg.rewriter: Merged 1 unit graphs with provenance: 193 -> 557 triples (32 entities merged)
2026-08-24 19:28:03,097 INFO    ontocast.tool.agg.aggregate: Aggregation with metadata complete
2026-08-24 19:28:03,120 INFO    carry_forward: L5 done: 3 chunk(s) -> 560 triples in 92.1s -> input.L5.facts.ttl
2026-08-24 19:28:03,120 INFO    ontocast.agent.chunk_text: Chunking the text
2026-08-24 19:28:03,123 INFO    ontocast.agent.chunk_text: Created 2 chunks for processing: [8443, 8854]
2026-08-24 19:28:03,124 INFO    ontocast.agent.chunk_text: Created 2 content units: [8443, 8854]
2026-08-24 19:28:03,124 INFO    ontocast.agent.chunk_text: Section labels: (unlabeled)=2
2026-08-24 19:28:03,125 INFO    carry_forward: L6: 2 chunk(s), sizes=[8443, 8854]
2026-08-24 19:28:03,135 INFO    ontocast.stategraph.atomic: Ontology context for mode fixed_single_ontology: sources=['https://growgraph.dev/echr'] writable=['https://growgraph.dev/echr']
2026-08-24 19:28:03,135 INFO    ontocast.agent.render_facts: Render facts for content unit 1
2026-08-24 19:28:03,135 INFO    ontocast.agent.render_facts: Generating fresh facts as Turtle
2026-08-24 19:28:03,135 INFO    ontocast.agent.render_facts: Rendering fresh facts
2026-08-24 19:28:03,276 INFO    openai._base_client: Retrying request to /chat/completions in 0.477631 seconds
2026-08-24 19:28:27,639 INFO    httpx: HTTP Request: POST http://localhost:8000/v1/chat/completions "HTTP/1.1 200 OK"
2026-08-24 19:28:27,836 INFO    ontocast.agent.render_facts: Fresh facts generated with 58 triple(s).
2026-08-24 19:28:27,836 INFO    ontocast.stategraph.atomic: Unit facts loop finishing on final render attempt 1/1 (skipping LLM critic; finding-driven repair renders may still run)
2026-08-24 19:28:27,840 INFO    carry_forward: L6 chunk 1/2: 8443 chars, carried 0 -> 58 triples (+58) in 24.7s
2026-08-24 19:28:27,853 INFO    ontocast.stategraph.atomic: Ontology context for mode fixed_single_ontology: sources=['https://growgraph.dev/echr'] writable=['https://growgraph.dev/echr']
2026-08-24 19:28:27,854 INFO    ontocast.agent.render_facts: Render facts for content unit 2
2026-08-24 19:28:27,854 INFO    ontocast.agent.render_facts: Generating facts update
2026-08-24 19:28:27,854 INFO    ontocast.agent.render_facts: Rendering updates for facts
2026-08-24 19:29:16,074 INFO    httpx: HTTP Request: POST http://localhost:8000/v1/chat/completions "HTTP/1.1 200 OK"
2026-08-24 19:29:17,059 INFO    ontocast.agent.render_facts: Facts update has 1 operation(s) with 117 total triple(s).
2026-08-24 19:29:17,060 INFO    ontocast.stategraph.atomic: Unit facts loop finishing on final render attempt 1/1 (skipping LLM critic; finding-driven repair renders may still run)
2026-08-24 19:29:17,068 INFO    carry_forward: L6 chunk 2/2: 8854 chars, carried 58 -> 175 triples (+117) in 49.2s
2026-08-24 19:29:17,070 INFO    ontocast.tool.agg.aggregate: Starting aggregation with metadata for 1 units
2026-08-24 19:29:19,216 INFO    ontocast.tool.agg.aggregate: Aggregation entity classification stats: fact=32 known_ontology=2 tentative_ontology=39
2026-08-24 19:29:19,216 INFO    ontocast.tool.agg.clustering: Embedding 42 entity representations in parallel...
2026-08-24 19:29:20,120 INFO    ontocast.tool.agg.clustering: Embedded 42 entities
2026-08-24 19:29:20,120 INFO    ontocast.tool.agg.clustering: Clustering 42 entities...
2026-08-24 19:29:20,122 INFO    ontocast.tool.agg.clustering: Formed 11 clusters: 4 singletons, 7 multi-entity clusters, max cluster size: 17
2026-08-24 19:29:20,122 INFO    ontocast.tool.agg.clustering: Embedding 25 entity representations in parallel...
2026-08-24 19:29:20,541 INFO    ontocast.tool.agg.clustering: Embedded 25 entities
2026-08-24 19:29:20,541 INFO    ontocast.tool.agg.clustering: Clustering 25 entities...
2026-08-24 19:29:20,545 INFO    ontocast.tool.agg.clustering: Formed 10 clusters: 7 singletons, 3 multi-entity clusters, max cluster size: 13
2026-08-24 19:29:20,546 INFO    ontocast.tool.agg.clustering: Embedding 6 entity representations in parallel...
2026-08-24 19:29:20,635 INFO    ontocast.tool.agg.clustering: Embedded 6 entities
2026-08-24 19:29:20,636 INFO    ontocast.tool.agg.clustering: Clustering 6 entities...
2026-08-24 19:29:20,638 INFO    ontocast.tool.agg.clustering: Formed 6 clusters: 6 singletons, 0 multi-entity clusters, max cluster size: 1
2026-08-24 19:29:20,654 INFO    ontocast.tool.agg.aggregate: Rejected 130 candidate merges after symbolic validation
2026-08-24 19:29:20,654 INFO    ontocast.tool.agg.clustering: Created mapping for 73 entities to 62 representatives
2026-08-24 19:29:20,654 INFO    ontocast.tool.agg.uri_builder: Built URI mapping: 73 entities, 32 normalised
2026-08-24 19:29:20,665 INFO    ontocast.tool.agg.rewriter: Merged 1 unit graphs with provenance: 175 -> 431 triples (21 entities merged)
2026-08-24 19:29:20,665 INFO    ontocast.tool.agg.aggregate: Aggregation with metadata complete
2026-08-24 19:29:20,690 INFO    carry_forward: L6 done: 2 chunk(s) -> 434 triples in 77.6s -> input.L6.facts.ttl
2026-08-24 19:29:20,691 INFO    ontocast.agent.chunk_text: Chunking the text
2026-08-24 19:29:20,694 INFO    ontocast.agent.chunk_text: Created 2 chunks for processing: [8191, 11532]
2026-08-24 19:29:20,697 INFO    ontocast.agent.chunk_text: Created 2 content units: [8191, 11532]
2026-08-24 19:29:20,697 INFO    ontocast.agent.chunk_text: Section labels: (unlabeled)=2
2026-08-24 19:29:20,697 INFO    carry_forward: L7: 2 chunk(s), sizes=[8191, 11532]
2026-08-24 19:29:20,709 INFO    ontocast.stategraph.atomic: Ontology context for mode fixed_single_ontology: sources=['https://growgraph.dev/echr'] writable=['https://growgraph.dev/echr']
2026-08-24 19:29:20,709 INFO    ontocast.agent.render_facts: Render facts for content unit 1
2026-08-24 19:29:20,709 INFO    ontocast.agent.render_facts: Generating fresh facts as Turtle
2026-08-24 19:29:20,709 INFO    ontocast.agent.render_facts: Rendering fresh facts
2026-08-24 19:29:37,892 INFO    httpx: HTTP Request: POST http://localhost:8000/v1/chat/completions "HTTP/1.1 200 OK"
2026-08-24 19:29:37,986 INFO    ontocast.agent.render_facts: Fresh facts generated with 38 triple(s).
2026-08-24 19:29:37,986 INFO    ontocast.stategraph.atomic: Unit facts loop finishing on final render attempt 1/1 (skipping LLM critic; finding-driven repair renders may still run)
2026-08-24 19:29:37,989 INFO    carry_forward: L7 chunk 1/2: 8191 chars, carried 0 -> 38 triples (+38) in 17.3s
2026-08-24 19:29:38,000 INFO    ontocast.stategraph.atomic: Ontology context for mode fixed_single_ontology: sources=['https://growgraph.dev/echr'] writable=['https://growgraph.dev/echr']
2026-08-24 19:29:38,000 INFO    ontocast.agent.render_facts: Render facts for content unit 2
2026-08-24 19:29:38,000 INFO    ontocast.agent.render_facts: Generating facts update
2026-08-24 19:29:38,000 INFO    ontocast.agent.render_facts: Rendering updates for facts
2026-08-24 19:30:06,591 INFO    httpx: HTTP Request: POST http://localhost:8000/v1/chat/completions "HTTP/1.1 200 OK"
2026-08-24 19:30:07,009 INFO    ontocast.agent.render_facts: Facts update has 1 operation(s) with 62 total triple(s).
2026-08-24 19:30:07,009 INFO    ontocast.stategraph.atomic: Unit facts loop finishing on final render attempt 1/1 (skipping LLM critic; finding-driven repair renders may still run)
2026-08-24 19:30:07,015 INFO    carry_forward: L7 chunk 2/2: 11532 chars, carried 38 -> 100 triples (+62) in 29.0s
2026-08-24 19:30:07,017 INFO    ontocast.tool.agg.aggregate: Starting aggregation with metadata for 1 units
2026-08-24 19:30:07,594 INFO    ontocast.tool.agg.aggregate: Aggregation entity classification stats: fact=16 known_ontology=2 tentative_ontology=49
2026-08-24 19:30:07,594 INFO    ontocast.tool.agg.clustering: Embedding 30 entity representations in parallel...
2026-08-24 19:30:08,344 INFO    ontocast.tool.agg.clustering: Embedded 30 entities
2026-08-24 19:30:08,344 INFO    ontocast.tool.agg.clustering: Clustering 30 entities...
2026-08-24 19:30:08,348 INFO    ontocast.tool.agg.clustering: Formed 11 clusters: 7 singletons, 4 multi-entity clusters, max cluster size: 12
2026-08-24 19:30:08,348 INFO    ontocast.tool.agg.clustering: Embedding 29 entity representations in parallel...
2026-08-24 19:30:08,981 INFO    ontocast.tool.agg.clustering: Embedded 29 entities
2026-08-24 19:30:08,982 INFO    ontocast.tool.agg.clustering: Clustering 29 entities...
2026-08-24 19:30:08,984 INFO    ontocast.tool.agg.clustering: Formed 12 clusters: 7 singletons, 5 multi-entity clusters, max cluster size: 8
2026-08-24 19:30:08,984 INFO    ontocast.tool.agg.clustering: Embedding 8 entity representations in parallel...
2026-08-24 19:30:09,095 INFO    ontocast.tool.agg.clustering: Embedded 8 entities
2026-08-24 19:30:09,095 INFO    ontocast.tool.agg.clustering: Clustering 8 entities...
2026-08-24 19:30:09,098 INFO    ontocast.tool.agg.clustering: Formed 7 clusters: 6 singletons, 1 multi-entity clusters, max cluster size: 2
2026-08-24 19:30:09,108 INFO    ontocast.tool.agg.aggregate: Rejected 68 candidate merges after symbolic validation
2026-08-24 19:30:09,108 INFO    ontocast.tool.agg.clustering: Created mapping for 67 entities to 67 representatives
2026-08-24 19:30:09,109 INFO    ontocast.tool.agg.uri_builder: Built URI mapping: 67 entities, 16 normalised
2026-08-24 19:30:09,116 INFO    ontocast.tool.agg.rewriter: Merged 1 unit graphs with provenance: 100 -> 305 triples (16 entities merged)
2026-08-24 19:30:09,116 INFO    ontocast.tool.agg.aggregate: Aggregation with metadata complete
2026-08-24 19:30:09,134 INFO    carry_forward: L7 done: 2 chunk(s) -> 308 triples in 48.4s -> input.L7.facts.ttl
2026-08-24 19:30:09,135 INFO    ontocast.agent.chunk_text: Chunking the text
2026-08-24 19:30:09,137 INFO    ontocast.agent.chunk_text: Created 2 chunks for processing: [8338, 11173]
2026-08-24 19:30:09,139 INFO    ontocast.agent.chunk_text: Created 2 content units: [8338, 11173]
2026-08-24 19:30:09,139 INFO    ontocast.agent.chunk_text: Section labels: (unlabeled)=2
2026-08-24 19:30:09,139 INFO    carry_forward: L8: 2 chunk(s), sizes=[8338, 11173]
2026-08-24 19:30:09,152 INFO    ontocast.stategraph.atomic: Ontology context for mode fixed_single_ontology: sources=['https://growgraph.dev/echr'] writable=['https://growgraph.dev/echr']
2026-08-24 19:30:09,153 INFO    ontocast.agent.render_facts: Render facts for content unit 1
2026-08-24 19:30:09,153 INFO    ontocast.agent.render_facts: Generating fresh facts as Turtle
2026-08-24 19:30:09,153 INFO    ontocast.agent.render_facts: Rendering fresh facts
2026-08-24 19:30:39,830 INFO    httpx: HTTP Request: POST http://localhost:8000/v1/chat/completions "HTTP/1.1 200 OK"
2026-08-24 19:30:40,133 INFO    ontocast.agent.render_facts: Fresh facts generated with 74 triple(s).
2026-08-24 19:30:40,133 INFO    ontocast.stategraph.atomic: Unit facts loop finishing on final render attempt 1/1 (skipping LLM critic; finding-driven repair renders may still run)
2026-08-24 19:30:40,137 INFO    carry_forward: L8 chunk 1/2: 8338 chars, carried 0 -> 74 triples (+74) in 31.0s
2026-08-24 19:30:40,150 INFO    ontocast.stategraph.atomic: Ontology context for mode fixed_single_ontology: sources=['https://growgraph.dev/echr'] writable=['https://growgraph.dev/echr']
2026-08-24 19:30:40,150 INFO    ontocast.agent.render_facts: Render facts for content unit 2
2026-08-24 19:30:40,150 INFO    ontocast.agent.render_facts: Generating facts update
2026-08-24 19:30:40,150 INFO    ontocast.agent.render_facts: Rendering updates for facts
2026-08-24 19:31:02,182 INFO    httpx: HTTP Request: POST http://localhost:8000/v1/chat/completions "HTTP/1.1 200 OK"
2026-08-24 19:31:02,442 INFO    ontocast.agent.render_facts: Facts update has 1 operation(s) with 46 total triple(s).
2026-08-24 19:31:02,443 INFO    ontocast.stategraph.atomic: Unit facts loop finishing on final render attempt 1/1 (skipping LLM critic; finding-driven repair renders may still run)
2026-08-24 19:31:02,450 INFO    carry_forward: L8 chunk 2/2: 11173 chars, carried 74 -> 120 triples (+46) in 22.3s
2026-08-24 19:31:02,452 INFO    ontocast.tool.agg.aggregate: Starting aggregation with metadata for 1 units
2026-08-24 19:31:03,636 INFO    ontocast.tool.agg.aggregate: Aggregation entity classification stats: fact=20 known_ontology=2 tentative_ontology=49
2026-08-24 19:31:03,636 INFO    ontocast.tool.agg.clustering: Embedding 26 entity representations in parallel...
2026-08-24 19:31:04,390 INFO    ontocast.tool.agg.clustering: Embedded 26 entities
2026-08-24 19:31:04,390 INFO    ontocast.tool.agg.clustering: Clustering 26 entities...
2026-08-24 19:31:04,392 INFO    ontocast.tool.agg.clustering: Formed 15 clusters: 12 singletons, 3 multi-entity clusters, max cluster size: 6
2026-08-24 19:31:04,392 INFO    ontocast.tool.agg.clustering: Embedding 36 entity representations in parallel...
2026-08-24 19:31:05,212 INFO    ontocast.tool.agg.clustering: Embedded 36 entities
2026-08-24 19:31:05,212 INFO    ontocast.tool.agg.clustering: Clustering 36 entities...
2026-08-24 19:31:05,215 INFO    ontocast.tool.agg.clustering: Formed 11 clusters: 7 singletons, 4 multi-entity clusters, max cluster size: 16
2026-08-24 19:31:05,215 INFO    ontocast.tool.agg.clustering: Embedding 9 entity representations in parallel...
2026-08-24 19:31:05,378 INFO    ontocast.tool.agg.clustering: Embedded 9 entities
2026-08-24 19:31:05,379 INFO    ontocast.tool.agg.clustering: Clustering 9 entities...
2026-08-24 19:31:05,382 INFO    ontocast.tool.agg.clustering: Formed 9 clusters: 9 singletons, 0 multi-entity clusters, max cluster size: 1
2026-08-24 19:31:05,397 INFO    ontocast.tool.agg.aggregate: Rejected 63 candidate merges after symbolic validation
2026-08-24 19:31:05,398 INFO    ontocast.tool.agg.clustering: Created mapping for 71 entities to 67 representatives
2026-08-24 19:31:05,399 INFO    ontocast.tool.agg.uri_builder: Built URI mapping: 71 entities, 20 normalised
2026-08-24 19:31:05,413 INFO    ontocast.tool.agg.rewriter: Merged 1 unit graphs with provenance: 120 -> 347 triples (18 entities merged)
2026-08-24 19:31:05,414 INFO    ontocast.tool.agg.aggregate: Aggregation with metadata complete
2026-08-24 19:31:05,435 INFO    carry_forward: L8 done: 2 chunk(s) -> 350 triples in 56.3s -> input.L8.facts.ttl
2026-08-24 19:31:05,436 INFO    ontocast.agent.chunk_text: Chunking the text
2026-08-24 19:31:05,438 INFO    ontocast.agent.chunk_text: Created 2 chunks for processing: [9179, 8460]
2026-08-24 19:31:05,440 INFO    ontocast.agent.chunk_text: Created 2 content units: [9179, 8460]
2026-08-24 19:31:05,440 INFO    ontocast.agent.chunk_text: Section labels: (unlabeled)=2
2026-08-24 19:31:05,440 INFO    carry_forward: L9: 2 chunk(s), sizes=[9179, 8460]
2026-08-24 19:31:05,450 INFO    ontocast.stategraph.atomic: Ontology context for mode fixed_single_ontology: sources=['https://growgraph.dev/echr'] writable=['https://growgraph.dev/echr']
2026-08-24 19:31:05,451 INFO    ontocast.agent.render_facts: Render facts for content unit 1
2026-08-24 19:31:05,451 INFO    ontocast.agent.render_facts: Generating fresh facts as Turtle
2026-08-24 19:31:05,451 INFO    ontocast.agent.render_facts: Rendering fresh facts
2026-08-24 19:31:37,492 INFO    httpx: HTTP Request: POST http://localhost:8000/v1/chat/completions "HTTP/1.1 200 OK"
2026-08-24 19:31:37,829 INFO    ontocast.agent.render_facts: Fresh facts generated with 75 triple(s).
2026-08-24 19:31:37,830 INFO    ontocast.stategraph.atomic: Unit facts loop finishing on final render attempt 1/1 (skipping LLM critic; finding-driven repair renders may still run)
2026-08-24 19:31:37,833 INFO    carry_forward: L9 chunk 1/2: 9179 chars, carried 0 -> 75 triples (+75) in 32.4s
2026-08-24 19:31:37,846 INFO    ontocast.stategraph.atomic: Ontology context for mode fixed_single_ontology: sources=['https://growgraph.dev/echr'] writable=['https://growgraph.dev/echr']
2026-08-24 19:31:37,846 INFO    ontocast.agent.render_facts: Render facts for content unit 2
2026-08-24 19:31:37,846 INFO    ontocast.agent.render_facts: Generating facts update
2026-08-24 19:31:37,846 INFO    ontocast.agent.render_facts: Rendering updates for facts
2026-08-24 19:32:07,993 INFO    httpx: HTTP Request: POST http://localhost:8000/v1/chat/completions "HTTP/1.1 200 OK"
2026-08-24 19:32:08,463 INFO    ontocast.agent.render_facts: Facts update has 1 operation(s) with 67 total triple(s).
2026-08-24 19:32:08,463 INFO    ontocast.stategraph.atomic: Unit facts loop finishing on final render attempt 1/1 (skipping LLM critic; finding-driven repair renders may still run)
2026-08-24 19:32:08,470 INFO    carry_forward: L9 chunk 2/2: 8460 chars, carried 75 -> 142 triples (+67) in 30.6s
2026-08-24 19:32:08,473 INFO    ontocast.tool.agg.aggregate: Starting aggregation with metadata for 1 units
2026-08-24 19:32:10,126 INFO    ontocast.tool.agg.aggregate: Aggregation entity classification stats: fact=26 known_ontology=2 tentative_ontology=50
2026-08-24 19:32:10,127 INFO    ontocast.tool.agg.clustering: Embedding 28 entity representations in parallel...
2026-08-24 19:32:10,797 INFO    ontocast.tool.agg.clustering: Embedded 28 entities
2026-08-24 19:32:10,797 INFO    ontocast.tool.agg.clustering: Clustering 28 entities...
2026-08-24 19:32:10,800 INFO    ontocast.tool.agg.clustering: Formed 10 clusters: 8 singletons, 2 multi-entity clusters, max cluster size: 17
2026-08-24 19:32:10,800 INFO    ontocast.tool.agg.clustering: Embedding 41 entity representations in parallel...
2026-08-24 19:32:11,628 INFO    ontocast.tool.agg.clustering: Embedded 41 entities
2026-08-24 19:32:11,628 INFO    ontocast.tool.agg.clustering: Clustering 41 entities...
2026-08-24 19:32:11,630 INFO    ontocast.tool.agg.clustering: Formed 12 clusters: 7 singletons, 5 multi-entity clusters, max cluster size: 13
2026-08-24 19:32:11,630 INFO    ontocast.tool.agg.clustering: Embedding 9 entity representations in parallel...
2026-08-24 19:32:11,731 INFO    ontocast.tool.agg.clustering: Embedded 9 entities
2026-08-24 19:32:11,731 INFO    ontocast.tool.agg.clustering: Clustering 9 entities...
2026-08-24 19:32:11,733 INFO    ontocast.tool.agg.clustering: Formed 7 clusters: 6 singletons, 1 multi-entity clusters, max cluster size: 3
2026-08-24 19:32:11,747 INFO    ontocast.tool.agg.aggregate: Rejected 90 candidate merges after symbolic validation
2026-08-24 19:32:11,747 INFO    ontocast.tool.agg.clustering: Created mapping for 78 entities to 77 representatives
2026-08-24 19:32:11,747 INFO    ontocast.tool.agg.uri_builder: Built URI mapping: 78 entities, 26 normalised
2026-08-24 19:32:11,755 INFO    ontocast.tool.agg.rewriter: Merged 1 unit graphs with provenance: 142 -> 431 triples (26 entities merged)
2026-08-24 19:32:11,756 INFO    ontocast.tool.agg.aggregate: Aggregation with metadata complete
2026-08-24 19:32:11,777 INFO    carry_forward: L9 done: 2 chunk(s) -> 434 triples in 66.3s -> input.L9.facts.ttl
2026-08-24 19:32:11,778 INFO    ontocast.agent.chunk_text: Chunking the text
2026-08-24 19:32:11,781 INFO    ontocast.agent.chunk_text: Created 4 chunks for processing: [8559, 9072, 8335, 12306]
2026-08-24 19:32:11,786 INFO    ontocast.agent.chunk_text: Created 4 content units: [8559, 9072, 8335, 12306]
2026-08-24 19:32:11,786 INFO    ontocast.agent.chunk_text: Section labels: (unlabeled)=4
2026-08-24 19:32:11,786 INFO    carry_forward: L10: 4 chunk(s), sizes=[8559, 9072, 8335, 12306]
2026-08-24 19:32:11,797 INFO    ontocast.stategraph.atomic: Ontology context for mode fixed_single_ontology: sources=['https://growgraph.dev/echr'] writable=['https://growgraph.dev/echr']
2026-08-24 19:32:11,797 INFO    ontocast.agent.render_facts: Render facts for content unit 1
2026-08-24 19:32:11,797 INFO    ontocast.agent.render_facts: Generating fresh facts as Turtle
2026-08-24 19:32:11,797 INFO    ontocast.agent.render_facts: Rendering fresh facts
2026-08-24 19:32:44,900 INFO    httpx: HTTP Request: POST http://localhost:8000/v1/chat/completions "HTTP/1.1 200 OK"
2026-08-24 19:32:45,280 INFO    ontocast.agent.render_facts: Fresh facts generated with 87 triple(s).
2026-08-24 19:32:45,280 INFO    ontocast.stategraph.atomic: Unit facts loop finishing on final render attempt 1/1 (skipping LLM critic; finding-driven repair renders may still run)
2026-08-24 19:32:45,284 INFO    carry_forward: L10 chunk 1/4: 8559 chars, carried 0 -> 87 triples (+87) in 33.5s
2026-08-24 19:32:45,298 INFO    ontocast.stategraph.atomic: Ontology context for mode fixed_single_ontology: sources=['https://growgraph.dev/echr'] writable=['https://growgraph.dev/echr']
2026-08-24 19:32:45,298 INFO    ontocast.agent.render_facts: Render facts for content unit 2
2026-08-24 19:32:45,298 INFO    ontocast.agent.render_facts: Generating facts update
2026-08-24 19:32:45,298 INFO    ontocast.agent.render_facts: Rendering updates for facts
2026-08-24 19:33:38,940 INFO    httpx: HTTP Request: POST http://localhost:8000/v1/chat/completions "HTTP/1.1 200 OK"
2026-08-24 19:33:40,438 INFO    ontocast.agent.render_facts: Facts update has 1 operation(s) with 125 total triple(s).
2026-08-24 19:33:40,439 INFO    ontocast.stategraph.atomic: Unit facts loop finishing on final render attempt 1/1 (skipping LLM critic; finding-driven repair renders may still run)
2026-08-24 19:33:40,448 INFO    carry_forward: L10 chunk 2/4: 9072 chars, carried 87 -> 212 triples (+125) in 55.2s
2026-08-24 19:33:40,465 INFO    ontocast.stategraph.atomic: Ontology context for mode fixed_single_ontology: sources=['https://growgraph.dev/echr'] writable=['https://growgraph.dev/echr']
2026-08-24 19:33:40,465 INFO    ontocast.agent.render_facts: Render facts for content unit 3
2026-08-24 19:33:40,465 INFO    ontocast.agent.render_facts: Generating facts update
2026-08-24 19:33:40,465 INFO    ontocast.agent.render_facts: Rendering updates for facts
2026-08-24 19:34:17,854 INFO    httpx: HTTP Request: POST http://localhost:8000/v1/chat/completions "HTTP/1.1 200 OK"
2026-08-24 19:34:18,588 INFO    ontocast.agent.render_facts: Facts update has 1 operation(s) with 83 total triple(s).
2026-08-24 19:34:18,588 INFO    ontocast.stategraph.atomic: Unit facts loop finishing on final render attempt 1/1 (skipping LLM critic; finding-driven repair renders may still run)
2026-08-24 19:34:18,601 INFO    carry_forward: L10 chunk 3/4: 8335 chars, carried 212 -> 295 triples (+83) in 38.1s
2026-08-24 19:34:18,617 INFO    ontocast.stategraph.atomic: Ontology context for mode fixed_single_ontology: sources=['https://growgraph.dev/echr'] writable=['https://growgraph.dev/echr']
2026-08-24 19:34:18,617 INFO    ontocast.agent.render_facts: Render facts for content unit 4
2026-08-24 19:34:18,617 INFO    ontocast.agent.render_facts: Generating facts update
2026-08-24 19:34:18,617 INFO    ontocast.agent.render_facts: Rendering updates for facts
2026-08-24 19:34:25,538 INFO    httpx: HTTP Request: POST http://localhost:8000/v1/chat/completions "HTTP/1.1 200 OK"
2026-08-24 19:34:25,577 INFO    ontocast.agent.render_facts: Facts update has 1 operation(s) with 6 total triple(s).
2026-08-24 19:34:25,577 INFO    ontocast.stategraph.atomic: Unit facts loop finishing on final render attempt 1/1 (skipping LLM critic; finding-driven repair renders may still run)
2026-08-24 19:34:25,585 WARNING ontocast.util.numeric_inventory: Numeric coverage: 43 missing mention(s) truncated to 30 for the repair prompt
2026-08-24 19:34:25,591 INFO    carry_forward: L10 chunk 4/4: 12306 chars, carried 295 -> 301 triples (+6) in 7.0s
2026-08-24 19:34:25,595 INFO    ontocast.tool.agg.aggregate: Starting aggregation with metadata for 1 units
2026-08-24 19:34:33,316 INFO    ontocast.tool.agg.aggregate: Aggregation entity classification stats: fact=57 known_ontology=2 tentative_ontology=38
2026-08-24 19:34:33,316 INFO    ontocast.tool.agg.clustering: Embedding 66 entity representations in parallel...
2026-08-24 19:34:34,772 INFO    ontocast.tool.agg.clustering: Embedded 66 entities
2026-08-24 19:34:34,772 INFO    ontocast.tool.agg.clustering: Clustering 66 entities...
2026-08-24 19:34:34,774 INFO    ontocast.tool.agg.clustering: Formed 10 clusters: 4 singletons, 6 multi-entity clusters, max cluster size: 44
2026-08-24 19:34:34,775 INFO    ontocast.tool.agg.clustering: Embedding 23 entity representations in parallel...
2026-08-24 19:34:35,348 INFO    ontocast.tool.agg.clustering: Embedded 23 entities
2026-08-24 19:34:35,348 INFO    ontocast.tool.agg.clustering: Clustering 23 entities...
2026-08-24 19:34:35,350 INFO    ontocast.tool.agg.clustering: Formed 13 clusters: 9 singletons, 4 multi-entity clusters, max cluster size: 7
2026-08-24 19:34:35,350 INFO    ontocast.tool.agg.clustering: Embedding 8 entity representations in parallel...
2026-08-24 19:34:35,466 INFO    ontocast.tool.agg.clustering: Embedded 8 entities
2026-08-24 19:34:35,466 INFO    ontocast.tool.agg.clustering: Clustering 8 entities...
2026-08-24 19:34:35,468 INFO    ontocast.tool.agg.clustering: Formed 6 clusters: 5 singletons, 1 multi-entity clusters, max cluster size: 3
2026-08-24 19:34:35,529 INFO    ontocast.tool.agg.aggregate: Rejected 205 candidate merges after symbolic validation
2026-08-24 19:34:35,530 INFO    ontocast.tool.agg.clustering: Created mapping for 97 entities to 92 representatives
2026-08-24 19:34:35,531 INFO    ontocast.tool.agg.uri_builder: Built URI mapping: 97 entities, 57 normalised
2026-08-24 19:34:35,547 INFO    ontocast.tool.agg.rewriter: Merged 1 unit graphs with provenance: 301 -> 881 triples (54 entities merged)
2026-08-24 19:34:35,547 INFO    ontocast.tool.agg.aggregate: Aggregation with metadata complete
2026-08-24 19:34:35,590 INFO    carry_forward: L10 done: 4 chunk(s) -> 884 triples in 143.8s -> input.L10.facts.ttl

==============================================================================
CARRY-FORWARD SUMMARY
==============================================================================
rec   chunks    chars  triples     sec  output
L1         2   23,995      536    94.1  input.L1.facts.ttl
L2         4   34,548      299    54.3  input.L2.facts.ttl
L3         3   28,859      566    92.7  input.L3.facts.ttl
L4         2   25,236      485    79.6  input.L4.facts.ttl
L5         3   26,540      560    92.1  input.L5.facts.ttl
L6         2   17,297      434    77.6  input.L6.facts.ttl
L7         2   19,723      308    48.4  input.L7.facts.ttl
L8         2   19,511      350    56.3  input.L8.facts.ttl
L9         2   17,639      434    66.3  input.L9.facts.ttl
L10        4   38,272      884   143.8  input.L10.facts.ttl

  L1 per-chunk:
    chunk 1:   8,703 chars  carried_in=   0  out=  87  (+ 87)    38.0s  success
    chunk 2:  15,292 chars  carried_in=  87  out= 184  (+ 97)    44.7s  success

  L2 per-chunk:
    chunk 1:   8,406 chars  carried_in=   0  out=  48  (+ 48)    19.7s  success
    chunk 2:   9,000 chars  carried_in=  48  out=  88  (+ 40)    19.2s  success
    chunk 3:   8,124 chars  carried_in=  88  out=  96  (+  8)     7.0s  success
    chunk 4:   9,018 chars  carried_in=  96  out= 104  (+  8)     6.1s  success

  L3 per-chunk:
    chunk 1:   8,250 chars  carried_in=   0  out=  64  (+ 64)    27.2s  success
    chunk 2:   8,189 chars  carried_in=  64  out= 136  (+ 72)    33.5s  success
    chunk 3:  12,420 chars  carried_in= 136  out= 195  (+ 59)    27.3s  success

  L4 per-chunk:
    chunk 1:  12,073 chars  carried_in=   0  out=  35  (+ 35)    17.2s  success
    chunk 2:  13,163 chars  carried_in=  35  out= 168  (+133)    58.4s  success

  L5 per-chunk:
    chunk 1:   8,934 chars  carried_in=   0  out= 120  (+120)    49.1s  success
    chunk 2:   8,079 chars  carried_in= 120  out= 177  (+ 57)    26.2s  success
    chunk 3:   9,527 chars  carried_in= 177  out= 193  (+ 16)    12.2s  success

  L6 per-chunk:
    chunk 1:   8,443 chars  carried_in=   0  out=  58  (+ 58)    24.7s  success
    chunk 2:   8,854 chars  carried_in=  58  out= 175  (+117)    49.2s  success

  L7 per-chunk:
    chunk 1:   8,191 chars  carried_in=   0  out=  38  (+ 38)    17.3s  success
    chunk 2:  11,532 chars  carried_in=  38  out= 100  (+ 62)    29.0s  success

  L8 per-chunk:
    chunk 1:   8,338 chars  carried_in=   0  out=  74  (+ 74)    31.0s  success
    chunk 2:  11,173 chars  carried_in=  74  out= 120  (+ 46)    22.3s  success

  L9 per-chunk:
    chunk 1:   9,179 chars  carried_in=   0  out=  75  (+ 75)    32.4s  success
    chunk 2:   8,460 chars  carried_in=  75  out= 142  (+ 67)    30.6s  success

  L10 per-chunk:
    chunk 1:   8,559 chars  carried_in=   0  out=  87  (+ 87)    33.5s  success
    chunk 2:   9,072 chars  carried_in=  87  out= 212  (+125)    55.2s  success
    chunk 3:   8,335 chars  carried_in= 212  out= 295  (+ 83)    38.1s  success
    chunk 4:  12,306 chars  carried_in= 295  out= 301  (+  6)     7.0s  success

total wall time: 810.8  (2026-08-24T17:21:04+00:00 -> 2026-08-24T17:34:35+00:00)

report written to /home/dahrb/Projects/article_6/domestic_proceedings/results/jurix_phase1/o2_cf_med_jsonld/extract_report.json

10 record(s) processed, 0 failure(s)

phase 1 done: 10 facts file(s) in 813.1s

--- phase 2: staged repair -> results/jurix_phase1/o2_cf_med_jsonld/repaired ---
repairing 10 file(s) under results/jurix_phase1/o2_cf_med_jsonld/repaired
  model: gemma-4-31b @ http://localhost:8000/v1 (temperature 0.4, timeout 300.0s)
  source text: results/jurix_phase1/input.jsonl (quote stage enabled)
  [domestic authorities] results/jurix_phase1/o2_cf_med_jsonld/repaired/input.L1.facts.ttl: 10 finding(s) in; model proposed 8 group(s), 10 op(s), 0 merge(s)
    [domestic authorities] pass 1: applied 8 (of which 0 merge(s)), skipped 2, stub orphans swept 0 [17.3s, 17.1s in the model]
    SKIPPED [a node with more than one rdfs:label is asserting that two distinct entities are the same one -- split it instead of labelling it twice] remove doc:councilRilaMunicipal rdfs:label "Ruse Municipal Council": skipped: triple not present
    SKIPPED [a node with more than one rdfs:label is asserting that two distinct entities are the same one -- split it instead of labelling it twice] remove doc:prosecutorRuse rdfs:label "Regional Prosecutor": skipped: triple not present
    [domestic authorities] pass 2: 2 finding(s) in; model proposed 2 group(s), 2 op(s), 0 merge(s)
    [domestic authorities] pass 2: applied 0 (of which 0 merge(s)), skipped 2, stub orphans swept 0 [3.6s, 3.5s in the model]
    SKIPPED [a node with more than one rdfs:label is asserting that two distinct entities are the same one -- split it instead of labelling it twice] remove doc:councilRilaMunicipal rdfs:label Ruse Municipal Council: skipped: triple not present
    SKIPPED [a node with more than one rdfs:label is asserting that two distinct entities are the same one -- split it instead of labelling it twice] remove doc:prosecutorRuse rdfs:label Regional Prosecutor: skipped: triple not present
    [domestic authorities] pass 2: no operations applied - stopping
  [domestic proceedings] results/jurix_phase1/o2_cf_med_jsonld/repaired/input.L1.facts.ttl: 0 finding(s) in; model proposed 0 group(s), 0 op(s), 0 merge(s)
    [domestic proceedings] pass 1: applied 0 (of which 0 merge(s)), skipped 0, stub orphans swept 0 [0.6s, 0.6s in the model]
    [domestic proceedings] pass 1: no operations applied - stopping
  [persons and participation] results/jurix_phase1/o2_cf_med_jsonld/repaired/input.L1.facts.ttl: 3 finding(s) in; model proposed 5 group(s), 19 op(s), 0 merge(s)
    [persons and participation] pass 1: applied 19 (of which 0 merge(s)), skipped 0, stub orphans swept 0 [23.1s, 23.0s in the model]
    [persons and participation] pass 2: 1 finding(s) in; model proposed 0 group(s), 0 op(s), 0 merge(s)
    [persons and participation] pass 2: applied 0 (of which 0 merge(s)), skipped 0, stub orphans swept 0 [0.4s, 0.4s in the model]
    [persons and participation] pass 2: no operations applied - stopping
  [source quote fidelity] results/jurix_phase1/o2_cf_med_jsonld/repaired/input.L1.facts.ttl: nothing flagged
    document total: 45.1s across 5 model call(s) (44.6s in the model)
    wrote results/jurix_phase1/o2_cf_med_jsonld/repaired/input.L1.facts.ttl (backup at results/jurix_phase1/o2_cf_med_jsonld/repaired/backup/input.L1.facts.ttl)
  [domestic authorities] results/jurix_phase1/o2_cf_med_jsonld/repaired/input.L10.facts.ttl: nothing flagged
  [domestic proceedings] results/jurix_phase1/o2_cf_med_jsonld/repaired/input.L10.facts.ttl: 0 finding(s) in; model proposed 0 group(s), 0 op(s), 4 merge(s)
    [domestic proceedings] pass 1: applied 4 (of which 4 merge(s)), skipped 0, stub orphans swept 0 [5.7s, 5.7s in the model]
    [domestic proceedings] pass 1: 4 op(s) applied but findings did not fall (0 -> 0) - stopping
  [persons and participation] results/jurix_phase1/o2_cf_med_jsonld/repaired/input.L10.facts.ttl: 1 finding(s) in; model proposed 10 group(s), 45 op(s), 0 merge(s)
    [persons and participation] pass 1: applied 45 (of which 0 merge(s)), skipped 0, stub orphans swept 0 [56.7s, 56.6s in the model]
    [persons and participation] pass 2: 0 finding(s) in; model proposed 0 group(s), 0 op(s), 0 merge(s)
    [persons and participation] pass 2: applied 0 (of which 0 merge(s)), skipped 0, stub orphans swept 0 [0.6s, 0.6s in the model]
    [persons and participation] pass 2: no operations applied - stopping
  [source quote fidelity] results/jurix_phase1/o2_cf_med_jsonld/repaired/input.L10.facts.ttl: nothing flagged
    document total: 63.2s across 3 model call(s) (62.9s in the model)
    wrote results/jurix_phase1/o2_cf_med_jsonld/repaired/input.L10.facts.ttl (backup at results/jurix_phase1/o2_cf_med_jsonld/repaired/backup/input.L10.facts.ttl)
  [domestic authorities] results/jurix_phase1/o2_cf_med_jsonld/repaired/input.L2.facts.ttl: 1 finding(s) in; model proposed 1 group(s), 2 op(s), 0 merge(s)
    [domestic authorities] pass 1: applied 1 (of which 0 merge(s)), skipped 1, stub orphans swept 0 [3.1s, 3.0s in the model]
    SKIPPED [The node doc:esa is typed as a DomesticAuthority but lacks the required echr:hasAuthorityName property. The evidence (supporting quotes and rdfs:label) confirms the name is "European Space Agency". Additionally, it incorrectly carries echr:hasPartyName, which is not defined in the provided ontology for DomesticAuthority.] remove doc:esa echr:hasPartyName "European Space Agency": skipped: triple not present
    [domestic authorities] pass 2: nothing left to flag - stopping
  [domestic proceedings] results/jurix_phase1/o2_cf_med_jsonld/repaired/input.L2.facts.ttl: 0 finding(s) in; model proposed 1 group(s), 0 op(s), 0 merge(s)
    [domestic proceedings] pass 1: applied 0 (of which 0 merge(s)), skipped 0, stub orphans swept 0 [1.7s, 1.7s in the model]
    [domestic proceedings] pass 1: no operations applied - stopping
  [persons and participation] results/jurix_phase1/o2_cf_med_jsonld/repaired/input.L2.facts.ttl: 3 finding(s) in; model proposed 2 group(s), 10 op(s), 0 merge(s)
    [persons and participation] pass 1: applied 10 (of which 0 merge(s)), skipped 0, stub orphans swept 0 [13.4s, 13.4s in the model]
    [persons and participation] pass 2: 1 finding(s) in; model proposed 0 group(s), 0 op(s), 0 merge(s)
    [persons and participation] pass 2: applied 0 (of which 0 merge(s)), skipped 0, stub orphans swept 0 [0.4s, 0.4s in the model]
    [persons and participation] pass 2: no operations applied - stopping
  [source quote fidelity] results/jurix_phase1/o2_cf_med_jsonld/repaired/input.L2.facts.ttl: 1 finding(s) in; model proposed 1 group(s), 2 op(s), 0 merge(s)
    [source quote fidelity] pass 1: applied 2 (of which 0 merge(s)), skipped 1, stub orphans swept 0 [3.8s, 3.7s in the model]
    SKIPPED [The quote is a paraphrase of paragraph 46. The verbatim text in the source is: 'In the instant case the Darmstadt Labour Court concluded that the conditions under section 20(2) of the German Courts Act for finding that the applicants’ action was inadmissible were fulfilled.'] remove doc:proceeding_darmstadt_labour_court_1 echr:hasSupportingQuote The Darmstadt Labour Court concluded that the conditions under section 20(2) of the German Courts Act for finding that the applicants’ action was inadmissible were fulfilled.: applied (removed 1 quote(s) by index)
    [source quote fidelity] pass 2: nothing left to flag - stopping
    document total: 22.4s across 5 model call(s) (22.2s in the model)
    wrote results/jurix_phase1/o2_cf_med_jsonld/repaired/input.L2.facts.ttl (backup at results/jurix_phase1/o2_cf_med_jsonld/repaired/backup/input.L2.facts.ttl)
  [domestic authorities] results/jurix_phase1/o2_cf_med_jsonld/repaired/input.L3.facts.ttl: nothing flagged
  [domestic proceedings] results/jurix_phase1/o2_cf_med_jsonld/repaired/input.L3.facts.ttl: nothing flagged
  [persons and participation] results/jurix_phase1/o2_cf_med_jsonld/repaired/input.L3.facts.ttl: 2 finding(s) in; model proposed 6 group(s), 35 op(s), 0 merge(s)
    [persons and participation] pass 1: applied 35 (of which 0 merge(s)), skipped 0, stub orphans swept 0 [43.7s, 43.7s in the model]
    [persons and participation] pass 2: nothing left to flag - stopping
  [source quote fidelity] results/jurix_phase1/o2_cf_med_jsonld/repaired/input.L3.facts.ttl: 1 finding(s) in; model proposed 1 group(s), 2 op(s), 0 merge(s)
    [source quote fidelity] pass 1: applied 2 (of which 0 merge(s)), skipped 1, stub orphans swept 0 [3.4s, 3.4s in the model]
    SKIPPED [The quote for doc:generalAssemblyAdmin is slightly inaccurate; it omits the phrase '– hereinafter “the General Assembly”' which follows the name in the source text. I have replaced it with the verbatim span.] remove doc:generalAssemblyAdmin echr:hasSupportingQuote the General Assembly of the Administrative Proceedings Divisions of the Supreme Administrative Court ( Danıştay İdari Dava Daireleri Genel Kurulu ): applied (removed 1 quote(s) by index)
    [source quote fidelity] pass 2: nothing left to flag - stopping
    document total: 47.3s across 2 model call(s) (47.1s in the model)
    wrote results/jurix_phase1/o2_cf_med_jsonld/repaired/input.L3.facts.ttl (backup at results/jurix_phase1/o2_cf_med_jsonld/repaired/backup/input.L3.facts.ttl)
  [domestic authorities] results/jurix_phase1/o2_cf_med_jsonld/repaired/input.L4.facts.ttl: nothing flagged
  [domestic proceedings] results/jurix_phase1/o2_cf_med_jsonld/repaired/input.L4.facts.ttl: 0 finding(s) in; model proposed 0 group(s), 0 op(s), 0 merge(s)
    [domestic proceedings] pass 1: applied 0 (of which 0 merge(s)), skipped 0, stub orphans swept 0 [5.7s, 5.7s in the model]
    [domestic proceedings] pass 1: no operations applied - stopping
  [persons and participation] results/jurix_phase1/o2_cf_med_jsonld/repaired/input.L4.facts.ttl: 2 finding(s) in; model proposed 3 group(s), 10 op(s), 0 merge(s)
    [persons and participation] pass 1: applied 10 (of which 0 merge(s)), skipped 0, stub orphans swept 0 [17.1s, 17.1s in the model]
    [persons and participation] pass 2: 1 finding(s) in; model proposed 2 group(s), 6 op(s), 0 merge(s)
    [persons and participation] pass 2: applied 6 (of which 0 merge(s)), skipped 0, stub orphans swept 0 [10.7s, 10.7s in the model]
    [persons and participation] pass 3: nothing left to flag - stopping
  [source quote fidelity] results/jurix_phase1/o2_cf_med_jsonld/repaired/input.L4.facts.ttl: nothing flagged
    document total: 33.8s across 3 model call(s) (33.5s in the model)
    wrote results/jurix_phase1/o2_cf_med_jsonld/repaired/input.L4.facts.ttl (backup at results/jurix_phase1/o2_cf_med_jsonld/repaired/backup/input.L4.facts.ttl)
  [domestic authorities] results/jurix_phase1/o2_cf_med_jsonld/repaired/input.L5.facts.ttl: nothing flagged
  [domestic proceedings] results/jurix_phase1/o2_cf_med_jsonld/repaired/input.L5.facts.ttl: 0 finding(s) in; model proposed 1 group(s), 1 op(s), 0 merge(s)
    [domestic proceedings] pass 1: applied 1 (of which 0 merge(s)), skipped 0, stub orphans swept 0 [2.7s, 2.7s in the model]
    [domestic proceedings] pass 1: 1 op(s) applied but findings did not fall (0 -> 0) - stopping
  [persons and participation] results/jurix_phase1/o2_cf_med_jsonld/repaired/input.L5.facts.ttl: 3 finding(s) in; model proposed 4 group(s), 15 op(s), 0 merge(s)
    [persons and participation] pass 1: applied 15 (of which 0 merge(s)), skipped 0, stub orphans swept 0 [20.9s, 20.8s in the model]
    [persons and participation] pass 2: nothing left to flag - stopping
  [source quote fidelity] results/jurix_phase1/o2_cf_med_jsonld/repaired/input.L5.facts.ttl: nothing flagged
    document total: 23.8s across 2 model call(s) (23.5s in the model)
    wrote results/jurix_phase1/o2_cf_med_jsonld/repaired/input.L5.facts.ttl (backup at results/jurix_phase1/o2_cf_med_jsonld/repaired/backup/input.L5.facts.ttl)
  [domestic authorities] results/jurix_phase1/o2_cf_med_jsonld/repaired/input.L6.facts.ttl: nothing flagged
  [domestic proceedings] results/jurix_phase1/o2_cf_med_jsonld/repaired/input.L6.facts.ttl: nothing flagged
  [persons and participation] results/jurix_phase1/o2_cf_med_jsonld/repaired/input.L6.facts.ttl: 2 finding(s) in; model proposed 0 group(s), 0 op(s), 0 merge(s)
    [persons and participation] pass 1: applied 0 (of which 0 merge(s)), skipped 0, stub orphans swept 0 [0.5s, 0.5s in the model]
    [persons and participation] pass 1: no operations applied - stopping
  [source quote fidelity] results/jurix_phase1/o2_cf_med_jsonld/repaired/input.L6.facts.ttl: nothing flagged
    document total: 0.7s across 1 model call(s) (0.5s in the model)
    no net change across all stages; leaving the file untouched
  [domestic authorities] results/jurix_phase1/o2_cf_med_jsonld/repaired/input.L7.facts.ttl: nothing flagged
  [domestic proceedings] results/jurix_phase1/o2_cf_med_jsonld/repaired/input.L7.facts.ttl: nothing flagged
  [persons and participation] results/jurix_phase1/o2_cf_med_jsonld/repaired/input.L7.facts.ttl: nothing flagged
    RECOVERED 1 group(s), 2 op(s) from a stalled generation
  [source quote fidelity] results/jurix_phase1/o2_cf_med_jsonld/repaired/input.L7.facts.ttl: 1 finding(s) in; model proposed 1 group(s), 2 op(s), 0 merge(s)
    [source quote fidelity] pass 1: applied 2 (of which 0 merge(s)), skipped 1, stub orphans swept 0 [14.8s, 14.8s in the model]
    SKIPPED [The quote for doc:detentionSawoniukBelmarsh is a stitched-together summary rather than a verbatim span. It must be replaced by the actual text from the source.] remove doc:detentionSawoniukBelmarsh echr:hasSupportingQuote on 25 March 1999... the judge after consulting counsel decided to withdraw the applicant’s bail... he would be held in the hospital wing of Belmarsh prison: applied (removed 1 quote(s) by index)
    [source quote fidelity] pass 2: nothing left to flag - stopping
    document total: 15.0s across 1 model call(s) (14.8s in the model)
    wrote results/jurix_phase1/o2_cf_med_jsonld/repaired/input.L7.facts.ttl (backup at results/jurix_phase1/o2_cf_med_jsonld/repaired/backup/input.L7.facts.ttl)
  [domestic authorities] results/jurix_phase1/o2_cf_med_jsonld/repaired/input.L8.facts.ttl: nothing flagged
  [domestic proceedings] results/jurix_phase1/o2_cf_med_jsonld/repaired/input.L8.facts.ttl: nothing flagged
  [persons and participation] results/jurix_phase1/o2_cf_med_jsonld/repaired/input.L8.facts.ttl: 1 finding(s) in; model proposed 3 group(s), 18 op(s), 0 merge(s)
    [persons and participation] pass 1: applied 18 (of which 0 merge(s)), skipped 0, stub orphans swept 0 [22.3s, 22.3s in the model]
    [persons and participation] pass 2: nothing left to flag - stopping
  [source quote fidelity] results/jurix_phase1/o2_cf_med_jsonld/repaired/input.L8.facts.ttl: nothing flagged
    document total: 22.5s across 1 model call(s) (22.3s in the model)
    wrote results/jurix_phase1/o2_cf_med_jsonld/repaired/input.L8.facts.ttl (backup at results/jurix_phase1/o2_cf_med_jsonld/repaired/backup/input.L8.facts.ttl)
  [domestic authorities] results/jurix_phase1/o2_cf_med_jsonld/repaired/input.L9.facts.ttl: nothing flagged
  [domestic proceedings] results/jurix_phase1/o2_cf_med_jsonld/repaired/input.L9.facts.ttl: 0 finding(s) in; model proposed 1 group(s), 0 op(s), 0 merge(s)
    [domestic proceedings] pass 1: applied 0 (of which 0 merge(s)), skipped 0, stub orphans swept 0 [3.5s, 3.5s in the model]
    [domestic proceedings] pass 1: no operations applied - stopping
  [persons and participation] results/jurix_phase1/o2_cf_med_jsonld/repaired/input.L9.facts.ttl: nothing flagged
  [source quote fidelity] results/jurix_phase1/o2_cf_med_jsonld/repaired/input.L9.facts.ttl: nothing flagged
    document total: 3.7s across 1 model call(s) (3.5s in the model)
    no net change across all stages; leaving the file untouched

  repair total: 277.6s over 10 document(s), 24 model call(s) (274.9s in the model, 2.7s deterministic)
    authorities      3 call(s)     24.0s  (23.6s in the model)
    proceedings      6 call(s)     19.9s  (19.9s in the model)
    persons         12 call(s)    209.8s  (209.5s in the model)
    quotes           3 call(s)     22.0s  (21.9s in the model)

phase 2 done in 279.4s

--- phase 3: SHACL gate -> results/jurix_phase1/o2_cf_med_jsonld/repaired ---

repaired  (results/jurix_phase1/o2_cf_med_jsonld/repaired)
  file                          conforms  violations  warnings
  input.L1.facts.ttl               False           2         0
  input.L10.facts.ttl               True           0         0
  input.L2.facts.ttl               False           1         0
  input.L3.facts.ttl                True           0         0
  input.L4.facts.ttl                True           0         0
  input.L5.facts.ttl                True           0         0
  input.L6.facts.ttl               False           2         0
  input.L7.facts.ttl                True           0         0
  input.L8.facts.ttl                True           0         0
  input.L9.facts.ttl                True           0         0
  TOTAL                             7/10           5         0

phase 3 done in 88.0s

timings -> results/jurix_phase1/o2_cf_med_jsonld/timings.json

############################################################
# o2_cf_low_ttl  (rolling, chunk 3000/6000, max_visits 1, turtle)
############################################################

--- phase 1: extraction (rolling) -> results/jurix_phase1/o2_cf_low_ttl/raw ---
2026-08-24 19:40:45,511 INFO    carry_forward: applied 65 setting(s) from arm.env
2026-08-24 19:40:49,170 INFO    response_repair: response repair ENABLED: malformed facts-render JSON is repaired in place instead of being dropped
2026-08-24 19:40:49,171 INFO    turtle_repair: turtle repair ENABLED: premature-period-before-property and repeated-predicate-after-comma are now recovered in addition to ontocast's own Turtle repairs
2026-08-24 19:40:49,174 WARNING ontocast.config.settings: Model 'gemma-4-31b' is not a known openai preset (OpenAIModel). Passing it through -- the provider decides whether it exists.
2026-08-24 19:40:50,273 INFO    httpx: HTTP Request: POST http://localhost:3032/$/datasets "HTTP/1.1 403 Forbidden"
2026-08-24 19:40:50,273 ERROR   ontocast.tool.triple_manager.fuseki: Failed to create dataset growgraph--art6_gemma4_o2_cf_low_ttl--facts. Status code: 403
2026-08-24 19:40:50,274 ERROR   ontocast.tool.triple_manager.fuseki: Response: <html>
<head>
<meta http-equiv="Content-Type" content="text/html;charset=UTF-8"/>
<title>Error 403 Access denied : only localhost access allowed</title>
</head>
<body>
<h2>HTTP ERROR 403 Access denied : only localhost access allowed</h2>
<table>
<tr><th>URI:</th><td>http://localhost:3032/$/datasets</td></tr>
<tr><th>STATUS:</th><td>403</td></tr>
<tr><th>MESSAGE:</th><td>Access denied : only localhost access allowed</td></tr>
</table>

</body>
</html>
2026-08-24 19:40:50,289 INFO    httpx: HTTP Request: POST http://localhost:3032/$/datasets "HTTP/1.1 403 Forbidden"
2026-08-24 19:40:50,290 ERROR   ontocast.tool.triple_manager.fuseki: Failed to create dataset growgraph--art6_gemma4_o2_cf_low_ttl--ontologies. Status code: 403
2026-08-24 19:40:50,290 ERROR   ontocast.tool.triple_manager.fuseki: Response: <html>
<head>
<meta http-equiv="Content-Type" content="text/html;charset=UTF-8"/>
<title>Error 403 Access denied : only localhost access allowed</title>
</head>
<body>
<h2>HTTP ERROR 403 Access denied : only localhost access allowed</h2>
<table>
<tr><th>URI:</th><td>http://localhost:3032/$/datasets</td></tr>
<tr><th>STATUS:</th><td>403</td></tr>
<tr><th>MESSAGE:</th><td>Access denied : only localhost access allowed</td></tr>
</table>

</body>
</html>
2026-08-24 19:40:50,290 INFO    ontocast.tool.triple_manager.fuseki: Fuseki tenancy set to tenant='growgraph' project='art6_gemma4_o2_cf_low_ttl' (facts=growgraph--art6_gemma4_o2_cf_low_ttl--facts ontologies=growgraph--art6_gemma4_o2_cf_low_ttl--ontologies)
2026-08-24 19:40:50,312 INFO    httpx: HTTP Request: POST http://localhost:3032/$/datasets "HTTP/1.1 403 Forbidden"
2026-08-24 19:40:50,313 ERROR   ontocast.tool.triple_manager.fuseki: Failed to create dataset growgraph--art6_gemma4_o2_cf_low_ttl--facts. Status code: 403
2026-08-24 19:40:50,313 ERROR   ontocast.tool.triple_manager.fuseki: Response: <html>
<head>
<meta http-equiv="Content-Type" content="text/html;charset=UTF-8"/>
<title>Error 403 Access denied : only localhost access allowed</title>
</head>
<body>
<h2>HTTP ERROR 403 Access denied : only localhost access allowed</h2>
<table>
<tr><th>URI:</th><td>http://localhost:3032/$/datasets</td></tr>
<tr><th>STATUS:</th><td>403</td></tr>
<tr><th>MESSAGE:</th><td>Access denied : only localhost access allowed</td></tr>
</table>

</body>
</html>
2026-08-24 19:40:50,328 INFO    httpx: HTTP Request: POST http://localhost:3032/$/datasets "HTTP/1.1 403 Forbidden"
2026-08-24 19:40:50,329 ERROR   ontocast.tool.triple_manager.fuseki: Failed to create dataset growgraph--art6_gemma4_o2_cf_low_ttl--ontologies. Status code: 403
2026-08-24 19:40:50,329 ERROR   ontocast.tool.triple_manager.fuseki: Response: <html>
<head>
<meta http-equiv="Content-Type" content="text/html;charset=UTF-8"/>
<title>Error 403 Access denied : only localhost access allowed</title>
</head>
<body>
<h2>HTTP ERROR 403 Access denied : only localhost access allowed</h2>
<table>
<tr><th>URI:</th><td>http://localhost:3032/$/datasets</td></tr>
<tr><th>STATUS:</th><td>403</td></tr>
<tr><th>MESSAGE:</th><td>Access denied : only localhost access allowed</td></tr>
</table>

</body>
</html>
2026-08-24 19:40:50,465 INFO    ontocast.toolbox: Found 2 seed ontologies in ontology_directory
2026-08-24 19:40:50,482 INFO    httpx: HTTP Request: POST http://localhost:3032/growgraph--art6_gemma4_o2_cf_low_ttl--ontologies/sparql "HTTP/1.1 200 OK"
2026-08-24 19:40:50,483 INFO    ontocast.toolbox: Found 0 ontologies in triple store
2026-08-24 19:40:50,483 INFO    ontocast.toolbox: Syncing seed ontology to triple store: https://growgraph.dev/__null__/ (version: 1.0.0)
2026-08-24 19:40:50,483 INFO    ontocast.toolbox: Syncing seed ontology to triple store: https://growgraph.dev/echr (version: 3.5.0)
2026-08-24 19:40:50,483 INFO    ontocast.toolbox: Ontology sync finished: 2 ontolog(ies) in 0.15s
2026-08-24 19:40:50,483 WARNING ontocast.tool.ontology_manager: Cannot add ontology without valid IRI (ontology_id: None)
2026-08-24 19:40:50,660 INFO    httpx: HTTP Request: PUT http://localhost:3032/growgraph--art6_gemma4_o2_cf_low_ttl--ontologies/data?graph=https://growgraph.dev/__null__/%2393708728c5656528bde09c6ce8484e1c4989ed408de4dd6ce2017f7c31c7b289 "HTTP/1.1 201 Created"
2026-08-24 19:40:50,661 INFO    ontocast.tool.triple_manager.fuseki: Ontology graph https://growgraph.dev/__null__/#93708728c5656528bde09c6ce8484e1c4989ed408de4dd6ce2017f7c31c7b289 uploaded to Fuseki as named graph.
2026-08-24 19:40:50,661 INFO    ontocast.toolbox: Materialized ontology https://growgraph.dev/__null__/ in 0.17s
2026-08-24 19:40:50,766 INFO    httpx: HTTP Request: PUT http://localhost:3032/growgraph--art6_gemma4_o2_cf_low_ttl--ontologies/data?graph=https://growgraph.dev/echr%23a0e10e2d004aa686def734f5b9fed07988dd68c21f4e1c434b97fe495677c6cf "HTTP/1.1 201 Created"
2026-08-24 19:40:50,767 INFO    ontocast.tool.triple_manager.fuseki: Ontology graph https://growgraph.dev/echr#a0e10e2d004aa686def734f5b9fed07988dd68c21f4e1c434b97fe495677c6cf uploaded to Fuseki as named graph.
2026-08-24 19:40:50,767 INFO    ontocast.toolbox: Materialized ontology https://growgraph.dev/echr in 0.26s
2026-08-24 19:40:50,767 INFO    ontocast.toolbox: Ontology materialize + enrich finished for 2 ontolog(ies) in 0.28s (reindex_concurrency=2); initialize total 0.48s
2026-08-24 19:40:50,767 INFO    carry_forward: chunking: min_size=3000 max_size=6000 section_classifier=off
2026-08-24 19:40:50,770 INFO    carry_forward: expanded input.jsonl into 10 record(s)
2026-08-24 19:40:50,770 INFO    carry_forward: facts prompt: 7055 chars from /home/dahrb/Projects/article_6/domestic_proceedings/art6/ontology/prompts/facts.txt (overrides any copy embedded in input.jsonl)
2026-08-24 19:40:51,414 INFO    ontocast.agent.chunk_text: Chunking the text
2026-08-24 19:40:51,440 INFO    ontocast.agent.chunk_text: Created 6 chunks for processing: [3689, 3126, 4491, 3821, 3050, 5814]
2026-08-24 19:40:51,443 INFO    ontocast.agent.chunk_text: Created 6 content units: [3689, 3126, 4491, 3821, 3050, 5814]
2026-08-24 19:40:51,443 INFO    ontocast.agent.chunk_text: Section labels: (unlabeled)=6
2026-08-24 19:40:51,444 INFO    carry_forward: L1: 6 chunk(s), sizes=[3689, 3126, 4491, 3821, 3050, 5814]
2026-08-24 19:40:51,456 INFO    ontocast.stategraph.atomic: Ontology context for mode fixed_single_ontology: sources=['https://growgraph.dev/echr'] writable=['https://growgraph.dev/echr']
2026-08-24 19:40:51,456 INFO    ontocast.agent.render_facts: Render facts for content unit 1
2026-08-24 19:40:51,456 INFO    ontocast.agent.render_facts: Generating fresh facts as Turtle
2026-08-24 19:40:51,456 INFO    ontocast.agent.render_facts: Rendering fresh facts
2026-08-24 19:41:01,110 INFO    httpx: HTTP Request: POST http://localhost:8000/v1/chat/completions "HTTP/1.1 200 OK"
2026-08-24 19:41:01,154 INFO    turtle_repair: turtle repair: rewrote a premature '.' before a bare property continuation, and/or stripped a predicate repeated after a ',' continuation, and/or escaped an unescaped quote inside a literal
2026-08-24 19:41:01,154 WARNING ontocast.onto.rdfgraph: Recovering malformed Turtle after parse failure: at line 19 of <>:
Bad syntax (expected '.' or '}' or ']' at end of statement) at ^ in:
"...b'pportingQuote "a Bulgarian national, Mr Rusi Kosev Stanev ("'^b'the applicant")" .\n\ncd:lawyer_genova a echr:LegalRepresentat'..."
2026-08-24 19:41:01,159 INFO    ontocast.agent.render_facts: Fresh facts generated with 30 triple(s).
2026-08-24 19:41:01,159 INFO    ontocast.stategraph.atomic: Unit facts loop finishing on final render attempt 1/1 (skipping LLM critic; finding-driven repair renders may still run)
2026-08-24 19:41:01,162 INFO    carry_forward: L1 chunk 1/6: 3689 chars, carried 0 -> 30 triples (+30) in 9.7s
2026-08-24 19:41:01,173 INFO    ontocast.stategraph.atomic: Ontology context for mode fixed_single_ontology: sources=['https://growgraph.dev/echr'] writable=['https://growgraph.dev/echr']
2026-08-24 19:41:01,173 INFO    ontocast.agent.render_facts: Render facts for content unit 2
2026-08-24 19:41:01,173 INFO    ontocast.agent.render_facts: Generating facts update
2026-08-24 19:41:01,173 INFO    ontocast.agent.render_facts: Rendering updates for facts
2026-08-24 19:41:21,655 INFO    httpx: HTTP Request: POST http://localhost:8000/v1/chat/completions "HTTP/1.1 200 OK"
2026-08-24 19:41:21,883 INFO    ontocast.agent.render_facts: Facts update has 1 operation(s) with 83 total triple(s).
2026-08-24 19:41:21,883 INFO    ontocast.stategraph.atomic: Unit facts loop finishing on final render attempt 1/1 (skipping LLM critic; finding-driven repair renders may still run)
2026-08-24 19:41:21,890 INFO    carry_forward: L1 chunk 2/6: 3126 chars, carried 30 -> 113 triples (+83) in 20.7s
2026-08-24 19:41:21,903 INFO    ontocast.stategraph.atomic: Ontology context for mode fixed_single_ontology: sources=['https://growgraph.dev/echr'] writable=['https://growgraph.dev/echr']
2026-08-24 19:41:21,903 INFO    ontocast.agent.render_facts: Render facts for content unit 3
2026-08-24 19:41:21,903 INFO    ontocast.agent.render_facts: Generating facts update
2026-08-24 19:41:21,903 INFO    ontocast.agent.render_facts: Rendering updates for facts
2026-08-24 19:41:39,823 INFO    httpx: HTTP Request: POST http://localhost:8000/v1/chat/completions "HTTP/1.1 200 OK"
2026-08-24 19:41:39,976 INFO    turtle_repair: turtle repair: rewrote a premature '.' before a bare property continuation, and/or stripped a predicate repeated after a ',' continuation, and/or escaped an unescaped quote inside a literal
2026-08-24 19:41:39,976 WARNING ontocast.onto.rdfgraph: Recovering malformed Turtle after parse failure: at line 11 of <>:
Bad syntax (expected '.' or '}' or ']' at end of statement) at ^ in:
"...b'rs near the village of Pastra in the municipality of Rila ("'^b'the Pastra social care home")" .\n\ncd:ministry_labour_social_'..."
2026-08-24 19:41:40,010 INFO    ontocast.agent.render_facts: Facts update has 1 operation(s) with 49 total triple(s).
2026-08-24 19:41:40,011 INFO    ontocast.stategraph.atomic: Unit facts loop finishing on final render attempt 1/1 (skipping LLM critic; finding-driven repair renders may still run)
2026-08-24 19:41:40,018 INFO    carry_forward: L1 chunk 3/6: 4491 chars, carried 113 -> 162 triples (+49) in 18.1s
2026-08-24 19:41:40,033 INFO    ontocast.stategraph.atomic: Ontology context for mode fixed_single_ontology: sources=['https://growgraph.dev/echr'] writable=['https://growgraph.dev/echr']
2026-08-24 19:41:40,033 INFO    ontocast.agent.render_facts: Render facts for content unit 4
2026-08-24 19:41:40,033 INFO    ontocast.agent.render_facts: Generating facts update
2026-08-24 19:41:40,033 INFO    ontocast.agent.render_facts: Rendering updates for facts
2026-08-24 19:41:54,576 INFO    httpx: HTTP Request: POST http://localhost:8000/v1/chat/completions "HTTP/1.1 200 OK"
2026-08-24 19:41:54,713 INFO    ontocast.agent.render_facts: Facts update has 1 operation(s) with 60 total triple(s).
2026-08-24 19:41:54,713 INFO    ontocast.stategraph.atomic: Unit facts loop finishing on final render attempt 1/1 (skipping LLM critic; finding-driven repair renders may still run)
2026-08-24 19:41:54,723 INFO    carry_forward: L1 chunk 4/6: 3821 chars, carried 162 -> 222 triples (+60) in 14.7s
2026-08-24 19:41:54,739 INFO    ontocast.stategraph.atomic: Ontology context for mode fixed_single_ontology: sources=['https://growgraph.dev/echr'] writable=['https://growgraph.dev/echr']
2026-08-24 19:41:54,739 INFO    ontocast.agent.render_facts: Render facts for content unit 5
2026-08-24 19:41:54,739 INFO    ontocast.agent.render_facts: Generating facts update
2026-08-24 19:41:54,739 INFO    ontocast.agent.render_facts: Rendering updates for facts
2026-08-24 19:42:12,279 INFO    httpx: HTTP Request: POST http://localhost:8000/v1/chat/completions "HTTP/1.1 200 OK"
2026-08-24 19:42:12,480 INFO    ontocast.agent.render_facts: Facts update has 1 operation(s) with 81 total triple(s).
2026-08-24 19:42:12,480 INFO    ontocast.stategraph.atomic: Unit facts loop finishing on final render attempt 1/1 (skipping LLM critic; finding-driven repair renders may still run)
2026-08-24 19:42:12,492 INFO    carry_forward: L1 chunk 5/6: 3050 chars, carried 222 -> 303 triples (+81) in 17.8s
2026-08-24 19:42:12,509 INFO    ontocast.stategraph.atomic: Ontology context for mode fixed_single_ontology: sources=['https://growgraph.dev/echr'] writable=['https://growgraph.dev/echr']
2026-08-24 19:42:12,510 INFO    ontocast.agent.render_facts: Render facts for content unit 6
2026-08-24 19:42:12,510 INFO    ontocast.agent.render_facts: Generating facts update
2026-08-24 19:42:12,510 INFO    ontocast.agent.render_facts: Rendering updates for facts
2026-08-24 19:42:39,596 INFO    httpx: HTTP Request: POST http://localhost:8000/v1/chat/completions "HTTP/1.1 200 OK"
2026-08-24 19:42:40,023 INFO    ontocast.agent.render_facts: Facts update has 1 operation(s) with 120 total triple(s).
2026-08-24 19:42:40,023 INFO    ontocast.stategraph.atomic: Unit facts loop finishing on final render attempt 1/1 (skipping LLM critic; finding-driven repair renders may still run)
2026-08-24 19:42:40,040 INFO    carry_forward: L1 chunk 6/6: 5814 chars, carried 303 -> 423 triples (+120) in 27.5s
2026-08-24 19:42:40,282 INFO    ontocast.tool.agg.aggregate: Starting aggregation with metadata for 1 units
2026-08-24 19:42:52,380 INFO    ontocast.tool.agg.aggregate: Aggregation entity classification stats: fact=80 known_ontology=2 tentative_ontology=49
2026-08-24 19:42:52,381 INFO    ontocast.tool.agg.clustering: Embedding 95 entity representations in parallel...
2026-08-24 19:42:54,657 INFO    ontocast.tool.sentence_transformer: Loading sentence-transformer model: sentence-transformers/paraphrase-multilingual-MiniLM-L12-v2 (device=auto)
2026-08-24 19:42:54,658 INFO    sentence_transformers.base.model: No device provided, using cpu
2026-08-24 19:42:54,794 INFO    httpx: HTTP Request: HEAD https://huggingface.co/sentence-transformers/paraphrase-multilingual-MiniLM-L12-v2/resolve/main/modules.json "HTTP/1.1 307 Temporary Redirect"
Warning: You are sending unauthenticated requests to the HF Hub. Please set a HF_TOKEN to enable higher rate limits and faster downloads.
2026-08-24 19:42:54,795 WARNING huggingface_hub.utils._http: Warning: You are sending unauthenticated requests to the HF Hub. Please set a HF_TOKEN to enable higher rate limits and faster downloads.
2026-08-24 19:42:54,804 INFO    httpx: HTTP Request: HEAD https://huggingface.co/api/resolve-cache/models/sentence-transformers/paraphrase-multilingual-MiniLM-L12-v2/e8f8c211226b894fcb81acc59f3b34ba3efd5f42/modules.json "HTTP/1.1 200 OK"
2026-08-24 19:42:54,905 INFO    httpx: HTTP Request: HEAD https://huggingface.co/sentence-transformers/paraphrase-multilingual-MiniLM-L12-v2/resolve/main/config_sentence_transformers.json "HTTP/1.1 307 Temporary Redirect"
2026-08-24 19:42:54,914 INFO    httpx: HTTP Request: HEAD https://huggingface.co/api/resolve-cache/models/sentence-transformers/paraphrase-multilingual-MiniLM-L12-v2/e8f8c211226b894fcb81acc59f3b34ba3efd5f42/config_sentence_transformers.json "HTTP/1.1 200 OK"
2026-08-24 19:42:54,915 INFO    sentence_transformers.base.model: Loading SentenceTransformer model from sentence-transformers/paraphrase-multilingual-MiniLM-L12-v2.
2026-08-24 19:42:55,016 INFO    httpx: HTTP Request: HEAD https://huggingface.co/sentence-transformers/paraphrase-multilingual-MiniLM-L12-v2/resolve/main/config_sentence_transformers.json "HTTP/1.1 307 Temporary Redirect"
2026-08-24 19:42:55,026 INFO    httpx: HTTP Request: HEAD https://huggingface.co/api/resolve-cache/models/sentence-transformers/paraphrase-multilingual-MiniLM-L12-v2/e8f8c211226b894fcb81acc59f3b34ba3efd5f42/config_sentence_transformers.json "HTTP/1.1 200 OK"
2026-08-24 19:42:55,127 INFO    httpx: HTTP Request: HEAD https://huggingface.co/sentence-transformers/paraphrase-multilingual-MiniLM-L12-v2/resolve/main/README.md "HTTP/1.1 307 Temporary Redirect"
2026-08-24 19:42:55,136 INFO    httpx: HTTP Request: HEAD https://huggingface.co/api/resolve-cache/models/sentence-transformers/paraphrase-multilingual-MiniLM-L12-v2/e8f8c211226b894fcb81acc59f3b34ba3efd5f42/README.md "HTTP/1.1 200 OK"
2026-08-24 19:42:55,239 INFO    httpx: HTTP Request: HEAD https://huggingface.co/sentence-transformers/paraphrase-multilingual-MiniLM-L12-v2/resolve/main/modules.json "HTTP/1.1 307 Temporary Redirect"
2026-08-24 19:42:55,251 INFO    httpx: HTTP Request: HEAD https://huggingface.co/api/resolve-cache/models/sentence-transformers/paraphrase-multilingual-MiniLM-L12-v2/e8f8c211226b894fcb81acc59f3b34ba3efd5f42/modules.json "HTTP/1.1 200 OK"
2026-08-24 19:42:55,353 INFO    httpx: HTTP Request: HEAD https://huggingface.co/sentence-transformers/paraphrase-multilingual-MiniLM-L12-v2/resolve/main/sentence_bert_config.json "HTTP/1.1 307 Temporary Redirect"
2026-08-24 19:42:55,362 INFO    httpx: HTTP Request: HEAD https://huggingface.co/api/resolve-cache/models/sentence-transformers/paraphrase-multilingual-MiniLM-L12-v2/e8f8c211226b894fcb81acc59f3b34ba3efd5f42/sentence_bert_config.json "HTTP/1.1 200 OK"
2026-08-24 19:42:55,468 INFO    httpx: HTTP Request: HEAD https://huggingface.co/sentence-transformers/paraphrase-multilingual-MiniLM-L12-v2/resolve/main/adapter_config.json "HTTP/1.1 404 Not Found"
2026-08-24 19:42:55,570 INFO    httpx: HTTP Request: HEAD https://huggingface.co/sentence-transformers/paraphrase-multilingual-MiniLM-L12-v2/resolve/main/config.json "HTTP/1.1 307 Temporary Redirect"
2026-08-24 19:42:55,579 INFO    httpx: HTTP Request: HEAD https://huggingface.co/api/resolve-cache/models/sentence-transformers/paraphrase-multilingual-MiniLM-L12-v2/e8f8c211226b894fcb81acc59f3b34ba3efd5f42/config.json "HTTP/1.1 200 OK"

Loading weights:   0%|          | 0/199 [00:00<?, ?it/s]
Loading weights: 100%|██████████| 199/199 [00:00<00:00, 7781.86it/s]
2026-08-24 19:42:55,835 INFO    httpx: HTTP Request: HEAD https://huggingface.co/sentence-transformers/paraphrase-multilingual-MiniLM-L12-v2/resolve/main/processor_config.json "HTTP/1.1 404 Not Found"
2026-08-24 19:42:56,003 INFO    httpx: HTTP Request: HEAD https://huggingface.co/sentence-transformers/paraphrase-multilingual-MiniLM-L12-v2/resolve/main/preprocessor_config.json "HTTP/1.1 404 Not Found"
2026-08-24 19:42:56,108 INFO    httpx: HTTP Request: HEAD https://huggingface.co/sentence-transformers/paraphrase-multilingual-MiniLM-L12-v2/resolve/main/video_preprocessor_config.json "HTTP/1.1 404 Not Found"
2026-08-24 19:42:56,311 INFO    httpx: HTTP Request: HEAD https://huggingface.co/sentence-transformers/paraphrase-multilingual-MiniLM-L12-v2/resolve/main/preprocessor_config.json "HTTP/1.1 404 Not Found"
2026-08-24 19:42:56,412 INFO    httpx: HTTP Request: HEAD https://huggingface.co/sentence-transformers/paraphrase-multilingual-MiniLM-L12-v2/resolve/main/tokenizer_config.json "HTTP/1.1 307 Temporary Redirect"
2026-08-24 19:42:56,421 INFO    httpx: HTTP Request: HEAD https://huggingface.co/api/resolve-cache/models/sentence-transformers/paraphrase-multilingual-MiniLM-L12-v2/e8f8c211226b894fcb81acc59f3b34ba3efd5f42/tokenizer_config.json "HTTP/1.1 200 OK"
2026-08-24 19:42:56,525 INFO    httpx: HTTP Request: HEAD https://huggingface.co/sentence-transformers/paraphrase-multilingual-MiniLM-L12-v2/resolve/main/config.json "HTTP/1.1 307 Temporary Redirect"
2026-08-24 19:42:56,534 INFO    httpx: HTTP Request: HEAD https://huggingface.co/api/resolve-cache/models/sentence-transformers/paraphrase-multilingual-MiniLM-L12-v2/e8f8c211226b894fcb81acc59f3b34ba3efd5f42/config.json "HTTP/1.1 200 OK"
2026-08-24 19:42:56,638 INFO    httpx: HTTP Request: HEAD https://huggingface.co/sentence-transformers/paraphrase-multilingual-MiniLM-L12-v2/resolve/main/config.json "HTTP/1.1 307 Temporary Redirect"
2026-08-24 19:42:56,647 INFO    httpx: HTTP Request: HEAD https://huggingface.co/api/resolve-cache/models/sentence-transformers/paraphrase-multilingual-MiniLM-L12-v2/e8f8c211226b894fcb81acc59f3b34ba3efd5f42/config.json "HTTP/1.1 200 OK"
2026-08-24 19:42:56,749 INFO    httpx: HTTP Request: HEAD https://huggingface.co/sentence-transformers/paraphrase-multilingual-MiniLM-L12-v2/resolve/main/tokenizer_config.json "HTTP/1.1 307 Temporary Redirect"
2026-08-24 19:42:56,758 INFO    httpx: HTTP Request: HEAD https://huggingface.co/api/resolve-cache/models/sentence-transformers/paraphrase-multilingual-MiniLM-L12-v2/e8f8c211226b894fcb81acc59f3b34ba3efd5f42/tokenizer_config.json "HTTP/1.1 200 OK"
2026-08-24 19:42:56,860 INFO    httpx: HTTP Request: HEAD https://huggingface.co/sentence-transformers/paraphrase-multilingual-MiniLM-L12-v2/resolve/main/tokenizer_config.json "HTTP/1.1 307 Temporary Redirect"
2026-08-24 19:42:56,870 INFO    httpx: HTTP Request: HEAD https://huggingface.co/api/resolve-cache/models/sentence-transformers/paraphrase-multilingual-MiniLM-L12-v2/e8f8c211226b894fcb81acc59f3b34ba3efd5f42/tokenizer_config.json "HTTP/1.1 200 OK"
2026-08-24 19:42:56,974 INFO    httpx: HTTP Request: GET https://huggingface.co/api/models/sentence-transformers/paraphrase-multilingual-MiniLM-L12-v2/tree/main/additional_chat_templates?recursive=false&expand=false "HTTP/1.1 404 Not Found"
2026-08-24 19:42:57,080 INFO    httpx: HTTP Request: GET https://huggingface.co/api/models/sentence-transformers/paraphrase-multilingual-MiniLM-L12-v2/tree/main?recursive=true&expand=false "HTTP/1.1 200 OK"
2026-08-24 19:42:58,550 INFO    httpx: HTTP Request: GET https://huggingface.co/api/models/sentence-transformers/paraphrase-multilingual-MiniLM-L12-v2 "HTTP/1.1 200 OK"
2026-08-24 19:42:58,973 INFO    httpx: HTTP Request: HEAD https://huggingface.co/sentence-transformers/paraphrase-multilingual-MiniLM-L12-v2/resolve/main/1_Pooling/config.json "HTTP/1.1 307 Temporary Redirect"
2026-08-24 19:42:58,982 INFO    httpx: HTTP Request: HEAD https://huggingface.co/api/resolve-cache/models/sentence-transformers/paraphrase-multilingual-MiniLM-L12-v2/e8f8c211226b894fcb81acc59f3b34ba3efd5f42/1_Pooling%2Fconfig.json "HTTP/1.1 200 OK"
2026-08-24 19:42:59,086 INFO    httpx: HTTP Request: GET https://huggingface.co/api/models/sentence-transformers/paraphrase-multilingual-MiniLM-L12-v2 "HTTP/1.1 200 OK"
2026-08-24 19:43:01,461 INFO    ontocast.tool.agg.clustering: Embedded 95 entities
2026-08-24 19:43:01,544 INFO    ontocast.tool.agg.clustering: Clustering 95 entities...
2026-08-24 19:43:01,560 INFO    ontocast.tool.agg.clustering: Formed 12 clusters: 7 singletons, 5 multi-entity clusters, max cluster size: 78
2026-08-24 19:43:01,560 INFO    ontocast.tool.agg.clustering: Embedding 26 entity representations in parallel...
2026-08-24 19:43:02,150 INFO    ontocast.tool.agg.clustering: Embedded 26 entities
2026-08-24 19:43:02,150 INFO    ontocast.tool.agg.clustering: Clustering 26 entities...
2026-08-24 19:43:02,153 INFO    ontocast.tool.agg.clustering: Formed 8 clusters: 3 singletons, 5 multi-entity clusters, max cluster size: 9
2026-08-24 19:43:02,153 INFO    ontocast.tool.agg.clustering: Embedding 10 entity representations in parallel...
2026-08-24 19:43:02,368 INFO    ontocast.tool.agg.clustering: Embedded 10 entities
2026-08-24 19:43:02,368 INFO    ontocast.tool.agg.clustering: Clustering 10 entities...
2026-08-24 19:43:02,371 INFO    ontocast.tool.agg.clustering: Formed 6 clusters: 3 singletons, 3 multi-entity clusters, max cluster size: 3
2026-08-24 19:43:02,551 INFO    ontocast.tool.agg.aggregate: Rejected 259 candidate merges after symbolic validation
2026-08-24 19:43:02,552 INFO    ontocast.tool.agg.clustering: Created mapping for 131 entities to 129 representatives
2026-08-24 19:43:02,554 INFO    ontocast.tool.agg.uri_builder: Built URI mapping: 131 entities, 80 normalised
2026-08-24 19:43:02,589 INFO    ontocast.tool.agg.rewriter: Merged 1 unit graphs with provenance: 423 -> 1265 triples (79 entities merged)
2026-08-24 19:43:02,589 INFO    ontocast.tool.agg.aggregate: Aggregation with metadata complete
2026-08-24 19:43:02,638 INFO    carry_forward: L1 done: 6 chunk(s) -> 1268 triples in 131.9s -> input.L1.facts.ttl
2026-08-24 19:43:02,639 INFO    ontocast.agent.chunk_text: Chunking the text
2026-08-24 19:43:02,642 INFO    ontocast.agent.chunk_text: Created 9 chunks for processing: [3397, 3230, 3244, 5857, 4748, 3390, 3977, 5728, 972]
2026-08-24 19:43:02,645 INFO    ontocast.agent.chunk_text: Created 9 content units: [3397, 3230, 3244, 5857, 4748, 3390, 3977, 5728, 972]
2026-08-24 19:43:02,645 INFO    ontocast.agent.chunk_text: Section labels: (unlabeled)=9
2026-08-24 19:43:02,645 INFO    carry_forward: L2: 9 chunk(s), sizes=[3397, 3230, 3244, 5857, 4748, 3390, 3977, 5728, 972]
2026-08-24 19:43:02,656 INFO    ontocast.stategraph.atomic: Ontology context for mode fixed_single_ontology: sources=['https://growgraph.dev/echr'] writable=['https://growgraph.dev/echr']
2026-08-24 19:43:02,656 INFO    ontocast.agent.render_facts: Render facts for content unit 1
2026-08-24 19:43:02,656 INFO    ontocast.agent.render_facts: Generating fresh facts as Turtle
2026-08-24 19:43:02,656 INFO    ontocast.agent.render_facts: Rendering fresh facts
2026-08-24 19:43:08,702 INFO    httpx: HTTP Request: POST http://localhost:8000/v1/chat/completions "HTTP/1.1 200 OK"
2026-08-24 19:43:08,727 INFO    ontocast.agent.render_facts: Fresh facts generated with 19 triple(s).
2026-08-24 19:43:08,727 INFO    ontocast.stategraph.atomic: Unit facts loop finishing on final render attempt 1/1 (skipping LLM critic; finding-driven repair renders may still run)
2026-08-24 19:43:08,730 INFO    carry_forward: L2 chunk 1/9: 3397 chars, carried 0 -> 19 triples (+19) in 6.1s
2026-08-24 19:43:08,743 INFO    ontocast.stategraph.atomic: Ontology context for mode fixed_single_ontology: sources=['https://growgraph.dev/echr'] writable=['https://growgraph.dev/echr']
2026-08-24 19:43:08,743 INFO    ontocast.agent.render_facts: Render facts for content unit 2
2026-08-24 19:43:08,743 INFO    ontocast.agent.render_facts: Generating facts update
2026-08-24 19:43:08,743 INFO    ontocast.agent.render_facts: Rendering updates for facts
2026-08-24 19:43:11,876 INFO    httpx: HTTP Request: POST http://localhost:8000/v1/chat/completions "HTTP/1.1 200 OK"
2026-08-24 19:43:11,902 INFO    ontocast.agent.render_facts: Facts update has 1 operation(s) with 5 total triple(s).
2026-08-24 19:43:11,903 INFO    ontocast.stategraph.atomic: Unit facts loop finishing on final render attempt 1/1 (skipping LLM critic; finding-driven repair renders may still run)
2026-08-24 19:43:11,906 INFO    carry_forward: L2 chunk 2/9: 3230 chars, carried 19 -> 24 triples (+5) in 3.2s
2026-08-24 19:43:11,917 INFO    ontocast.stategraph.atomic: Ontology context for mode fixed_single_ontology: sources=['https://growgraph.dev/echr'] writable=['https://growgraph.dev/echr']
2026-08-24 19:43:11,917 INFO    ontocast.agent.render_facts: Render facts for content unit 3
2026-08-24 19:43:11,917 INFO    ontocast.agent.render_facts: Generating facts update
2026-08-24 19:43:11,917 INFO    ontocast.agent.render_facts: Rendering updates for facts
2026-08-24 19:43:25,189 INFO    httpx: HTTP Request: POST http://localhost:8000/v1/chat/completions "HTTP/1.1 200 OK"
2026-08-24 19:43:25,305 INFO    ontocast.agent.render_facts: Facts update has 1 operation(s) with 62 total triple(s).
2026-08-24 19:43:25,305 INFO    ontocast.stategraph.atomic: Unit facts loop finishing on final render attempt 1/1 (skipping LLM critic; finding-driven repair renders may still run)
2026-08-24 19:43:25,310 INFO    carry_forward: L2 chunk 3/9: 3244 chars, carried 24 -> 86 triples (+62) in 13.4s
2026-08-24 19:43:25,323 INFO    ontocast.stategraph.atomic: Ontology context for mode fixed_single_ontology: sources=['https://growgraph.dev/echr'] writable=['https://growgraph.dev/echr']
2026-08-24 19:43:25,323 INFO    ontocast.agent.render_facts: Render facts for content unit 4
2026-08-24 19:43:25,323 INFO    ontocast.agent.render_facts: Generating facts update
2026-08-24 19:43:25,323 INFO    ontocast.agent.render_facts: Rendering updates for facts
2026-08-24 19:43:33,676 INFO    httpx: HTTP Request: POST http://localhost:8000/v1/chat/completions "HTTP/1.1 200 OK"
2026-08-24 19:43:33,743 INFO    ontocast.agent.render_facts: Facts update has 1 operation(s) with 33 total triple(s).
2026-08-24 19:43:33,743 INFO    ontocast.stategraph.atomic: Unit facts loop finishing on final render attempt 1/1 (skipping LLM critic; finding-driven repair renders may still run)
2026-08-24 19:43:33,750 INFO    carry_forward: L2 chunk 4/9: 5857 chars, carried 86 -> 119 triples (+33) in 8.4s
2026-08-24 19:43:33,762 INFO    ontocast.stategraph.atomic: Ontology context for mode fixed_single_ontology: sources=['https://growgraph.dev/echr'] writable=['https://growgraph.dev/echr']
2026-08-24 19:43:33,762 INFO    ontocast.agent.render_facts: Render facts for content unit 5
2026-08-24 19:43:33,762 INFO    ontocast.agent.render_facts: Generating facts update
2026-08-24 19:43:33,762 INFO    ontocast.agent.render_facts: Rendering updates for facts
2026-08-24 19:43:38,244 INFO    httpx: HTTP Request: POST http://localhost:8000/v1/chat/completions "HTTP/1.1 200 OK"
2026-08-24 19:43:38,280 INFO    ontocast.agent.render_facts: Facts update has 1 operation(s) with 14 total triple(s).
2026-08-24 19:43:38,281 INFO    ontocast.stategraph.atomic: Unit facts loop finishing on final render attempt 1/1 (skipping LLM critic; finding-driven repair renders may still run)
2026-08-24 19:43:38,288 INFO    carry_forward: L2 chunk 5/9: 4748 chars, carried 119 -> 133 triples (+14) in 4.5s
2026-08-24 19:43:38,301 INFO    ontocast.stategraph.atomic: Ontology context for mode fixed_single_ontology: sources=['https://growgraph.dev/echr'] writable=['https://growgraph.dev/echr']
2026-08-24 19:43:38,301 INFO    ontocast.agent.render_facts: Render facts for content unit 6
2026-08-24 19:43:38,302 INFO    ontocast.agent.render_facts: Generating facts update
2026-08-24 19:43:38,302 INFO    ontocast.agent.render_facts: Rendering updates for facts
2026-08-24 19:43:47,005 INFO    httpx: HTTP Request: POST http://localhost:8000/v1/chat/completions "HTTP/1.1 200 OK"
2026-08-24 19:43:47,076 INFO    ontocast.agent.render_facts: Facts update has 1 operation(s) with 36 total triple(s).
2026-08-24 19:43:47,076 INFO    ontocast.stategraph.atomic: Unit facts loop finishing on final render attempt 1/1 (skipping LLM critic; finding-driven repair renders may still run)
2026-08-24 19:43:47,088 INFO    carry_forward: L2 chunk 6/9: 3390 chars, carried 133 -> 167 triples (+34) in 8.8s
2026-08-24 19:43:47,103 INFO    ontocast.stategraph.atomic: Ontology context for mode fixed_single_ontology: sources=['https://growgraph.dev/echr'] writable=['https://growgraph.dev/echr']
2026-08-24 19:43:47,103 INFO    ontocast.agent.render_facts: Render facts for content unit 7
2026-08-24 19:43:47,103 INFO    ontocast.agent.render_facts: Generating facts update
2026-08-24 19:43:47,103 INFO    ontocast.agent.render_facts: Rendering updates for facts
2026-08-24 19:43:53,247 INFO    httpx: HTTP Request: POST http://localhost:8000/v1/chat/completions "HTTP/1.1 200 OK"
2026-08-24 19:43:53,291 INFO    ontocast.agent.render_facts: Facts update has 1 operation(s) with 21 total triple(s).
2026-08-24 19:43:53,291 INFO    ontocast.stategraph.atomic: Unit facts loop finishing on final render attempt 1/1 (skipping LLM critic; finding-driven repair renders may still run)
2026-08-24 19:43:53,300 INFO    carry_forward: L2 chunk 7/9: 3977 chars, carried 167 -> 188 triples (+21) in 6.2s
2026-08-24 19:43:53,314 INFO    ontocast.stategraph.atomic: Ontology context for mode fixed_single_ontology: sources=['https://growgraph.dev/echr'] writable=['https://growgraph.dev/echr']
2026-08-24 19:43:53,314 INFO    ontocast.agent.render_facts: Render facts for content unit 8
2026-08-24 19:43:53,314 INFO    ontocast.agent.render_facts: Generating facts update
2026-08-24 19:43:53,314 INFO    ontocast.agent.render_facts: Rendering updates for facts
2026-08-24 19:43:59,697 INFO    httpx: HTTP Request: POST http://localhost:8000/v1/chat/completions "HTTP/1.1 200 OK"
2026-08-24 19:43:59,701 INFO    response_repair: response repair recovered a malformed reply (mismatched JSON container closer, 1664 chars)
2026-08-24 19:43:59,729 INFO    ontocast.agent.render_facts: Facts update has 1 operation(s) with 20 total triple(s).
2026-08-24 19:43:59,729 INFO    ontocast.stategraph.atomic: Unit facts loop finishing on final render attempt 1/1 (skipping LLM critic; finding-driven repair renders may still run)
2026-08-24 19:43:59,738 INFO    carry_forward: L2 chunk 8/9: 5728 chars, carried 188 -> 208 triples (+20) in 6.4s
2026-08-24 19:43:59,754 INFO    ontocast.stategraph.atomic: Ontology context for mode fixed_single_ontology: sources=['https://growgraph.dev/echr'] writable=['https://growgraph.dev/echr']
2026-08-24 19:43:59,754 INFO    ontocast.agent.render_facts: Render facts for content unit 9
2026-08-24 19:43:59,754 INFO    ontocast.agent.render_facts: Generating facts update
2026-08-24 19:43:59,754 INFO    ontocast.agent.render_facts: Rendering updates for facts
2026-08-24 19:44:02,361 INFO    httpx: HTTP Request: POST http://localhost:8000/v1/chat/completions "HTTP/1.1 200 OK"
2026-08-24 19:44:02,385 INFO    ontocast.agent.render_facts: Facts update has 1 operation(s) with 5 total triple(s).
2026-08-24 19:44:02,385 INFO    ontocast.stategraph.atomic: Unit facts loop finishing on final render attempt 1/1 (skipping LLM critic; finding-driven repair renders may still run)
2026-08-24 19:44:02,394 INFO    carry_forward: L2 chunk 9/9: 972 chars, carried 208 -> 213 triples (+5) in 2.6s
2026-08-24 19:44:02,397 INFO    ontocast.tool.agg.aggregate: Starting aggregation with metadata for 1 units
2026-08-24 19:44:05,810 INFO    ontocast.tool.agg.aggregate: Aggregation entity classification stats: fact=41 known_ontology=2 tentative_ontology=42
2026-08-24 19:44:05,810 INFO    ontocast.tool.agg.clustering: Embedding 56 entity representations in parallel...
2026-08-24 19:44:07,013 INFO    ontocast.tool.agg.clustering: Embedded 56 entities
2026-08-24 19:44:07,013 INFO    ontocast.tool.agg.clustering: Clustering 56 entities...
2026-08-24 19:44:07,017 INFO    ontocast.tool.agg.clustering: Formed 14 clusters: 10 singletons, 4 multi-entity clusters, max cluster size: 38
2026-08-24 19:44:07,017 INFO    ontocast.tool.agg.clustering: Embedding 22 entity representations in parallel...
2026-08-24 19:44:07,464 INFO    ontocast.tool.agg.clustering: Embedded 22 entities
2026-08-24 19:44:07,464 INFO    ontocast.tool.agg.clustering: Clustering 22 entities...
2026-08-24 19:44:07,467 INFO    ontocast.tool.agg.clustering: Formed 10 clusters: 6 singletons, 4 multi-entity clusters, max cluster size: 10
2026-08-24 19:44:07,467 INFO    ontocast.tool.agg.clustering: Embedding 7 entity representations in parallel...
2026-08-24 19:44:07,575 INFO    ontocast.tool.agg.clustering: Embedded 7 entities
2026-08-24 19:44:07,575 INFO    ontocast.tool.agg.clustering: Clustering 7 entities...
2026-08-24 19:44:07,577 INFO    ontocast.tool.agg.clustering: Formed 5 clusters: 3 singletons, 2 multi-entity clusters, max cluster size: 2
2026-08-24 19:44:07,610 INFO    ontocast.tool.agg.aggregate: Rejected 95 candidate merges after symbolic validation
2026-08-24 19:44:07,610 INFO    ontocast.tool.agg.clustering: Created mapping for 85 entities to 85 representatives
2026-08-24 19:44:07,611 INFO    ontocast.tool.agg.uri_builder: Built URI mapping: 85 entities, 41 normalised
2026-08-24 19:44:07,623 INFO    ontocast.tool.agg.rewriter: Merged 1 unit graphs with provenance: 213 -> 644 triples (41 entities merged)
2026-08-24 19:44:07,623 INFO    ontocast.tool.agg.aggregate: Aggregation with metadata complete
2026-08-24 19:44:07,651 INFO    carry_forward: L2 done: 9 chunk(s) -> 647 triples in 65.0s -> input.L2.facts.ttl
2026-08-24 19:44:07,652 INFO    ontocast.agent.chunk_text: Chunking the text
2026-08-24 19:44:07,656 INFO    ontocast.agent.chunk_text: Created 8 chunks for processing: [3022, 3848, 3259, 3496, 3012, 3539, 3295, 5381]
2026-08-24 19:44:07,659 INFO    ontocast.agent.chunk_text: Created 8 content units: [3022, 3848, 3259, 3496, 3012, 3539, 3295, 5381]
2026-08-24 19:44:07,659 INFO    ontocast.agent.chunk_text: Section labels: (unlabeled)=8
2026-08-24 19:44:07,659 INFO    carry_forward: L3: 8 chunk(s), sizes=[3022, 3848, 3259, 3496, 3012, 3539, 3295, 5381]
2026-08-24 19:44:07,672 INFO    ontocast.stategraph.atomic: Ontology context for mode fixed_single_ontology: sources=['https://growgraph.dev/echr'] writable=['https://growgraph.dev/echr']
2026-08-24 19:44:07,672 INFO    ontocast.agent.render_facts: Render facts for content unit 1
2026-08-24 19:44:07,672 INFO    ontocast.agent.render_facts: Generating fresh facts as Turtle
2026-08-24 19:44:07,672 INFO    ontocast.agent.render_facts: Rendering fresh facts
2026-08-24 19:44:15,678 INFO    httpx: HTTP Request: POST http://localhost:8000/v1/chat/completions "HTTP/1.1 200 OK"
2026-08-24 19:44:15,712 INFO    turtle_repair: turtle repair: rewrote a premature '.' before a bare property continuation, and/or stripped a predicate repeated after a ',' continuation, and/or escaped an unescaped quote inside a literal
2026-08-24 19:44:15,712 WARNING ontocast.onto.rdfgraph: Recovering malformed Turtle after parse failure: at line 18 of <>:
Bad syntax (expected '.' or '}' or ']' at end of statement) at ^ in:
"...b'chr:GenderMale ;\n    echr:hasSupportingQuote "Mr Erol Aksoy '^b'("the applicant")" .\n\ncd:supreme_administrative_court a echr'..."
2026-08-24 19:44:15,719 INFO    ontocast.agent.render_facts: Fresh facts generated with 16 triple(s).
2026-08-24 19:44:15,719 INFO    ontocast.stategraph.atomic: Unit facts loop finishing on final render attempt 1/1 (skipping LLM critic; finding-driven repair renders may still run)
2026-08-24 19:44:15,722 INFO    carry_forward: L3 chunk 1/8: 3022 chars, carried 0 -> 16 triples (+16) in 8.1s
2026-08-24 19:44:15,733 INFO    ontocast.stategraph.atomic: Ontology context for mode fixed_single_ontology: sources=['https://growgraph.dev/echr'] writable=['https://growgraph.dev/echr']
2026-08-24 19:44:15,733 INFO    ontocast.agent.render_facts: Render facts for content unit 2
2026-08-24 19:44:15,733 INFO    ontocast.agent.render_facts: Generating facts update
2026-08-24 19:44:15,733 INFO    ontocast.agent.render_facts: Rendering updates for facts
2026-08-24 19:44:34,924 INFO    httpx: HTTP Request: POST http://localhost:8000/v1/chat/completions "HTTP/1.1 200 OK"
2026-08-24 19:44:35,142 INFO    ontocast.agent.render_facts: Facts update has 1 operation(s) with 76 total triple(s).
2026-08-24 19:44:35,142 INFO    ontocast.stategraph.atomic: Unit facts loop finishing on final render attempt 1/1 (skipping LLM critic; finding-driven repair renders may still run)
2026-08-24 19:44:35,148 INFO    carry_forward: L3 chunk 2/8: 3848 chars, carried 16 -> 92 triples (+76) in 19.4s
2026-08-24 19:44:35,160 INFO    ontocast.stategraph.atomic: Ontology context for mode fixed_single_ontology: sources=['https://growgraph.dev/echr'] writable=['https://growgraph.dev/echr']
2026-08-24 19:44:35,160 INFO    ontocast.agent.render_facts: Render facts for content unit 3
2026-08-24 19:44:35,160 INFO    ontocast.agent.render_facts: Generating facts update
2026-08-24 19:44:35,161 INFO    ontocast.agent.render_facts: Rendering updates for facts
2026-08-24 19:44:55,302 INFO    httpx: HTTP Request: POST http://localhost:8000/v1/chat/completions "HTTP/1.1 200 OK"
2026-08-24 19:44:55,514 INFO    ontocast.agent.render_facts: Facts update has 1 operation(s) with 77 total triple(s).
2026-08-24 19:44:55,514 INFO    ontocast.stategraph.atomic: Unit facts loop finishing on final render attempt 1/1 (skipping LLM critic; finding-driven repair renders may still run)
2026-08-24 19:44:55,522 INFO    carry_forward: L3 chunk 3/8: 3259 chars, carried 92 -> 169 triples (+77) in 20.4s
2026-08-24 19:44:55,536 INFO    ontocast.stategraph.atomic: Ontology context for mode fixed_single_ontology: sources=['https://growgraph.dev/echr'] writable=['https://growgraph.dev/echr']
2026-08-24 19:44:55,537 INFO    ontocast.agent.render_facts: Render facts for content unit 4
2026-08-24 19:44:55,537 INFO    ontocast.agent.render_facts: Generating facts update
2026-08-24 19:44:55,537 INFO    ontocast.agent.render_facts: Rendering updates for facts
2026-08-24 19:45:21,354 INFO    httpx: HTTP Request: POST http://localhost:8000/v1/chat/completions "HTTP/1.1 200 OK"
2026-08-24 19:45:21,686 INFO    ontocast.agent.render_facts: Facts update has 1 operation(s) with 94 total triple(s).
2026-08-24 19:45:21,686 INFO    ontocast.stategraph.atomic: Unit facts loop finishing on final render attempt 1/1 (skipping LLM critic; finding-driven repair renders may still run)
2026-08-24 19:45:21,696 INFO    carry_forward: L3 chunk 4/8: 3496 chars, carried 169 -> 263 triples (+94) in 26.2s
2026-08-24 19:45:21,712 INFO    ontocast.stategraph.atomic: Ontology context for mode fixed_single_ontology: sources=['https://growgraph.dev/echr'] writable=['https://growgraph.dev/echr']
2026-08-24 19:45:21,712 INFO    ontocast.agent.render_facts: Render facts for content unit 5
2026-08-24 19:45:21,712 INFO    ontocast.agent.render_facts: Generating facts update
2026-08-24 19:45:21,712 INFO    ontocast.agent.render_facts: Rendering updates for facts
2026-08-24 19:45:35,956 INFO    httpx: HTTP Request: POST http://localhost:8000/v1/chat/completions "HTTP/1.1 200 OK"
2026-08-24 19:45:36,090 INFO    ontocast.agent.render_facts: Facts update has 1 operation(s) with 57 total triple(s).
2026-08-24 19:45:36,091 INFO    ontocast.stategraph.atomic: Unit facts loop finishing on final render attempt 1/1 (skipping LLM critic; finding-driven repair renders may still run)
2026-08-24 19:45:36,103 INFO    carry_forward: L3 chunk 5/8: 3012 chars, carried 263 -> 320 triples (+57) in 14.4s
2026-08-24 19:45:36,120 INFO    ontocast.stategraph.atomic: Ontology context for mode fixed_single_ontology: sources=['https://growgraph.dev/echr'] writable=['https://growgraph.dev/echr']
2026-08-24 19:45:36,120 INFO    ontocast.agent.render_facts: Render facts for content unit 6
2026-08-24 19:45:36,120 INFO    ontocast.agent.render_facts: Generating facts update
2026-08-24 19:45:36,120 INFO    ontocast.agent.render_facts: Rendering updates for facts
2026-08-24 19:45:46,763 INFO    httpx: HTTP Request: POST http://localhost:8000/v1/chat/completions "HTTP/1.1 200 OK"
2026-08-24 19:45:46,851 INFO    ontocast.agent.render_facts: Facts update has 1 operation(s) with 35 total triple(s).
2026-08-24 19:45:46,851 INFO    ontocast.stategraph.atomic: Unit facts loop finishing on final render attempt 1/1 (skipping LLM critic; finding-driven repair renders may still run)
2026-08-24 19:45:46,866 INFO    carry_forward: L3 chunk 6/8: 3539 chars, carried 320 -> 355 triples (+35) in 10.8s
2026-08-24 19:45:46,889 INFO    ontocast.stategraph.atomic: Ontology context for mode fixed_single_ontology: sources=['https://growgraph.dev/echr'] writable=['https://growgraph.dev/echr']
2026-08-24 19:45:46,889 INFO    ontocast.agent.render_facts: Render facts for content unit 7
2026-08-24 19:45:46,889 INFO    ontocast.agent.render_facts: Generating facts update
2026-08-24 19:45:46,889 INFO    ontocast.agent.render_facts: Rendering updates for facts
2026-08-24 19:46:08,766 INFO    httpx: HTTP Request: POST http://localhost:8000/v1/chat/completions "HTTP/1.1 200 OK"
2026-08-24 19:46:08,983 INFO    ontocast.agent.render_facts: Facts update has 1 operation(s) with 89 total triple(s).
2026-08-24 19:46:08,983 INFO    ontocast.stategraph.atomic: Unit facts loop finishing on final render attempt 1/1 (skipping LLM critic; finding-driven repair renders may still run)
2026-08-24 19:46:09,004 INFO    carry_forward: L3 chunk 7/8: 3295 chars, carried 355 -> 444 triples (+89) in 22.1s
2026-08-24 19:46:09,024 INFO    ontocast.stategraph.atomic: Ontology context for mode fixed_single_ontology: sources=['https://growgraph.dev/echr'] writable=['https://growgraph.dev/echr']
2026-08-24 19:46:09,024 INFO    ontocast.agent.render_facts: Render facts for content unit 8
2026-08-24 19:46:09,024 INFO    ontocast.agent.render_facts: Generating facts update
2026-08-24 19:46:09,024 INFO    ontocast.agent.render_facts: Rendering updates for facts
2026-08-24 19:46:22,861 INFO    httpx: HTTP Request: POST http://localhost:8000/v1/chat/completions "HTTP/1.1 200 OK"
2026-08-24 19:46:23,002 INFO    ontocast.agent.render_facts: Facts update has 1 operation(s) with 54 total triple(s).
2026-08-24 19:46:23,002 INFO    ontocast.stategraph.atomic: Unit facts loop finishing on final render attempt 1/1 (skipping LLM critic; finding-driven repair renders may still run)
2026-08-24 19:46:23,021 INFO    carry_forward: L3 chunk 8/8: 5381 chars, carried 444 -> 498 triples (+54) in 14.0s
2026-08-24 19:46:23,027 INFO    ontocast.tool.agg.aggregate: Starting aggregation with metadata for 1 units
2026-08-24 19:46:40,631 INFO    ontocast.tool.agg.aggregate: Aggregation entity classification stats: fact=91 known_ontology=2 tentative_ontology=47
2026-08-24 19:46:40,631 INFO    ontocast.tool.agg.clustering: Embedding 106 entity representations in parallel...

Batches:   0%|          | 0/4 [00:00<?, ?it/s]
Batches:  25%|██▌       | 1/4 [00:00<00:02,  1.26it/s]
Batches:  50%|█████     | 2/4 [00:01<00:01,  1.28it/s]
Batches:  75%|███████▌  | 3/4 [00:02<00:00,  1.37it/s]
Batches: 100%|██████████| 4/4 [00:02<00:00,  1.93it/s]
Batches: 100%|██████████| 4/4 [00:02<00:00,  1.65it/s]
2026-08-24 19:46:43,065 INFO    ontocast.tool.agg.clustering: Embedded 106 entities
2026-08-24 19:46:43,065 INFO    ontocast.tool.agg.clustering: Clustering 106 entities...
2026-08-24 19:46:43,070 INFO    ontocast.tool.agg.clustering: Formed 13 clusters: 7 singletons, 6 multi-entity clusters, max cluster size: 60
2026-08-24 19:46:43,070 INFO    ontocast.tool.agg.clustering: Embedding 25 entity representations in parallel...
2026-08-24 19:46:43,595 INFO    ontocast.tool.agg.clustering: Embedded 25 entities
2026-08-24 19:46:43,595 INFO    ontocast.tool.agg.clustering: Clustering 25 entities...
2026-08-24 19:46:43,598 INFO    ontocast.tool.agg.clustering: Formed 10 clusters: 5 singletons, 5 multi-entity clusters, max cluster size: 9
2026-08-24 19:46:43,598 INFO    ontocast.tool.agg.clustering: Embedding 9 entity representations in parallel...
2026-08-24 19:46:43,722 INFO    ontocast.tool.agg.clustering: Embedded 9 entities
2026-08-24 19:46:43,722 INFO    ontocast.tool.agg.clustering: Clustering 9 entities...
2026-08-24 19:46:43,725 INFO    ontocast.tool.agg.clustering: Formed 9 clusters: 9 singletons, 0 multi-entity clusters, max cluster size: 1
2026-08-24 19:46:43,873 INFO    ontocast.tool.agg.aggregate: Rejected 274 candidate merges after symbolic validation
2026-08-24 19:46:43,873 INFO    ontocast.tool.agg.clustering: Created mapping for 140 entities to 137 representatives
2026-08-24 19:46:43,874 INFO    ontocast.tool.agg.uri_builder: Built URI mapping: 140 entities, 91 normalised
2026-08-24 19:46:43,899 INFO    ontocast.tool.agg.rewriter: Merged 1 unit graphs with provenance: 498 -> 1490 triples (90 entities merged)
2026-08-24 19:46:43,900 INFO    ontocast.tool.agg.aggregate: Aggregation with metadata complete
2026-08-24 19:46:43,957 INFO    carry_forward: L3 done: 8 chunk(s) -> 1493 triples in 156.3s -> input.L3.facts.ttl
2026-08-24 19:46:43,958 INFO    ontocast.agent.chunk_text: Chunking the text
2026-08-24 19:46:43,960 INFO    ontocast.agent.chunk_text: Created 7 chunks for processing: [4662, 3735, 3094, 3487, 3176, 3242, 3835]
2026-08-24 19:46:43,962 INFO    ontocast.agent.chunk_text: Created 7 content units: [4662, 3735, 3094, 3487, 3176, 3242, 3835]
2026-08-24 19:46:43,962 INFO    ontocast.agent.chunk_text: Section labels: (unlabeled)=7
2026-08-24 19:46:43,962 INFO    carry_forward: L4: 7 chunk(s), sizes=[4662, 3735, 3094, 3487, 3176, 3242, 3835]
2026-08-24 19:46:43,975 INFO    ontocast.stategraph.atomic: Ontology context for mode fixed_single_ontology: sources=['https://growgraph.dev/echr'] writable=['https://growgraph.dev/echr']
2026-08-24 19:46:43,975 INFO    ontocast.agent.render_facts: Render facts for content unit 1
2026-08-24 19:46:43,975 INFO    ontocast.agent.render_facts: Generating fresh facts as Turtle
2026-08-24 19:46:43,975 INFO    ontocast.agent.render_facts: Rendering fresh facts
2026-08-24 19:46:53,883 INFO    httpx: HTTP Request: POST http://localhost:8000/v1/chat/completions "HTTP/1.1 200 OK"
2026-08-24 19:46:53,931 INFO    ontocast.agent.render_facts: Fresh facts generated with 34 triple(s).
2026-08-24 19:46:53,931 INFO    ontocast.stategraph.atomic: Unit facts loop finishing on final render attempt 1/1 (skipping LLM critic; finding-driven repair renders may still run)
2026-08-24 19:46:53,934 INFO    carry_forward: L4 chunk 1/7: 4662 chars, carried 0 -> 34 triples (+34) in 10.0s
2026-08-24 19:46:53,946 INFO    ontocast.stategraph.atomic: Ontology context for mode fixed_single_ontology: sources=['https://growgraph.dev/echr'] writable=['https://growgraph.dev/echr']
2026-08-24 19:46:53,946 INFO    ontocast.agent.render_facts: Render facts for content unit 2
2026-08-24 19:46:53,946 INFO    ontocast.agent.render_facts: Generating facts update
2026-08-24 19:46:53,946 INFO    ontocast.agent.render_facts: Rendering updates for facts
2026-08-24 19:47:01,570 INFO    httpx: HTTP Request: POST http://localhost:8000/v1/chat/completions "HTTP/1.1 200 OK"
2026-08-24 19:47:01,575 INFO    response_repair: response repair recovered a malformed reply (mismatched JSON container closer, 1908 chars)
2026-08-24 19:47:01,608 INFO    ontocast.agent.render_facts: Facts update has 1 operation(s) with 32 total triple(s).
2026-08-24 19:47:01,608 INFO    ontocast.stategraph.atomic: Unit facts loop finishing on final render attempt 1/1 (skipping LLM critic; finding-driven repair renders may still run)
2026-08-24 19:47:01,613 INFO    carry_forward: L4 chunk 2/7: 3735 chars, carried 34 -> 66 triples (+32) in 7.7s
2026-08-24 19:47:01,626 INFO    ontocast.stategraph.atomic: Ontology context for mode fixed_single_ontology: sources=['https://growgraph.dev/echr'] writable=['https://growgraph.dev/echr']
2026-08-24 19:47:01,626 INFO    ontocast.agent.render_facts: Render facts for content unit 3
2026-08-24 19:47:01,626 INFO    ontocast.agent.render_facts: Generating facts update
2026-08-24 19:47:01,626 INFO    ontocast.agent.render_facts: Rendering updates for facts
2026-08-24 19:47:07,301 INFO    httpx: HTTP Request: POST http://localhost:8000/v1/chat/completions "HTTP/1.1 200 OK"
2026-08-24 19:47:07,339 INFO    ontocast.agent.render_facts: Facts update has 1 operation(s) with 21 total triple(s).
2026-08-24 19:47:07,340 INFO    ontocast.stategraph.atomic: Unit facts loop finishing on final render attempt 1/1 (skipping LLM critic; finding-driven repair renders may still run)
2026-08-24 19:47:07,345 INFO    carry_forward: L4 chunk 3/7: 3094 chars, carried 66 -> 87 triples (+21) in 5.7s
2026-08-24 19:47:07,359 INFO    ontocast.stategraph.atomic: Ontology context for mode fixed_single_ontology: sources=['https://growgraph.dev/echr'] writable=['https://growgraph.dev/echr']
2026-08-24 19:47:07,359 INFO    ontocast.agent.render_facts: Render facts for content unit 4
2026-08-24 19:47:07,359 INFO    ontocast.agent.render_facts: Generating facts update
2026-08-24 19:47:07,359 INFO    ontocast.agent.render_facts: Rendering updates for facts
2026-08-24 19:47:23,785 INFO    httpx: HTTP Request: POST http://localhost:8000/v1/chat/completions "HTTP/1.1 200 OK"
2026-08-24 19:47:23,946 INFO    ontocast.agent.render_facts: Facts update has 1 operation(s) with 66 total triple(s).
2026-08-24 19:47:23,947 INFO    ontocast.stategraph.atomic: Unit facts loop finishing on final render attempt 1/1 (skipping LLM critic; finding-driven repair renders may still run)
2026-08-24 19:47:23,955 INFO    carry_forward: L4 chunk 4/7: 3487 chars, carried 87 -> 153 triples (+66) in 16.6s
2026-08-24 19:47:23,969 INFO    ontocast.stategraph.atomic: Ontology context for mode fixed_single_ontology: sources=['https://growgraph.dev/echr'] writable=['https://growgraph.dev/echr']
2026-08-24 19:47:23,969 INFO    ontocast.agent.render_facts: Render facts for content unit 5
2026-08-24 19:47:23,970 INFO    ontocast.agent.render_facts: Generating facts update
2026-08-24 19:47:23,970 INFO    ontocast.agent.render_facts: Rendering updates for facts
2026-08-24 19:47:36,416 INFO    httpx: HTTP Request: POST http://localhost:8000/v1/chat/completions "HTTP/1.1 200 OK"
2026-08-24 19:47:36,523 INFO    ontocast.agent.render_facts: Facts update has 1 operation(s) with 51 total triple(s).
2026-08-24 19:47:36,523 INFO    ontocast.stategraph.atomic: Unit facts loop finishing on final render attempt 1/1 (skipping LLM critic; finding-driven repair renders may still run)
2026-08-24 19:47:36,532 INFO    carry_forward: L4 chunk 5/7: 3176 chars, carried 153 -> 204 triples (+51) in 12.6s
2026-08-24 19:47:36,548 INFO    ontocast.stategraph.atomic: Ontology context for mode fixed_single_ontology: sources=['https://growgraph.dev/echr'] writable=['https://growgraph.dev/echr']
2026-08-24 19:47:36,549 INFO    ontocast.agent.render_facts: Render facts for content unit 6
2026-08-24 19:47:36,549 INFO    ontocast.agent.render_facts: Generating facts update
2026-08-24 19:47:36,549 INFO    ontocast.agent.render_facts: Rendering updates for facts
2026-08-24 19:48:03,585 INFO    httpx: HTTP Request: POST http://localhost:8000/v1/chat/completions "HTTP/1.1 200 OK"
2026-08-24 19:48:03,949 INFO    ontocast.agent.render_facts: Facts update has 1 operation(s) with 118 total triple(s).
2026-08-24 19:48:03,950 INFO    ontocast.stategraph.atomic: Unit facts loop finishing on final render attempt 1/1 (skipping LLM critic; finding-driven repair renders may still run)
2026-08-24 19:48:03,957 INFO    ontocast.stategraph.atomic: Finding-driven facts repair render 1/1: 2 finding(s) (1 mandatory)
2026-08-24 19:48:03,957 INFO    ontocast.agent.render_facts: Render facts for content unit 6
2026-08-24 19:48:03,957 INFO    ontocast.agent.render_facts: Generating facts update
2026-08-24 19:48:03,957 INFO    ontocast.agent.render_facts: Rendering updates for facts
2026-08-24 19:48:15,600 INFO    httpx: HTTP Request: POST http://localhost:8000/v1/chat/completions "HTTP/1.1 200 OK"
2026-08-24 19:48:15,689 INFO    ontocast.agent.render_facts: Facts update has 2 operation(s) with 44 total triple(s).
2026-08-24 19:48:15,703 INFO    carry_forward: L4 chunk 6/7: 3242 chars, carried 204 -> 363 triples (+159) in 39.2s
2026-08-24 19:48:15,721 INFO    ontocast.stategraph.atomic: Ontology context for mode fixed_single_ontology: sources=['https://growgraph.dev/echr'] writable=['https://growgraph.dev/echr']
2026-08-24 19:48:15,722 INFO    ontocast.agent.render_facts: Render facts for content unit 7
2026-08-24 19:48:15,722 INFO    ontocast.agent.render_facts: Generating facts update
2026-08-24 19:48:15,722 INFO    ontocast.agent.render_facts: Rendering updates for facts
2026-08-24 19:48:41,098 INFO    httpx: HTTP Request: POST http://localhost:8000/v1/chat/completions "HTTP/1.1 200 OK"
2026-08-24 19:48:41,378 INFO    ontocast.agent.render_facts: Facts update has 1 operation(s) with 107 total triple(s).
2026-08-24 19:48:41,378 INFO    ontocast.stategraph.atomic: Unit facts loop finishing on final render attempt 1/1 (skipping LLM critic; finding-driven repair renders may still run)
2026-08-24 19:48:41,395 INFO    carry_forward: L4 chunk 7/7: 3835 chars, carried 363 -> 470 triples (+107) in 25.7s
2026-08-24 19:48:41,400 INFO    ontocast.tool.agg.aggregate: Starting aggregation with metadata for 1 units
2026-08-24 19:48:57,646 INFO    ontocast.tool.agg.aggregate: Aggregation entity classification stats: fact=79 known_ontology=2 tentative_ontology=52
2026-08-24 19:48:57,646 INFO    ontocast.tool.agg.clustering: Embedding 94 entity representations in parallel...
2026-08-24 19:48:59,979 INFO    ontocast.tool.agg.clustering: Embedded 94 entities
2026-08-24 19:48:59,979 INFO    ontocast.tool.agg.clustering: Clustering 94 entities...
2026-08-24 19:48:59,983 INFO    ontocast.tool.agg.clustering: Formed 10 clusters: 7 singletons, 3 multi-entity clusters, max cluster size: 81
2026-08-24 19:48:59,983 INFO    ontocast.tool.agg.clustering: Embedding 29 entity representations in parallel...
2026-08-24 19:49:00,775 INFO    ontocast.tool.agg.clustering: Embedded 29 entities
2026-08-24 19:49:00,775 INFO    ontocast.tool.agg.clustering: Clustering 29 entities...
2026-08-24 19:49:00,777 INFO    ontocast.tool.agg.clustering: Formed 8 clusters: 4 singletons, 4 multi-entity clusters, max cluster size: 17
2026-08-24 19:49:00,777 INFO    ontocast.tool.agg.clustering: Embedding 10 entity representations in parallel...
2026-08-24 19:49:00,897 INFO    ontocast.tool.agg.clustering: Embedded 10 entities
2026-08-24 19:49:00,897 INFO    ontocast.tool.agg.clustering: Clustering 10 entities...
2026-08-24 19:49:00,899 INFO    ontocast.tool.agg.clustering: Formed 9 clusters: 8 singletons, 1 multi-entity clusters, max cluster size: 2
2026-08-24 19:49:01,096 INFO    ontocast.tool.agg.aggregate: Rejected 340 candidate merges after symbolic validation
2026-08-24 19:49:01,097 INFO    ontocast.tool.agg.clustering: Created mapping for 133 entities to 127 representatives
2026-08-24 19:49:01,098 INFO    ontocast.tool.agg.uri_builder: Built URI mapping: 133 entities, 79 normalised
2026-08-24 19:49:01,121 INFO    ontocast.tool.agg.rewriter: Merged 1 unit graphs with provenance: 470 -> 1367 triples (74 entities merged)
2026-08-24 19:49:01,121 INFO    ontocast.tool.agg.aggregate: Aggregation with metadata complete
2026-08-24 19:49:01,175 INFO    carry_forward: L4 done: 7 chunk(s) -> 1370 triples in 137.2s -> input.L4.facts.ttl
2026-08-24 19:49:01,176 INFO    ontocast.agent.chunk_text: Chunking the text
2026-08-24 19:49:01,179 INFO    ontocast.agent.chunk_text: Created 7 chunks for processing: [3422, 3248, 4572, 3849, 3197, 3210, 5038]
2026-08-24 19:49:01,181 INFO    ontocast.agent.chunk_text: Created 7 content units: [3422, 3248, 4572, 3849, 3197, 3210, 5038]
2026-08-24 19:49:01,181 INFO    ontocast.agent.chunk_text: Section labels: (unlabeled)=7
2026-08-24 19:49:01,181 INFO    carry_forward: L5: 7 chunk(s), sizes=[3422, 3248, 4572, 3849, 3197, 3210, 5038]
2026-08-24 19:49:01,194 INFO    ontocast.stategraph.atomic: Ontology context for mode fixed_single_ontology: sources=['https://growgraph.dev/echr'] writable=['https://growgraph.dev/echr']
2026-08-24 19:49:01,194 INFO    ontocast.agent.render_facts: Render facts for content unit 1
2026-08-24 19:49:01,194 INFO    ontocast.agent.render_facts: Generating fresh facts as Turtle
2026-08-24 19:49:01,194 INFO    ontocast.agent.render_facts: Rendering fresh facts
2026-08-24 19:49:13,737 INFO    httpx: HTTP Request: POST http://localhost:8000/v1/chat/completions "HTTP/1.1 200 OK"
2026-08-24 19:49:13,814 INFO    ontocast.agent.render_facts: Fresh facts generated with 54 triple(s).
2026-08-24 19:49:13,815 INFO    ontocast.stategraph.atomic: Unit facts loop finishing on final render attempt 1/1 (skipping LLM critic; finding-driven repair renders may still run)
2026-08-24 19:49:13,818 INFO    carry_forward: L5 chunk 1/7: 3422 chars, carried 0 -> 54 triples (+54) in 12.6s
2026-08-24 19:49:13,830 INFO    ontocast.stategraph.atomic: Ontology context for mode fixed_single_ontology: sources=['https://growgraph.dev/echr'] writable=['https://growgraph.dev/echr']
2026-08-24 19:49:13,830 INFO    ontocast.agent.render_facts: Render facts for content unit 2
2026-08-24 19:49:13,830 INFO    ontocast.agent.render_facts: Generating facts update
2026-08-24 19:49:13,830 INFO    ontocast.agent.render_facts: Rendering updates for facts
2026-08-24 19:49:26,769 INFO    httpx: HTTP Request: POST http://localhost:8000/v1/chat/completions "HTTP/1.1 200 OK"
2026-08-24 19:49:26,884 INFO    ontocast.agent.render_facts: Facts update has 1 operation(s) with 52 total triple(s).
2026-08-24 19:49:26,884 INFO    ontocast.stategraph.atomic: Unit facts loop finishing on final render attempt 1/1 (skipping LLM critic; finding-driven repair renders may still run)
2026-08-24 19:49:26,891 INFO    carry_forward: L5 chunk 2/7: 3248 chars, carried 54 -> 106 triples (+52) in 13.1s
2026-08-24 19:49:26,903 INFO    ontocast.stategraph.atomic: Ontology context for mode fixed_single_ontology: sources=['https://growgraph.dev/echr'] writable=['https://growgraph.dev/echr']
2026-08-24 19:49:26,903 INFO    ontocast.agent.render_facts: Render facts for content unit 3
2026-08-24 19:49:26,903 INFO    ontocast.agent.render_facts: Generating facts update
2026-08-24 19:49:26,903 INFO    ontocast.agent.render_facts: Rendering updates for facts
2026-08-24 19:49:49,307 INFO    httpx: HTTP Request: POST http://localhost:8000/v1/chat/completions "HTTP/1.1 200 OK"
2026-08-24 19:49:49,562 INFO    ontocast.agent.render_facts: Facts update has 1 operation(s) with 92 total triple(s).
2026-08-24 19:49:49,562 INFO    ontocast.stategraph.atomic: Unit facts loop finishing on final render attempt 1/1 (skipping LLM critic; finding-driven repair renders may still run)
2026-08-24 19:49:49,571 INFO    carry_forward: L5 chunk 3/7: 4572 chars, carried 106 -> 198 triples (+92) in 22.7s
2026-08-24 19:49:49,586 INFO    ontocast.stategraph.atomic: Ontology context for mode fixed_single_ontology: sources=['https://growgraph.dev/echr'] writable=['https://growgraph.dev/echr']
2026-08-24 19:49:49,586 INFO    ontocast.agent.render_facts: Render facts for content unit 4
2026-08-24 19:49:49,586 INFO    ontocast.agent.render_facts: Generating facts update
2026-08-24 19:49:49,586 INFO    ontocast.agent.render_facts: Rendering updates for facts
2026-08-24 19:49:57,182 INFO    httpx: HTTP Request: POST http://localhost:8000/v1/chat/completions "HTTP/1.1 200 OK"
2026-08-24 19:49:57,186 INFO    response_repair: response repair recovered a malformed reply (mismatched JSON container closer, 1775 chars)
2026-08-24 19:49:57,215 INFO    ontocast.agent.render_facts: Facts update has 1 operation(s) with 23 total triple(s).
2026-08-24 19:49:57,216 INFO    ontocast.stategraph.atomic: Unit facts loop finishing on final render attempt 1/1 (skipping LLM critic; finding-driven repair renders may still run)
2026-08-24 19:49:57,228 INFO    carry_forward: L5 chunk 4/7: 3849 chars, carried 198 -> 221 triples (+23) in 7.6s
2026-08-24 19:49:57,243 INFO    ontocast.stategraph.atomic: Ontology context for mode fixed_single_ontology: sources=['https://growgraph.dev/echr'] writable=['https://growgraph.dev/echr']
2026-08-24 19:49:57,243 INFO    ontocast.agent.render_facts: Render facts for content unit 5
2026-08-24 19:49:57,243 INFO    ontocast.agent.render_facts: Generating facts update
2026-08-24 19:49:57,243 INFO    ontocast.agent.render_facts: Rendering updates for facts
2026-08-24 19:50:00,688 INFO    httpx: HTTP Request: POST http://localhost:8000/v1/chat/completions "HTTP/1.1 200 OK"
2026-08-24 19:50:00,715 INFO    ontocast.agent.render_facts: Facts update has 1 operation(s) with 3 total triple(s).
2026-08-24 19:50:00,715 INFO    ontocast.stategraph.atomic: Unit facts loop finishing on final render attempt 1/1 (skipping LLM critic; finding-driven repair renders may still run)
2026-08-24 19:50:00,725 INFO    carry_forward: L5 chunk 5/7: 3197 chars, carried 221 -> 223 triples (+2) in 3.5s
2026-08-24 19:50:00,739 INFO    ontocast.stategraph.atomic: Ontology context for mode fixed_single_ontology: sources=['https://growgraph.dev/echr'] writable=['https://growgraph.dev/echr']
2026-08-24 19:50:00,740 INFO    ontocast.agent.render_facts: Render facts for content unit 6
2026-08-24 19:50:00,740 INFO    ontocast.agent.render_facts: Generating facts update
2026-08-24 19:50:00,740 INFO    ontocast.agent.render_facts: Rendering updates for facts
2026-08-24 19:50:09,266 INFO    httpx: HTTP Request: POST http://localhost:8000/v1/chat/completions "HTTP/1.1 200 OK"
2026-08-24 19:50:09,324 INFO    ontocast.agent.render_facts: Facts update has 1 operation(s) with 29 total triple(s).
2026-08-24 19:50:09,324 INFO    ontocast.stategraph.atomic: Unit facts loop finishing on final render attempt 1/1 (skipping LLM critic; finding-driven repair renders may still run)
2026-08-24 19:50:09,335 INFO    carry_forward: L5 chunk 6/7: 3210 chars, carried 223 -> 252 triples (+29) in 8.6s
2026-08-24 19:50:09,351 INFO    ontocast.stategraph.atomic: Ontology context for mode fixed_single_ontology: sources=['https://growgraph.dev/echr'] writable=['https://growgraph.dev/echr']
2026-08-24 19:50:09,352 INFO    ontocast.agent.render_facts: Render facts for content unit 7
2026-08-24 19:50:09,352 INFO    ontocast.agent.render_facts: Generating facts update
2026-08-24 19:50:09,352 INFO    ontocast.agent.render_facts: Rendering updates for facts
2026-08-24 19:50:16,331 INFO    httpx: HTTP Request: POST http://localhost:8000/v1/chat/completions "HTTP/1.1 200 OK"
2026-08-24 19:50:16,378 INFO    ontocast.agent.render_facts: Facts update has 1 operation(s) with 14 total triple(s).
2026-08-24 19:50:16,379 INFO    ontocast.stategraph.atomic: Unit facts loop finishing on final render attempt 1/1 (skipping LLM critic; finding-driven repair renders may still run)
2026-08-24 19:50:16,393 INFO    carry_forward: L5 chunk 7/7: 5038 chars, carried 252 -> 266 triples (+14) in 7.0s
2026-08-24 19:50:16,397 INFO    ontocast.tool.agg.aggregate: Starting aggregation with metadata for 1 units
2026-08-24 19:50:22,118 INFO    ontocast.tool.agg.aggregate: Aggregation entity classification stats: fact=46 known_ontology=2 tentative_ontology=55
2026-08-24 19:50:22,118 INFO    ontocast.tool.agg.clustering: Embedding 64 entity representations in parallel...
2026-08-24 19:50:23,548 INFO    ontocast.tool.agg.clustering: Embedded 64 entities
2026-08-24 19:50:23,548 INFO    ontocast.tool.agg.clustering: Clustering 64 entities...
2026-08-24 19:50:23,553 INFO    ontocast.tool.agg.clustering: Formed 8 clusters: 4 singletons, 4 multi-entity clusters, max cluster size: 54
2026-08-24 19:50:23,554 INFO    ontocast.tool.agg.clustering: Embedding 10 entity representations in parallel...
2026-08-24 19:50:23,977 INFO    ontocast.tool.agg.clustering: Embedded 10 entities
2026-08-24 19:50:23,977 INFO    ontocast.tool.agg.clustering: Clustering 10 entities...
2026-08-24 19:50:23,981 INFO    ontocast.tool.agg.clustering: Formed 10 clusters: 10 singletons, 0 multi-entity clusters, max cluster size: 1
2026-08-24 19:50:23,981 INFO    ontocast.tool.agg.clustering: Embedding 29 entity representations in parallel...
2026-08-24 19:50:24,732 INFO    ontocast.tool.agg.clustering: Embedded 29 entities
2026-08-24 19:50:24,732 INFO    ontocast.tool.agg.clustering: Clustering 29 entities...
2026-08-24 19:50:24,735 INFO    ontocast.tool.agg.clustering: Formed 7 clusters: 3 singletons, 4 multi-entity clusters, max cluster size: 15
2026-08-24 19:50:24,811 INFO    ontocast.tool.agg.aggregate: Rejected 198 candidate merges after symbolic validation
2026-08-24 19:50:24,811 INFO    ontocast.tool.agg.clustering: Created mapping for 103 entities to 100 representatives
2026-08-24 19:50:24,812 INFO    ontocast.tool.agg.uri_builder: Built URI mapping: 103 entities, 46 normalised
2026-08-24 19:50:24,826 INFO    ontocast.tool.agg.rewriter: Merged 1 unit graphs with provenance: 266 -> 785 triples (44 entities merged)
2026-08-24 19:50:24,826 INFO    ontocast.tool.agg.aggregate: Aggregation with metadata complete
2026-08-24 19:50:24,857 INFO    carry_forward: L5 done: 7 chunk(s) -> 788 triples in 83.7s -> input.L5.facts.ttl
2026-08-24 19:50:24,858 INFO    ontocast.agent.chunk_text: Chunking the text
2026-08-24 19:50:24,861 INFO    ontocast.agent.chunk_text: Created 5 chunks for processing: [3033, 3608, 3040, 3237, 4376]
2026-08-24 19:50:24,864 INFO    ontocast.agent.chunk_text: Created 5 content units: [3033, 3608, 3040, 3237, 4376]
2026-08-24 19:50:24,864 INFO    ontocast.agent.chunk_text: Section labels: (unlabeled)=5
2026-08-24 19:50:24,864 INFO    carry_forward: L6: 5 chunk(s), sizes=[3033, 3608, 3040, 3237, 4376]
2026-08-24 19:50:24,883 INFO    ontocast.stategraph.atomic: Ontology context for mode fixed_single_ontology: sources=['https://growgraph.dev/echr'] writable=['https://growgraph.dev/echr']
2026-08-24 19:50:24,884 INFO    ontocast.agent.render_facts: Render facts for content unit 1
2026-08-24 19:50:24,884 INFO    ontocast.agent.render_facts: Generating fresh facts as Turtle
2026-08-24 19:50:24,884 INFO    ontocast.agent.render_facts: Rendering fresh facts
2026-08-24 19:50:29,850 INFO    httpx: HTTP Request: POST http://localhost:8000/v1/chat/completions "HTTP/1.1 200 OK"
2026-08-24 19:50:29,876 INFO    ontocast.agent.render_facts: Fresh facts generated with 16 triple(s).
2026-08-24 19:50:29,876 INFO    ontocast.stategraph.atomic: Unit facts loop finishing on final render attempt 1/1 (skipping LLM critic; finding-driven repair renders may still run)
2026-08-24 19:50:29,879 INFO    carry_forward: L6 chunk 1/5: 3033 chars, carried 0 -> 16 triples (+16) in 5.0s
2026-08-24 19:50:29,898 INFO    ontocast.stategraph.atomic: Ontology context for mode fixed_single_ontology: sources=['https://growgraph.dev/echr'] writable=['https://growgraph.dev/echr']
2026-08-24 19:50:29,899 INFO    ontocast.agent.render_facts: Render facts for content unit 2
2026-08-24 19:50:29,899 INFO    ontocast.agent.render_facts: Generating facts update
2026-08-24 19:50:29,899 INFO    ontocast.agent.render_facts: Rendering updates for facts
2026-08-24 19:50:36,608 INFO    httpx: HTTP Request: POST http://localhost:8000/v1/chat/completions "HTTP/1.1 200 OK"
2026-08-24 19:50:36,655 INFO    ontocast.agent.render_facts: Facts update has 1 operation(s) with 26 total triple(s).
2026-08-24 19:50:36,656 INFO    ontocast.stategraph.atomic: Unit facts loop finishing on final render attempt 1/1 (skipping LLM critic; finding-driven repair renders may still run)
2026-08-24 19:50:36,659 INFO    ontocast.stategraph.atomic: Finding-driven facts repair render 1/1: 2 finding(s) (1 mandatory)
2026-08-24 19:50:36,659 INFO    ontocast.agent.render_facts: Render facts for content unit 2
2026-08-24 19:50:36,659 INFO    ontocast.agent.render_facts: Generating facts update
2026-08-24 19:50:36,659 INFO    ontocast.agent.render_facts: Rendering updates for facts
2026-08-24 19:50:43,366 INFO    httpx: HTTP Request: POST http://localhost:8000/v1/chat/completions "HTTP/1.1 200 OK"
2026-08-24 19:50:43,417 INFO    ontocast.agent.render_facts: Facts update has 2 operation(s) with 13 total triple(s).
2026-08-24 19:50:43,422 INFO    carry_forward: L6 chunk 2/5: 3608 chars, carried 16 -> 53 triples (+37) in 13.5s
2026-08-24 19:50:43,435 INFO    ontocast.stategraph.atomic: Ontology context for mode fixed_single_ontology: sources=['https://growgraph.dev/echr'] writable=['https://growgraph.dev/echr']
2026-08-24 19:50:43,435 INFO    ontocast.agent.render_facts: Render facts for content unit 3
2026-08-24 19:50:43,435 INFO    ontocast.agent.render_facts: Generating facts update
2026-08-24 19:50:43,435 INFO    ontocast.agent.render_facts: Rendering updates for facts
2026-08-24 19:50:56,449 INFO    httpx: HTTP Request: POST http://localhost:8000/v1/chat/completions "HTTP/1.1 200 OK"
2026-08-24 19:50:56,535 INFO    turtle_repair: turtle repair: rewrote a premature '.' before a bare property continuation, and/or stripped a predicate repeated after a ',' continuation, and/or escaped an unescaped quote inside a literal
2026-08-24 19:50:56,535 WARNING ontocast.onto.rdfgraph: Recovering malformed Turtle after parse failure: at line 10 of <>:
Bad syntax (expected '.' or '}' or ']' at end of statement) at ^ in:
"...b'Commerce and Industry of Armenia (\xe2\x80\x9cthe Arbitration Tribuna'^b'l")" .\n\ncd:proceeding_2 a echr:DomesticProceeding ;\n    rdfs'..."
2026-08-24 19:50:56,561 INFO    ontocast.agent.render_facts: Facts update has 1 operation(s) with 31 total triple(s).
2026-08-24 19:50:56,561 INFO    ontocast.stategraph.atomic: Unit facts loop finishing on final render attempt 1/1 (skipping LLM critic; finding-driven repair renders may still run)
2026-08-24 19:50:56,566 INFO    carry_forward: L6 chunk 3/5: 3040 chars, carried 53 -> 84 triples (+31) in 13.1s
2026-08-24 19:50:56,579 INFO    ontocast.stategraph.atomic: Ontology context for mode fixed_single_ontology: sources=['https://growgraph.dev/echr'] writable=['https://growgraph.dev/echr']
2026-08-24 19:50:56,580 INFO    ontocast.agent.render_facts: Render facts for content unit 4
2026-08-24 19:50:56,580 INFO    ontocast.agent.render_facts: Generating facts update
2026-08-24 19:50:56,580 INFO    ontocast.agent.render_facts: Rendering updates for facts
2026-08-24 19:51:08,250 INFO    httpx: HTTP Request: POST http://localhost:8000/v1/chat/completions "HTTP/1.1 200 OK"
2026-08-24 19:51:08,340 INFO    ontocast.agent.render_facts: Facts update has 1 operation(s) with 46 total triple(s).
2026-08-24 19:51:08,340 INFO    ontocast.stategraph.atomic: Unit facts loop finishing on final render attempt 1/1 (skipping LLM critic; finding-driven repair renders may still run)
2026-08-24 19:51:08,347 INFO    carry_forward: L6 chunk 4/5: 3237 chars, carried 84 -> 130 triples (+46) in 11.8s
2026-08-24 19:51:08,360 INFO    ontocast.stategraph.atomic: Ontology context for mode fixed_single_ontology: sources=['https://growgraph.dev/echr'] writable=['https://growgraph.dev/echr']
2026-08-24 19:51:08,360 INFO    ontocast.agent.render_facts: Render facts for content unit 5
2026-08-24 19:51:08,360 INFO    ontocast.agent.render_facts: Generating facts update
2026-08-24 19:51:08,360 INFO    ontocast.agent.render_facts: Rendering updates for facts
2026-08-24 19:51:27,091 INFO    httpx: HTTP Request: POST http://localhost:8000/v1/chat/completions "HTTP/1.1 200 OK"
2026-08-24 19:51:27,298 INFO    ontocast.agent.render_facts: Facts update has 1 operation(s) with 85 total triple(s).
2026-08-24 19:51:27,298 INFO    ontocast.stategraph.atomic: Unit facts loop finishing on final render attempt 1/1 (skipping LLM critic; finding-driven repair renders may still run)
2026-08-24 19:51:27,308 INFO    carry_forward: L6 chunk 5/5: 4376 chars, carried 130 -> 215 triples (+85) in 19.0s
2026-08-24 19:51:27,311 INFO    ontocast.tool.agg.aggregate: Starting aggregation with metadata for 1 units
2026-08-24 19:51:31,129 INFO    ontocast.tool.agg.aggregate: Aggregation entity classification stats: fact=39 known_ontology=2 tentative_ontology=44
2026-08-24 19:51:31,129 INFO    ontocast.tool.agg.clustering: Embedding 50 entity representations in parallel...
2026-08-24 19:51:32,300 INFO    ontocast.tool.agg.clustering: Embedded 50 entities
2026-08-24 19:51:32,300 INFO    ontocast.tool.agg.clustering: Clustering 50 entities...
2026-08-24 19:51:32,305 INFO    ontocast.tool.agg.clustering: Formed 12 clusters: 8 singletons, 4 multi-entity clusters, max cluster size: 35
2026-08-24 19:51:32,305 INFO    ontocast.tool.agg.clustering: Embedding 27 entity representations in parallel...
2026-08-24 19:51:32,924 INFO    ontocast.tool.agg.clustering: Embedded 27 entities
2026-08-24 19:51:32,925 INFO    ontocast.tool.agg.clustering: Clustering 27 entities...
2026-08-24 19:51:32,927 INFO    ontocast.tool.agg.clustering: Formed 10 clusters: 8 singletons, 2 multi-entity clusters, max cluster size: 16
2026-08-24 19:51:32,927 INFO    ontocast.tool.agg.clustering: Embedding 8 entity representations in parallel...
2026-08-24 19:51:33,027 INFO    ontocast.tool.agg.clustering: Embedded 8 entities
2026-08-24 19:51:33,027 INFO    ontocast.tool.agg.clustering: Clustering 8 entities...
2026-08-24 19:51:33,030 INFO    ontocast.tool.agg.clustering: Formed 7 clusters: 6 singletons, 1 multi-entity clusters, max cluster size: 2
2026-08-24 19:51:33,077 INFO    ontocast.tool.agg.aggregate: Rejected 131 candidate merges after symbolic validation
2026-08-24 19:51:33,078 INFO    ontocast.tool.agg.clustering: Created mapping for 85 entities to 70 representatives
2026-08-24 19:51:33,080 INFO    ontocast.tool.agg.uri_builder: Built URI mapping: 85 entities, 39 normalised
2026-08-24 19:51:33,101 INFO    ontocast.tool.agg.rewriter: Merged 1 unit graphs with provenance: 215 -> 521 triples (24 entities merged)
2026-08-24 19:51:33,101 INFO    ontocast.tool.agg.aggregate: Aggregation with metadata complete
2026-08-24 19:51:33,129 INFO    carry_forward: L6 done: 5 chunk(s) -> 524 triples in 68.3s -> input.L6.facts.ttl
2026-08-24 19:51:33,130 INFO    ontocast.agent.chunk_text: Chunking the text
2026-08-24 19:51:33,133 INFO    ontocast.agent.chunk_text: Created 6 chunks for processing: [4096, 3159, 3183, 3056, 4064, 2161]
2026-08-24 19:51:33,136 INFO    ontocast.agent.chunk_text: Created 6 content units: [4096, 3159, 3183, 3056, 4064, 2161]
2026-08-24 19:51:33,136 INFO    ontocast.agent.chunk_text: Section labels: (unlabeled)=6
2026-08-24 19:51:33,136 INFO    carry_forward: L7: 6 chunk(s), sizes=[4096, 3159, 3183, 3056, 4064, 2161]
2026-08-24 19:51:33,150 INFO    ontocast.stategraph.atomic: Ontology context for mode fixed_single_ontology: sources=['https://growgraph.dev/echr'] writable=['https://growgraph.dev/echr']
2026-08-24 19:51:33,150 INFO    ontocast.agent.render_facts: Render facts for content unit 1
2026-08-24 19:51:33,150 INFO    ontocast.agent.render_facts: Generating fresh facts as Turtle
2026-08-24 19:51:33,150 INFO    ontocast.agent.render_facts: Rendering fresh facts
2026-08-24 19:51:43,783 INFO    httpx: HTTP Request: POST http://localhost:8000/v1/chat/completions "HTTP/1.1 200 OK"
2026-08-24 19:51:43,843 INFO    ontocast.agent.render_facts: Fresh facts generated with 46 triple(s).
2026-08-24 19:51:43,843 INFO    ontocast.stategraph.atomic: Unit facts loop finishing on final render attempt 1/1 (skipping LLM critic; finding-driven repair renders may still run)
2026-08-24 19:51:43,846 INFO    carry_forward: L7 chunk 1/6: 4096 chars, carried 0 -> 46 triples (+46) in 10.7s
2026-08-24 19:51:43,860 INFO    ontocast.stategraph.atomic: Ontology context for mode fixed_single_ontology: sources=['https://growgraph.dev/echr'] writable=['https://growgraph.dev/echr']
2026-08-24 19:51:43,860 INFO    ontocast.agent.render_facts: Render facts for content unit 2
2026-08-24 19:51:43,860 INFO    ontocast.agent.render_facts: Generating facts update
2026-08-24 19:51:43,860 INFO    ontocast.agent.render_facts: Rendering updates for facts
2026-08-24 19:51:55,968 INFO    httpx: HTTP Request: POST http://localhost:8000/v1/chat/completions "HTTP/1.1 200 OK"
2026-08-24 19:51:56,565 INFO    ontocast.agent.render_facts: Facts update has 1 operation(s) with 60 total triple(s).
2026-08-24 19:51:56,565 INFO    ontocast.stategraph.atomic: Unit facts loop finishing on final render attempt 1/1 (skipping LLM critic; finding-driven repair renders may still run)
2026-08-24 19:51:56,571 INFO    carry_forward: L7 chunk 2/6: 3159 chars, carried 46 -> 106 triples (+60) in 12.7s
2026-08-24 19:51:56,585 INFO    ontocast.stategraph.atomic: Ontology context for mode fixed_single_ontology: sources=['https://growgraph.dev/echr'] writable=['https://growgraph.dev/echr']
2026-08-24 19:51:56,585 INFO    ontocast.agent.render_facts: Render facts for content unit 3
2026-08-24 19:51:56,585 INFO    ontocast.agent.render_facts: Generating facts update
2026-08-24 19:51:56,585 INFO    ontocast.agent.render_facts: Rendering updates for facts
2026-08-24 19:52:09,956 INFO    httpx: HTTP Request: POST http://localhost:8000/v1/chat/completions "HTTP/1.1 200 OK"
2026-08-24 19:52:10,049 WARNING ontocast.onto.rdfgraph: Recovering malformed Turtle after parse failure: at line 66 of <>:
Bad syntax (objectList expected) at ^ in:
"...b'ionState "United Kingdom" .\n\ncd:justice_potts_court echr:Par'^b'ty .\n\ncd:pre_trial_detention_belmarsh a echr:PreTrialDetenti'..."
2026-08-24 19:52:10,089 INFO    ontocast.agent.render_facts: Facts update has 1 operation(s) with 60 total triple(s).
2026-08-24 19:52:10,090 INFO    ontocast.stategraph.atomic: Unit facts loop finishing on final render attempt 1/1 (skipping LLM critic; finding-driven repair renders may still run)
2026-08-24 19:52:10,098 INFO    carry_forward: L7 chunk 3/6: 3183 chars, carried 106 -> 166 triples (+60) in 13.5s
2026-08-24 19:52:10,112 INFO    ontocast.stategraph.atomic: Ontology context for mode fixed_single_ontology: sources=['https://growgraph.dev/echr'] writable=['https://growgraph.dev/echr']
2026-08-24 19:52:10,112 INFO    ontocast.agent.render_facts: Render facts for content unit 4
2026-08-24 19:52:10,112 INFO    ontocast.agent.render_facts: Generating facts update
2026-08-24 19:52:10,112 INFO    ontocast.agent.render_facts: Rendering updates for facts
2026-08-24 19:52:21,263 INFO    httpx: HTTP Request: POST http://localhost:8000/v1/chat/completions "HTTP/1.1 200 OK"
2026-08-24 19:52:21,356 INFO    ontocast.agent.render_facts: Facts update has 1 operation(s) with 51 total triple(s).
2026-08-24 19:52:21,356 INFO    ontocast.stategraph.atomic: Unit facts loop finishing on final render attempt 1/1 (skipping LLM critic; finding-driven repair renders may still run)
2026-08-24 19:52:21,366 INFO    carry_forward: L7 chunk 4/6: 3056 chars, carried 166 -> 217 triples (+51) in 11.3s
2026-08-24 19:52:21,382 INFO    ontocast.stategraph.atomic: Ontology context for mode fixed_single_ontology: sources=['https://growgraph.dev/echr'] writable=['https://growgraph.dev/echr']
2026-08-24 19:52:21,383 INFO    ontocast.agent.render_facts: Render facts for content unit 5
2026-08-24 19:52:21,383 INFO    ontocast.agent.render_facts: Generating facts update
2026-08-24 19:52:21,383 INFO    ontocast.agent.render_facts: Rendering updates for facts
2026-08-24 19:52:24,710 INFO    httpx: HTTP Request: POST http://localhost:8000/v1/chat/completions "HTTP/1.1 200 OK"
2026-08-24 19:52:24,740 INFO    ontocast.agent.render_facts: Facts update has 1 operation(s) with 6 total triple(s).
2026-08-24 19:52:24,740 INFO    ontocast.stategraph.atomic: Unit facts loop finishing on final render attempt 1/1 (skipping LLM critic; finding-driven repair renders may still run)
2026-08-24 19:52:24,753 INFO    carry_forward: L7 chunk 5/6: 4064 chars, carried 217 -> 223 triples (+6) in 3.4s
2026-08-24 19:52:24,771 INFO    ontocast.stategraph.atomic: Ontology context for mode fixed_single_ontology: sources=['https://growgraph.dev/echr'] writable=['https://growgraph.dev/echr']
2026-08-24 19:52:24,771 INFO    ontocast.agent.render_facts: Render facts for content unit 6
2026-08-24 19:52:24,771 INFO    ontocast.agent.render_facts: Generating facts update
2026-08-24 19:52:24,771 INFO    ontocast.agent.render_facts: Rendering updates for facts
2026-08-24 19:52:30,715 INFO    httpx: HTTP Request: POST http://localhost:8000/v1/chat/completions "HTTP/1.1 200 OK"
2026-08-24 19:52:30,719 INFO    response_repair: response repair recovered a malformed reply (mismatched JSON container closer, 1409 chars)
2026-08-24 19:52:30,746 INFO    ontocast.agent.render_facts: Facts update has 1 operation(s) with 20 total triple(s).
2026-08-24 19:52:30,746 INFO    ontocast.stategraph.atomic: Unit facts loop finishing on final render attempt 1/1 (skipping LLM critic; finding-driven repair renders may still run)
2026-08-24 19:52:30,758 INFO    carry_forward: L7 chunk 6/6: 2161 chars, carried 223 -> 243 triples (+20) in 6.0s
2026-08-24 19:52:30,762 INFO    ontocast.tool.agg.aggregate: Starting aggregation with metadata for 1 units
2026-08-24 19:52:34,976 INFO    ontocast.tool.agg.aggregate: Aggregation entity classification stats: fact=45 known_ontology=2 tentative_ontology=48
2026-08-24 19:52:34,976 INFO    ontocast.tool.agg.clustering: Embedding 59 entity representations in parallel...
2026-08-24 19:52:36,228 INFO    ontocast.tool.agg.clustering: Embedded 59 entities
2026-08-24 19:52:36,228 INFO    ontocast.tool.agg.clustering: Clustering 59 entities...
2026-08-24 19:52:36,231 INFO    ontocast.tool.agg.clustering: Formed 20 clusters: 13 singletons, 7 multi-entity clusters, max cluster size: 26
2026-08-24 19:52:36,231 INFO    ontocast.tool.agg.clustering: Embedding 27 entity representations in parallel...
2026-08-24 19:52:36,902 INFO    ontocast.tool.agg.clustering: Embedded 27 entities
2026-08-24 19:52:36,902 INFO    ontocast.tool.agg.clustering: Clustering 27 entities...
2026-08-24 19:52:36,905 INFO    ontocast.tool.agg.clustering: Formed 9 clusters: 5 singletons, 4 multi-entity clusters, max cluster size: 14
2026-08-24 19:52:36,905 INFO    ontocast.tool.agg.clustering: Embedding 9 entity representations in parallel...
2026-08-24 19:52:37,011 INFO    ontocast.tool.agg.clustering: Embedded 9 entities
2026-08-24 19:52:37,011 INFO    ontocast.tool.agg.clustering: Clustering 9 entities...
2026-08-24 19:52:37,013 INFO    ontocast.tool.agg.clustering: Formed 9 clusters: 9 singletons, 0 multi-entity clusters, max cluster size: 1
2026-08-24 19:52:37,038 INFO    ontocast.tool.agg.aggregate: Rejected 153 candidate merges after symbolic validation
2026-08-24 19:52:37,039 INFO    ontocast.tool.agg.clustering: Created mapping for 95 entities to 94 representatives
2026-08-24 19:52:37,040 INFO    ontocast.tool.agg.uri_builder: Built URI mapping: 95 entities, 45 normalised
2026-08-24 19:52:37,066 INFO    ontocast.tool.agg.rewriter: Merged 1 unit graphs with provenance: 243 -> 734 triples (45 entities merged)
2026-08-24 19:52:37,067 INFO    ontocast.tool.agg.aggregate: Aggregation with metadata complete
2026-08-24 19:52:37,101 INFO    carry_forward: L7 done: 6 chunk(s) -> 737 triples in 64.0s -> input.L7.facts.ttl
2026-08-24 19:52:37,102 INFO    ontocast.agent.chunk_text: Chunking the text
2026-08-24 19:52:37,106 INFO    ontocast.agent.chunk_text: Created 6 chunks for processing: [3155, 3003, 3031, 3006, 3134, 4178]
2026-08-24 19:52:37,108 INFO    ontocast.agent.chunk_text: Created 6 content units: [3155, 3003, 3031, 3006, 3134, 4178]
2026-08-24 19:52:37,108 INFO    ontocast.agent.chunk_text: Section labels: (unlabeled)=6
2026-08-24 19:52:37,109 INFO    carry_forward: L8: 6 chunk(s), sizes=[3155, 3003, 3031, 3006, 3134, 4178]
2026-08-24 19:52:37,126 INFO    ontocast.stategraph.atomic: Ontology context for mode fixed_single_ontology: sources=['https://growgraph.dev/echr'] writable=['https://growgraph.dev/echr']
2026-08-24 19:52:37,126 INFO    ontocast.agent.render_facts: Render facts for content unit 1
2026-08-24 19:52:37,126 INFO    ontocast.agent.render_facts: Generating fresh facts as Turtle
2026-08-24 19:52:37,126 INFO    ontocast.agent.render_facts: Rendering fresh facts
2026-08-24 19:52:56,282 INFO    httpx: HTTP Request: POST http://localhost:8000/v1/chat/completions "HTTP/1.1 200 OK"
2026-08-24 19:52:56,432 INFO    ontocast.agent.render_facts: Fresh facts generated with 88 triple(s).
2026-08-24 19:52:56,432 INFO    ontocast.stategraph.atomic: Unit facts loop finishing on final render attempt 1/1 (skipping LLM critic; finding-driven repair renders may still run)
2026-08-24 19:52:56,436 INFO    carry_forward: L8 chunk 1/6: 3155 chars, carried 0 -> 88 triples (+88) in 19.3s
2026-08-24 19:52:56,448 INFO    ontocast.stategraph.atomic: Ontology context for mode fixed_single_ontology: sources=['https://growgraph.dev/echr'] writable=['https://growgraph.dev/echr']
2026-08-24 19:52:56,449 INFO    ontocast.agent.render_facts: Render facts for content unit 2
2026-08-24 19:52:56,449 INFO    ontocast.agent.render_facts: Generating facts update
2026-08-24 19:52:56,449 INFO    ontocast.agent.render_facts: Rendering updates for facts
2026-08-24 19:53:09,288 INFO    httpx: HTTP Request: POST http://localhost:8000/v1/chat/completions "HTTP/1.1 200 OK"
2026-08-24 19:53:09,397 INFO    ontocast.agent.render_facts: Facts update has 1 operation(s) with 54 total triple(s).
2026-08-24 19:53:09,397 INFO    ontocast.stategraph.atomic: Unit facts loop finishing on final render attempt 1/1 (skipping LLM critic; finding-driven repair renders may still run)
2026-08-24 19:53:09,404 INFO    carry_forward: L8 chunk 2/6: 3003 chars, carried 88 -> 142 triples (+54) in 13.0s
2026-08-24 19:53:09,418 INFO    ontocast.stategraph.atomic: Ontology context for mode fixed_single_ontology: sources=['https://growgraph.dev/echr'] writable=['https://growgraph.dev/echr']
2026-08-24 19:53:09,418 INFO    ontocast.agent.render_facts: Render facts for content unit 3
2026-08-24 19:53:09,418 INFO    ontocast.agent.render_facts: Generating facts update
2026-08-24 19:53:09,418 INFO    ontocast.agent.render_facts: Rendering updates for facts
2026-08-24 19:53:23,523 INFO    httpx: HTTP Request: POST http://localhost:8000/v1/chat/completions "HTTP/1.1 200 OK"
2026-08-24 19:53:23,527 INFO    response_repair: response repair recovered a malformed reply (mismatched JSON container closer, 3603 chars)
2026-08-24 19:53:23,581 INFO    ontocast.agent.render_facts: Facts update has 1 operation(s) with 65 total triple(s).
2026-08-24 19:53:23,581 INFO    ontocast.stategraph.atomic: Unit facts loop finishing on final render attempt 1/1 (skipping LLM critic; finding-driven repair renders may still run)
2026-08-24 19:53:23,590 INFO    carry_forward: L8 chunk 3/6: 3031 chars, carried 142 -> 207 triples (+65) in 14.2s
2026-08-24 19:53:23,605 INFO    ontocast.stategraph.atomic: Ontology context for mode fixed_single_ontology: sources=['https://growgraph.dev/echr'] writable=['https://growgraph.dev/echr']
2026-08-24 19:53:23,606 INFO    ontocast.agent.render_facts: Render facts for content unit 4
2026-08-24 19:53:23,606 INFO    ontocast.agent.render_facts: Generating facts update
2026-08-24 19:53:23,606 INFO    ontocast.agent.render_facts: Rendering updates for facts
2026-08-24 19:53:38,370 INFO    httpx: HTTP Request: POST http://localhost:8000/v1/chat/completions "HTTP/1.1 200 OK"
2026-08-24 19:53:38,506 INFO    ontocast.agent.render_facts: Facts update has 1 operation(s) with 67 total triple(s).
2026-08-24 19:53:38,506 INFO    ontocast.stategraph.atomic: Unit facts loop finishing on final render attempt 1/1 (skipping LLM critic; finding-driven repair renders may still run)
2026-08-24 19:53:38,517 INFO    carry_forward: L8 chunk 4/6: 3006 chars, carried 207 -> 274 triples (+67) in 14.9s
2026-08-24 19:53:38,533 INFO    ontocast.stategraph.atomic: Ontology context for mode fixed_single_ontology: sources=['https://growgraph.dev/echr'] writable=['https://growgraph.dev/echr']
2026-08-24 19:53:38,533 INFO    ontocast.agent.render_facts: Render facts for content unit 5
2026-08-24 19:53:38,533 INFO    ontocast.agent.render_facts: Generating facts update
2026-08-24 19:53:38,533 INFO    ontocast.agent.render_facts: Rendering updates for facts
2026-08-24 19:53:54,251 INFO    httpx: HTTP Request: POST http://localhost:8000/v1/chat/completions "HTTP/1.1 200 OK"
2026-08-24 19:53:54,392 INFO    ontocast.agent.render_facts: Facts update has 1 operation(s) with 56 total triple(s).
2026-08-24 19:53:54,392 INFO    ontocast.stategraph.atomic: Unit facts loop finishing on final render attempt 1/1 (skipping LLM critic; finding-driven repair renders may still run)
2026-08-24 19:53:54,407 INFO    carry_forward: L8 chunk 5/6: 3134 chars, carried 274 -> 330 triples (+56) in 15.9s
2026-08-24 19:53:54,425 INFO    ontocast.stategraph.atomic: Ontology context for mode fixed_single_ontology: sources=['https://growgraph.dev/echr'] writable=['https://growgraph.dev/echr']
2026-08-24 19:53:54,425 INFO    ontocast.agent.render_facts: Render facts for content unit 6
2026-08-24 19:53:54,425 INFO    ontocast.agent.render_facts: Generating facts update
2026-08-24 19:53:54,425 INFO    ontocast.agent.render_facts: Rendering updates for facts
2026-08-24 19:54:13,564 INFO    httpx: HTTP Request: POST http://localhost:8000/v1/chat/completions "HTTP/1.1 200 OK"
2026-08-24 19:54:13,766 INFO    ontocast.agent.render_facts: Facts update has 1 operation(s) with 84 total triple(s).
2026-08-24 19:54:13,767 INFO    ontocast.stategraph.atomic: Unit facts loop finishing on final render attempt 1/1 (skipping LLM critic; finding-driven repair renders may still run)
2026-08-24 19:54:13,783 INFO    carry_forward: L8 chunk 6/6: 4178 chars, carried 330 -> 414 triples (+84) in 19.4s
2026-08-24 19:54:13,789 INFO    ontocast.tool.agg.aggregate: Starting aggregation with metadata for 1 units
2026-08-24 19:54:25,989 INFO    ontocast.tool.agg.aggregate: Aggregation entity classification stats: fact=71 known_ontology=2 tentative_ontology=63
2026-08-24 19:54:25,990 INFO    ontocast.tool.agg.clustering: Embedding 93 entity representations in parallel...
2026-08-24 19:54:27,979 INFO    ontocast.tool.agg.clustering: Embedded 93 entities
2026-08-24 19:54:27,979 INFO    ontocast.tool.agg.clustering: Clustering 93 entities...
2026-08-24 19:54:27,982 INFO    ontocast.tool.agg.clustering: Formed 25 clusters: 15 singletons, 10 multi-entity clusters, max cluster size: 52
2026-08-24 19:54:27,982 INFO    ontocast.tool.agg.clustering: Embedding 32 entity representations in parallel...
2026-08-24 19:54:28,801 INFO    ontocast.tool.agg.clustering: Embedded 32 entities
2026-08-24 19:54:28,801 INFO    ontocast.tool.agg.clustering: Clustering 32 entities...
2026-08-24 19:54:28,803 INFO    ontocast.tool.agg.clustering: Formed 9 clusters: 4 singletons, 5 multi-entity clusters, max cluster size: 19
2026-08-24 19:54:28,803 INFO    ontocast.tool.agg.clustering: Embedding 11 entity representations in parallel...
2026-08-24 19:54:28,930 INFO    ontocast.tool.agg.clustering: Embedded 11 entities
2026-08-24 19:54:28,930 INFO    ontocast.tool.agg.clustering: Clustering 11 entities...
2026-08-24 19:54:28,932 INFO    ontocast.tool.agg.clustering: Formed 9 clusters: 7 singletons, 2 multi-entity clusters, max cluster size: 2
2026-08-24 19:54:29,001 INFO    ontocast.tool.agg.aggregate: Rejected 273 candidate merges after symbolic validation
2026-08-24 19:54:29,001 INFO    ontocast.tool.agg.clustering: Created mapping for 136 entities to 130 representatives
2026-08-24 19:54:29,002 INFO    ontocast.tool.agg.uri_builder: Built URI mapping: 136 entities, 71 normalised
2026-08-24 19:54:29,026 INFO    ontocast.tool.agg.rewriter: Merged 1 unit graphs with provenance: 414 -> 1217 triples (67 entities merged)
2026-08-24 19:54:29,026 INFO    ontocast.tool.agg.aggregate: Aggregation with metadata complete
2026-08-24 19:54:29,076 INFO    carry_forward: L8 done: 6 chunk(s) -> 1220 triples in 112.0s -> input.L8.facts.ttl
2026-08-24 19:54:29,078 INFO    ontocast.agent.chunk_text: Chunking the text
2026-08-24 19:54:29,081 INFO    ontocast.agent.chunk_text: Created 5 chunks for processing: [3907, 3148, 3240, 5134, 2207]
2026-08-24 19:54:29,083 INFO    ontocast.agent.chunk_text: Created 5 content units: [3907, 3148, 3240, 5134, 2207]
2026-08-24 19:54:29,083 INFO    ontocast.agent.chunk_text: Section labels: (unlabeled)=5
2026-08-24 19:54:29,083 INFO    carry_forward: L9: 5 chunk(s), sizes=[3907, 3148, 3240, 5134, 2207]
2026-08-24 19:54:29,094 INFO    ontocast.stategraph.atomic: Ontology context for mode fixed_single_ontology: sources=['https://growgraph.dev/echr'] writable=['https://growgraph.dev/echr']
2026-08-24 19:54:29,095 INFO    ontocast.agent.render_facts: Render facts for content unit 1
2026-08-24 19:54:29,095 INFO    ontocast.agent.render_facts: Generating fresh facts as Turtle
2026-08-24 19:54:29,095 INFO    ontocast.agent.render_facts: Rendering fresh facts
2026-08-24 19:54:43,600 INFO    httpx: HTTP Request: POST http://localhost:8000/v1/chat/completions "HTTP/1.1 200 OK"
2026-08-24 19:54:43,682 INFO    ontocast.agent.render_facts: Fresh facts generated with 65 triple(s).
2026-08-24 19:54:43,682 INFO    ontocast.stategraph.atomic: Unit facts loop finishing on final render attempt 1/1 (skipping LLM critic; finding-driven repair renders may still run)
2026-08-24 19:54:43,687 INFO    carry_forward: L9 chunk 1/5: 3907 chars, carried 0 -> 65 triples (+65) in 14.6s
2026-08-24 19:54:43,702 INFO    ontocast.stategraph.atomic: Ontology context for mode fixed_single_ontology: sources=['https://growgraph.dev/echr'] writable=['https://growgraph.dev/echr']
2026-08-24 19:54:43,703 INFO    ontocast.agent.render_facts: Render facts for content unit 2
2026-08-24 19:54:43,703 INFO    ontocast.agent.render_facts: Generating facts update
2026-08-24 19:54:43,703 INFO    ontocast.agent.render_facts: Rendering updates for facts
2026-08-24 19:54:58,151 INFO    httpx: HTTP Request: POST http://localhost:8000/v1/chat/completions "HTTP/1.1 200 OK"
2026-08-24 19:54:58,282 INFO    ontocast.agent.render_facts: Facts update has 1 operation(s) with 71 total triple(s).
2026-08-24 19:54:58,282 INFO    ontocast.stategraph.atomic: Unit facts loop finishing on final render attempt 1/1 (skipping LLM critic; finding-driven repair renders may still run)
2026-08-24 19:54:58,289 INFO    carry_forward: L9 chunk 2/5: 3148 chars, carried 65 -> 136 triples (+71) in 14.6s
2026-08-24 19:54:58,304 INFO    ontocast.stategraph.atomic: Ontology context for mode fixed_single_ontology: sources=['https://growgraph.dev/echr'] writable=['https://growgraph.dev/echr']
2026-08-24 19:54:58,304 INFO    ontocast.agent.render_facts: Render facts for content unit 3
2026-08-24 19:54:58,304 INFO    ontocast.agent.render_facts: Generating facts update
2026-08-24 19:54:58,304 INFO    ontocast.agent.render_facts: Rendering updates for facts
2026-08-24 19:55:06,335 INFO    httpx: HTTP Request: POST http://localhost:8000/v1/chat/completions "HTTP/1.1 200 OK"
2026-08-24 19:55:06,338 INFO    response_repair: response repair recovered a malformed reply (mismatched JSON container closer, 2105 chars)
2026-08-24 19:55:06,367 INFO    ontocast.agent.render_facts: Facts update has 1 operation(s) with 29 total triple(s).
2026-08-24 19:55:06,367 INFO    ontocast.stategraph.atomic: Unit facts loop finishing on final render attempt 1/1 (skipping LLM critic; finding-driven repair renders may still run)
2026-08-24 19:55:06,376 INFO    carry_forward: L9 chunk 3/5: 3240 chars, carried 136 -> 165 triples (+29) in 8.1s
2026-08-24 19:55:06,392 INFO    ontocast.stategraph.atomic: Ontology context for mode fixed_single_ontology: sources=['https://growgraph.dev/echr'] writable=['https://growgraph.dev/echr']
2026-08-24 19:55:06,392 INFO    ontocast.agent.render_facts: Render facts for content unit 4
2026-08-24 19:55:06,392 INFO    ontocast.agent.render_facts: Generating facts update
2026-08-24 19:55:06,392 INFO    ontocast.agent.render_facts: Rendering updates for facts
2026-08-24 19:55:23,952 INFO    httpx: HTTP Request: POST http://localhost:8000/v1/chat/completions "HTTP/1.1 200 OK"
2026-08-24 19:55:24,106 INFO    ontocast.agent.render_facts: Facts update has 1 operation(s) with 76 total triple(s).
2026-08-24 19:55:24,106 INFO    ontocast.stategraph.atomic: Unit facts loop finishing on final render attempt 1/1 (skipping LLM critic; finding-driven repair renders may still run)
2026-08-24 19:55:24,117 INFO    carry_forward: L9 chunk 4/5: 5134 chars, carried 165 -> 241 triples (+76) in 17.7s
2026-08-24 19:55:24,132 INFO    ontocast.stategraph.atomic: Ontology context for mode fixed_single_ontology: sources=['https://growgraph.dev/echr'] writable=['https://growgraph.dev/echr']
2026-08-24 19:55:24,132 INFO    ontocast.agent.render_facts: Render facts for content unit 5
2026-08-24 19:55:24,132 INFO    ontocast.agent.render_facts: Generating facts update
2026-08-24 19:55:24,132 INFO    ontocast.agent.render_facts: Rendering updates for facts
2026-08-24 19:55:35,621 INFO    httpx: HTTP Request: POST http://localhost:8000/v1/chat/completions "HTTP/1.1 200 OK"
2026-08-24 19:55:35,723 INFO    ontocast.agent.render_facts: Facts update has 1 operation(s) with 52 total triple(s).
2026-08-24 19:55:35,723 INFO    ontocast.stategraph.atomic: Unit facts loop finishing on final render attempt 1/1 (skipping LLM critic; finding-driven repair renders may still run)
2026-08-24 19:55:35,735 INFO    carry_forward: L9 chunk 5/5: 2207 chars, carried 241 -> 293 triples (+52) in 11.6s
2026-08-24 19:55:35,738 INFO    ontocast.tool.agg.aggregate: Starting aggregation with metadata for 1 units
2026-08-24 19:55:41,528 INFO    ontocast.tool.agg.aggregate: Aggregation entity classification stats: fact=55 known_ontology=2 tentative_ontology=54
2026-08-24 19:55:41,528 INFO    ontocast.tool.agg.clustering: Embedding 71 entity representations in parallel...
2026-08-24 19:55:43,185 INFO    ontocast.tool.agg.clustering: Embedded 71 entities
2026-08-24 19:55:43,186 INFO    ontocast.tool.agg.clustering: Clustering 71 entities...
2026-08-24 19:55:43,191 INFO    ontocast.tool.agg.clustering: Formed 19 clusters: 13 singletons, 6 multi-entity clusters, max cluster size: 43
2026-08-24 19:55:43,191 INFO    ontocast.tool.agg.clustering: Embedding 30 entity representations in parallel...
2026-08-24 19:55:43,855 INFO    ontocast.tool.agg.clustering: Embedded 30 entities
2026-08-24 19:55:43,855 INFO    ontocast.tool.agg.clustering: Clustering 30 entities...
2026-08-24 19:55:43,860 INFO    ontocast.tool.agg.clustering: Formed 15 clusters: 11 singletons, 4 multi-entity clusters, max cluster size: 11
2026-08-24 19:55:43,860 INFO    ontocast.tool.agg.clustering: Embedding 10 entity representations in parallel...
2026-08-24 19:55:44,023 INFO    ontocast.tool.agg.clustering: Embedded 10 entities
2026-08-24 19:55:44,023 INFO    ontocast.tool.agg.clustering: Clustering 10 entities...
2026-08-24 19:55:44,027 INFO    ontocast.tool.agg.clustering: Formed 8 clusters: 7 singletons, 1 multi-entity clusters, max cluster size: 3
2026-08-24 19:55:44,083 INFO    ontocast.tool.agg.aggregate: Rejected 262 candidate merges after symbolic validation
2026-08-24 19:55:44,084 INFO    ontocast.tool.agg.clustering: Created mapping for 111 entities to 108 representatives
2026-08-24 19:55:44,085 INFO    ontocast.tool.agg.uri_builder: Built URI mapping: 111 entities, 55 normalised
2026-08-24 19:55:44,101 INFO    ontocast.tool.agg.rewriter: Merged 1 unit graphs with provenance: 293 -> 866 triples (53 entities merged)
2026-08-24 19:55:44,101 INFO    ontocast.tool.agg.aggregate: Aggregation with metadata complete
2026-08-24 19:55:44,140 INFO    carry_forward: L9 done: 5 chunk(s) -> 869 triples in 75.1s -> input.L9.facts.ttl
2026-08-24 19:55:44,142 INFO    ontocast.agent.chunk_text: Chunking the text
2026-08-24 19:55:44,146 INFO    ontocast.agent.chunk_text: Created 11 chunks for processing: [3012, 3687, 3891, 3169, 3288, 3222, 3803, 3123, 3707, 3929, 3434]
2026-08-24 19:55:44,149 INFO    ontocast.agent.chunk_text: Created 11 content units: [3012, 3687, 3891, 3169, 3288, 3222, 3803, 3123, 3707, 3929, 3434]
2026-08-24 19:55:44,149 INFO    ontocast.agent.chunk_text: Section labels: (unlabeled)=11
2026-08-24 19:55:44,150 INFO    carry_forward: L10: 11 chunk(s), sizes=[3012, 3687, 3891, 3169, 3288, 3222, 3803, 3123, 3707, 3929, 3434]
2026-08-24 19:55:44,162 INFO    ontocast.stategraph.atomic: Ontology context for mode fixed_single_ontology: sources=['https://growgraph.dev/echr'] writable=['https://growgraph.dev/echr']
2026-08-24 19:55:44,163 INFO    ontocast.agent.render_facts: Render facts for content unit 1
2026-08-24 19:55:44,163 INFO    ontocast.agent.render_facts: Generating fresh facts as Turtle
2026-08-24 19:55:44,163 INFO    ontocast.agent.render_facts: Rendering fresh facts
2026-08-24 19:55:52,722 INFO    httpx: HTTP Request: POST http://localhost:8000/v1/chat/completions "HTTP/1.1 200 OK"
2026-08-24 19:55:52,760 INFO    ontocast.agent.render_facts: Fresh facts generated with 42 triple(s).
2026-08-24 19:55:52,760 INFO    ontocast.stategraph.atomic: Unit facts loop finishing on final render attempt 1/1 (skipping LLM critic; finding-driven repair renders may still run)
2026-08-24 19:55:52,763 INFO    carry_forward: L10 chunk 1/11: 3012 chars, carried 0 -> 42 triples (+42) in 8.6s
2026-08-24 19:55:52,775 INFO    ontocast.stategraph.atomic: Ontology context for mode fixed_single_ontology: sources=['https://growgraph.dev/echr'] writable=['https://growgraph.dev/echr']
2026-08-24 19:55:52,776 INFO    ontocast.agent.render_facts: Render facts for content unit 2
2026-08-24 19:55:52,776 INFO    ontocast.agent.render_facts: Generating facts update
2026-08-24 19:55:52,776 INFO    ontocast.agent.render_facts: Rendering updates for facts
2026-08-24 19:56:08,389 INFO    httpx: HTTP Request: POST http://localhost:8000/v1/chat/completions "HTTP/1.1 200 OK"
2026-08-24 19:56:08,571 INFO    ontocast.agent.render_facts: Facts update has 1 operation(s) with 78 total triple(s).
2026-08-24 19:56:08,571 INFO    ontocast.stategraph.atomic: Unit facts loop finishing on final render attempt 1/1 (skipping LLM critic; finding-driven repair renders may still run)
2026-08-24 19:56:08,579 INFO    carry_forward: L10 chunk 2/11: 3687 chars, carried 42 -> 120 triples (+78) in 15.8s
2026-08-24 19:56:08,592 INFO    ontocast.stategraph.atomic: Ontology context for mode fixed_single_ontology: sources=['https://growgraph.dev/echr'] writable=['https://growgraph.dev/echr']
2026-08-24 19:56:08,592 INFO    ontocast.agent.render_facts: Render facts for content unit 3
2026-08-24 19:56:08,593 INFO    ontocast.agent.render_facts: Generating facts update
2026-08-24 19:56:08,593 INFO    ontocast.agent.render_facts: Rendering updates for facts
2026-08-24 19:56:42,890 INFO    httpx: HTTP Request: POST http://localhost:8000/v1/chat/completions "HTTP/1.1 200 OK"
2026-08-24 19:56:43,491 INFO    ontocast.agent.render_facts: Facts update has 1 operation(s) with 168 total triple(s).
2026-08-24 19:56:43,491 INFO    ontocast.stategraph.atomic: Unit facts loop finishing on final render attempt 1/1 (skipping LLM critic; finding-driven repair renders may still run)
2026-08-24 19:56:43,499 INFO    carry_forward: L10 chunk 3/11: 3891 chars, carried 120 -> 288 triples (+168) in 34.9s
2026-08-24 19:56:43,511 INFO    ontocast.stategraph.atomic: Ontology context for mode fixed_single_ontology: sources=['https://growgraph.dev/echr'] writable=['https://growgraph.dev/echr']
2026-08-24 19:56:43,511 INFO    ontocast.agent.render_facts: Render facts for content unit 4
2026-08-24 19:56:43,511 INFO    ontocast.agent.render_facts: Generating facts update
2026-08-24 19:56:43,511 INFO    ontocast.agent.render_facts: Rendering updates for facts
2026-08-24 19:57:18,577 INFO    httpx: HTTP Request: POST http://localhost:8000/v1/chat/completions "HTTP/1.1 200 OK"
2026-08-24 19:57:19,214 INFO    ontocast.agent.render_facts: Facts update has 1 operation(s) with 162 total triple(s).
2026-08-24 19:57:19,214 INFO    ontocast.stategraph.atomic: Unit facts loop finishing on final render attempt 1/1 (skipping LLM critic; finding-driven repair renders may still run)
2026-08-24 19:57:19,230 INFO    carry_forward: L10 chunk 4/11: 3169 chars, carried 288 -> 450 triples (+162) in 35.7s
2026-08-24 19:57:19,251 INFO    ontocast.stategraph.atomic: Ontology context for mode fixed_single_ontology: sources=['https://growgraph.dev/echr'] writable=['https://growgraph.dev/echr']
2026-08-24 19:57:19,251 INFO    ontocast.agent.render_facts: Render facts for content unit 5
2026-08-24 19:57:19,251 INFO    ontocast.agent.render_facts: Generating facts update
2026-08-24 19:57:19,251 INFO    ontocast.agent.render_facts: Rendering updates for facts
2026-08-24 19:57:46,284 INFO    httpx: HTTP Request: POST http://localhost:8000/v1/chat/completions "HTTP/1.1 200 OK"
2026-08-24 19:57:46,699 INFO    ontocast.agent.render_facts: Facts update has 1 operation(s) with 137 total triple(s).
2026-08-24 19:57:46,699 INFO    ontocast.stategraph.atomic: Unit facts loop finishing on final render attempt 1/1 (skipping LLM critic; finding-driven repair renders may still run)
2026-08-24 19:57:46,720 INFO    carry_forward: L10 chunk 5/11: 3288 chars, carried 450 -> 587 triples (+137) in 27.5s
2026-08-24 19:57:46,743 INFO    ontocast.stategraph.atomic: Ontology context for mode fixed_single_ontology: sources=['https://growgraph.dev/echr'] writable=['https://growgraph.dev/echr']
2026-08-24 19:57:46,743 INFO    ontocast.agent.render_facts: Render facts for content unit 6
2026-08-24 19:57:46,743 INFO    ontocast.agent.render_facts: Generating facts update
2026-08-24 19:57:46,744 INFO    ontocast.agent.render_facts: Rendering updates for facts
2026-08-24 19:58:19,914 INFO    httpx: HTTP Request: POST http://localhost:8000/v1/chat/completions "HTTP/1.1 200 OK"
2026-08-24 19:58:20,431 INFO    ontocast.agent.render_facts: Facts update has 1 operation(s) with 150 total triple(s).
2026-08-24 19:58:20,431 INFO    ontocast.stategraph.atomic: Unit facts loop finishing on final render attempt 1/1 (skipping LLM critic; finding-driven repair renders may still run)
2026-08-24 19:58:20,461 INFO    carry_forward: L10 chunk 6/11: 3222 chars, carried 587 -> 737 triples (+150) in 33.7s
2026-08-24 19:58:20,489 INFO    ontocast.stategraph.atomic: Ontology context for mode fixed_single_ontology: sources=['https://growgraph.dev/echr'] writable=['https://growgraph.dev/echr']
2026-08-24 19:58:20,489 INFO    ontocast.agent.render_facts: Render facts for content unit 7
2026-08-24 19:58:20,489 INFO    ontocast.agent.render_facts: Generating facts update
2026-08-24 19:58:20,489 INFO    ontocast.agent.render_facts: Rendering updates for facts
2026-08-24 19:58:30,635 INFO    httpx: HTTP Request: POST http://localhost:8000/v1/chat/completions "HTTP/1.1 200 OK"
2026-08-24 19:58:30,706 INFO    ontocast.agent.render_facts: Facts update has 1 operation(s) with 31 total triple(s).
2026-08-24 19:58:30,706 INFO    ontocast.stategraph.atomic: Unit facts loop finishing on final render attempt 1/1 (skipping LLM critic; finding-driven repair renders may still run)
2026-08-24 19:58:30,733 INFO    carry_forward: L10 chunk 7/11: 3803 chars, carried 737 -> 768 triples (+31) in 10.2s
2026-08-24 19:58:30,760 INFO    ontocast.stategraph.atomic: Ontology context for mode fixed_single_ontology: sources=['https://growgraph.dev/echr'] writable=['https://growgraph.dev/echr']
2026-08-24 19:58:30,760 INFO    ontocast.agent.render_facts: Render facts for content unit 8
2026-08-24 19:58:30,760 INFO    ontocast.agent.render_facts: Generating facts update
2026-08-24 19:58:30,760 INFO    ontocast.agent.render_facts: Rendering updates for facts
2026-08-24 19:58:37,108 INFO    httpx: HTTP Request: POST http://localhost:8000/v1/chat/completions "HTTP/1.1 200 OK"
2026-08-24 19:58:37,158 INFO    ontocast.agent.render_facts: Facts update has 1 operation(s) with 18 total triple(s).
2026-08-24 19:58:37,158 INFO    ontocast.stategraph.atomic: Unit facts loop finishing on final render attempt 1/1 (skipping LLM critic; finding-driven repair renders may still run)
2026-08-24 19:58:37,189 INFO    carry_forward: L10 chunk 8/11: 3123 chars, carried 768 -> 786 triples (+18) in 6.4s
2026-08-24 19:58:37,216 INFO    ontocast.stategraph.atomic: Ontology context for mode fixed_single_ontology: sources=['https://growgraph.dev/echr'] writable=['https://growgraph.dev/echr']
2026-08-24 19:58:37,216 INFO    ontocast.agent.render_facts: Render facts for content unit 9
2026-08-24 19:58:37,216 INFO    ontocast.agent.render_facts: Generating facts update
2026-08-24 19:58:37,216 INFO    ontocast.agent.render_facts: Rendering updates for facts
2026-08-24 19:58:41,273 INFO    httpx: HTTP Request: POST http://localhost:8000/v1/chat/completions "HTTP/1.1 200 OK"
2026-08-24 19:58:41,304 INFO    ontocast.agent.render_facts: Facts update has 1 operation(s) with 6 total triple(s).
2026-08-24 19:58:41,305 INFO    ontocast.stategraph.atomic: Unit facts loop finishing on final render attempt 1/1 (skipping LLM critic; finding-driven repair renders may still run)
2026-08-24 19:58:41,335 INFO    carry_forward: L10 chunk 9/11: 3707 chars, carried 786 -> 792 triples (+6) in 4.1s
2026-08-24 19:58:41,362 INFO    ontocast.stategraph.atomic: Ontology context for mode fixed_single_ontology: sources=['https://growgraph.dev/echr'] writable=['https://growgraph.dev/echr']
2026-08-24 19:58:41,362 INFO    ontocast.agent.render_facts: Render facts for content unit 10
2026-08-24 19:58:41,362 INFO    ontocast.agent.render_facts: Generating facts update
2026-08-24 19:58:41,362 INFO    ontocast.agent.render_facts: Rendering updates for facts
2026-08-24 19:58:47,008 INFO    httpx: HTTP Request: POST http://localhost:8000/v1/chat/completions "HTTP/1.1 200 OK"
2026-08-24 19:58:47,046 INFO    ontocast.agent.render_facts: Facts update has 1 operation(s) with 12 total triple(s).
2026-08-24 19:58:47,046 INFO    ontocast.stategraph.atomic: Unit facts loop finishing on final render attempt 1/1 (skipping LLM critic; finding-driven repair renders may still run)
2026-08-24 19:58:47,076 INFO    carry_forward: L10 chunk 10/11: 3929 chars, carried 792 -> 804 triples (+12) in 5.7s
2026-08-24 19:58:47,102 INFO    ontocast.stategraph.atomic: Ontology context for mode fixed_single_ontology: sources=['https://growgraph.dev/echr'] writable=['https://growgraph.dev/echr']
2026-08-24 19:58:47,102 INFO    ontocast.agent.render_facts: Render facts for content unit 11
2026-08-24 19:58:47,102 INFO    ontocast.agent.render_facts: Generating facts update
2026-08-24 19:58:47,102 INFO    ontocast.agent.render_facts: Rendering updates for facts
2026-08-24 19:59:00,544 INFO    httpx: HTTP Request: POST http://localhost:8000/v1/chat/completions "HTTP/1.1 200 OK"
2026-08-24 19:59:00,645 INFO    ontocast.agent.render_facts: Facts update has 1 operation(s) with 45 total triple(s).
2026-08-24 19:59:00,646 INFO    ontocast.stategraph.atomic: Unit facts loop finishing on final render attempt 1/1 (skipping LLM critic; finding-driven repair renders may still run)
2026-08-24 19:59:00,677 INFO    carry_forward: L10 chunk 11/11: 3434 chars, carried 804 -> 849 triples (+45) in 13.6s
2026-08-24 19:59:00,687 INFO    ontocast.tool.agg.aggregate: Starting aggregation with metadata for 1 units
2026-08-24 19:59:51,922 INFO    ontocast.tool.agg.aggregate: Aggregation entity classification stats: fact=138 known_ontology=2 tentative_ontology=47
2026-08-24 19:59:51,922 INFO    ontocast.tool.agg.clustering: Embedding 154 entity representations in parallel...

Batches:   0%|          | 0/5 [00:00<?, ?it/s]
Batches:  20%|██        | 1/5 [00:00<00:03,  1.30it/s]
Batches:  40%|████      | 2/5 [00:01<00:02,  1.29it/s]
Batches:  60%|██████    | 3/5 [00:02<00:01,  1.28it/s]
Batches:  80%|████████  | 4/5 [00:03<00:00,  1.27it/s]
Batches: 100%|██████████| 5/5 [00:03<00:00,  1.46it/s]
Batches: 100%|██████████| 5/5 [00:03<00:00,  1.38it/s]
2026-08-24 19:59:55,555 INFO    ontocast.tool.agg.clustering: Embedded 154 entities
2026-08-24 19:59:55,555 INFO    ontocast.tool.agg.clustering: Clustering 154 entities...
2026-08-24 19:59:55,574 INFO    ontocast.tool.agg.clustering: Formed 20 clusters: 14 singletons, 6 multi-entity clusters, max cluster size: 128
2026-08-24 19:59:55,574 INFO    ontocast.tool.agg.clustering: Embedding 25 entity representations in parallel...
2026-08-24 19:59:56,303 INFO    ontocast.tool.agg.clustering: Embedded 25 entities
2026-08-24 19:59:56,303 INFO    ontocast.tool.agg.clustering: Clustering 25 entities...
2026-08-24 19:59:56,307 INFO    ontocast.tool.agg.clustering: Formed 8 clusters: 4 singletons, 4 multi-entity clusters, max cluster size: 12
2026-08-24 19:59:56,307 INFO    ontocast.tool.agg.clustering: Embedding 8 entity representations in parallel...
2026-08-24 19:59:56,460 INFO    ontocast.tool.agg.clustering: Embedded 8 entities
2026-08-24 19:59:56,461 INFO    ontocast.tool.agg.clustering: Clustering 8 entities...
2026-08-24 19:59:56,463 INFO    ontocast.tool.agg.clustering: Formed 6 clusters: 5 singletons, 1 multi-entity clusters, max cluster size: 3
2026-08-24 19:59:56,880 INFO    ontocast.tool.agg.aggregate: Rejected 887 candidate merges after symbolic validation
2026-08-24 19:59:56,881 INFO    ontocast.tool.agg.clustering: Created mapping for 187 entities to 173 representatives
2026-08-24 19:59:56,882 INFO    ontocast.tool.agg.uri_builder: Built URI mapping: 187 entities, 138 normalised
2026-08-24 19:59:56,907 INFO    ontocast.tool.agg.rewriter: Merged 1 unit graphs with provenance: 849 -> 2444 triples (126 entities merged)
2026-08-24 19:59:56,908 INFO    ontocast.tool.agg.aggregate: Aggregation with metadata complete
2026-08-24 19:59:56,962 INFO    carry_forward: L10 done: 11 chunk(s) -> 2447 triples in 252.8s -> input.L10.facts.ttl

==============================================================================
CARRY-FORWARD SUMMARY
==============================================================================
rec   chunks    chars  triples     sec  output
L1         6   23,991     1268   131.9  input.L1.facts.ttl
L2         9   34,543      647    65.0  input.L2.facts.ttl
L3         8   28,852     1493   156.3  input.L3.facts.ttl
L4         7   25,231     1370   137.2  input.L4.facts.ttl
L5         7   26,536      788    83.7  input.L5.facts.ttl
L6         5   17,294      524    68.3  input.L6.facts.ttl
L7         6   19,719      737    64.0  input.L7.facts.ttl
L8         6   19,507     1220   112.0  input.L8.facts.ttl
L9         5   17,636      869    75.1  input.L9.facts.ttl
L10       11   38,265     2447   252.8  input.L10.facts.ttl

  L1 per-chunk:
    chunk 1:   3,689 chars  carried_in=   0  out=  30  (+ 30)     9.7s  success
    chunk 2:   3,126 chars  carried_in=  30  out= 113  (+ 83)    20.7s  success
    chunk 3:   4,491 chars  carried_in= 113  out= 162  (+ 49)    18.1s  success
    chunk 4:   3,821 chars  carried_in= 162  out= 222  (+ 60)    14.7s  success
    chunk 5:   3,050 chars  carried_in= 222  out= 303  (+ 81)    17.8s  success
    chunk 6:   5,814 chars  carried_in= 303  out= 423  (+120)    27.5s  success

  L2 per-chunk:
    chunk 1:   3,397 chars  carried_in=   0  out=  19  (+ 19)     6.1s  success
    chunk 2:   3,230 chars  carried_in=  19  out=  24  (+  5)     3.2s  success
    chunk 3:   3,244 chars  carried_in=  24  out=  86  (+ 62)    13.4s  success
    chunk 4:   5,857 chars  carried_in=  86  out= 119  (+ 33)     8.4s  success
    chunk 5:   4,748 chars  carried_in= 119  out= 133  (+ 14)     4.5s  success
    chunk 6:   3,390 chars  carried_in= 133  out= 167  (+ 34)     8.8s  success
    chunk 7:   3,977 chars  carried_in= 167  out= 188  (+ 21)     6.2s  success
    chunk 8:   5,728 chars  carried_in= 188  out= 208  (+ 20)     6.4s  success
    chunk 9:     972 chars  carried_in= 208  out= 213  (+  5)     2.6s  success

  L3 per-chunk:
    chunk 1:   3,022 chars  carried_in=   0  out=  16  (+ 16)     8.1s  success
    chunk 2:   3,848 chars  carried_in=  16  out=  92  (+ 76)    19.4s  success
    chunk 3:   3,259 chars  carried_in=  92  out= 169  (+ 77)    20.4s  success
    chunk 4:   3,496 chars  carried_in= 169  out= 263  (+ 94)    26.2s  success
    chunk 5:   3,012 chars  carried_in= 263  out= 320  (+ 57)    14.4s  success
    chunk 6:   3,539 chars  carried_in= 320  out= 355  (+ 35)    10.8s  success
    chunk 7:   3,295 chars  carried_in= 355  out= 444  (+ 89)    22.1s  success
    chunk 8:   5,381 chars  carried_in= 444  out= 498  (+ 54)    14.0s  success

  L4 per-chunk:
    chunk 1:   4,662 chars  carried_in=   0  out=  34  (+ 34)    10.0s  success
    chunk 2:   3,735 chars  carried_in=  34  out=  66  (+ 32)     7.7s  success
    chunk 3:   3,094 chars  carried_in=  66  out=  87  (+ 21)     5.7s  success
    chunk 4:   3,487 chars  carried_in=  87  out= 153  (+ 66)    16.6s  success
    chunk 5:   3,176 chars  carried_in= 153  out= 204  (+ 51)    12.6s  success
    chunk 6:   3,242 chars  carried_in= 204  out= 363  (+159)    39.2s  success
    chunk 7:   3,835 chars  carried_in= 363  out= 470  (+107)    25.7s  success

  L5 per-chunk:
    chunk 1:   3,422 chars  carried_in=   0  out=  54  (+ 54)    12.6s  success
    chunk 2:   3,248 chars  carried_in=  54  out= 106  (+ 52)    13.1s  success
    chunk 3:   4,572 chars  carried_in= 106  out= 198  (+ 92)    22.7s  success
    chunk 4:   3,849 chars  carried_in= 198  out= 221  (+ 23)     7.6s  success
    chunk 5:   3,197 chars  carried_in= 221  out= 223  (+  2)     3.5s  success
    chunk 6:   3,210 chars  carried_in= 223  out= 252  (+ 29)     8.6s  success
    chunk 7:   5,038 chars  carried_in= 252  out= 266  (+ 14)     7.0s  success

  L6 per-chunk:
    chunk 1:   3,033 chars  carried_in=   0  out=  16  (+ 16)     5.0s  success
    chunk 2:   3,608 chars  carried_in=  16  out=  53  (+ 37)    13.5s  success
    chunk 3:   3,040 chars  carried_in=  53  out=  84  (+ 31)    13.1s  success
    chunk 4:   3,237 chars  carried_in=  84  out= 130  (+ 46)    11.8s  success
    chunk 5:   4,376 chars  carried_in= 130  out= 215  (+ 85)    19.0s  success

  L7 per-chunk:
    chunk 1:   4,096 chars  carried_in=   0  out=  46  (+ 46)    10.7s  success
    chunk 2:   3,159 chars  carried_in=  46  out= 106  (+ 60)    12.7s  success
    chunk 3:   3,183 chars  carried_in= 106  out= 166  (+ 60)    13.5s  success
    chunk 4:   3,056 chars  carried_in= 166  out= 217  (+ 51)    11.3s  success
    chunk 5:   4,064 chars  carried_in= 217  out= 223  (+  6)     3.4s  success
    chunk 6:   2,161 chars  carried_in= 223  out= 243  (+ 20)     6.0s  success

  L8 per-chunk:
    chunk 1:   3,155 chars  carried_in=   0  out=  88  (+ 88)    19.3s  success
    chunk 2:   3,003 chars  carried_in=  88  out= 142  (+ 54)    13.0s  success
    chunk 3:   3,031 chars  carried_in= 142  out= 207  (+ 65)    14.2s  success
    chunk 4:   3,006 chars  carried_in= 207  out= 274  (+ 67)    14.9s  success
    chunk 5:   3,134 chars  carried_in= 274  out= 330  (+ 56)    15.9s  success
    chunk 6:   4,178 chars  carried_in= 330  out= 414  (+ 84)    19.4s  success

  L9 per-chunk:
    chunk 1:   3,907 chars  carried_in=   0  out=  65  (+ 65)    14.6s  success
    chunk 2:   3,148 chars  carried_in=  65  out= 136  (+ 71)    14.6s  success
    chunk 3:   3,240 chars  carried_in= 136  out= 165  (+ 29)     8.1s  success
    chunk 4:   5,134 chars  carried_in= 165  out= 241  (+ 76)    17.7s  success
    chunk 5:   2,207 chars  carried_in= 241  out= 293  (+ 52)    11.6s  success

  L10 per-chunk:
    chunk 1:   3,012 chars  carried_in=   0  out=  42  (+ 42)     8.6s  success
    chunk 2:   3,687 chars  carried_in=  42  out= 120  (+ 78)    15.8s  success
    chunk 3:   3,891 chars  carried_in= 120  out= 288  (+168)    34.9s  success
    chunk 4:   3,169 chars  carried_in= 288  out= 450  (+162)    35.7s  success
    chunk 5:   3,288 chars  carried_in= 450  out= 587  (+137)    27.5s  success
    chunk 6:   3,222 chars  carried_in= 587  out= 737  (+150)    33.7s  success
    chunk 7:   3,803 chars  carried_in= 737  out= 768  (+ 31)    10.2s  success
    chunk 8:   3,123 chars  carried_in= 768  out= 786  (+ 18)     6.4s  success
    chunk 9:   3,707 chars  carried_in= 786  out= 792  (+  6)     4.1s  success
    chunk 10:   3,929 chars  carried_in= 792  out= 804  (+ 12)     5.7s  success
    chunk 11:   3,434 chars  carried_in= 804  out= 849  (+ 45)    13.6s  success

total wall time: 1,151.5  (2026-08-24T17:40:45+00:00 -> 2026-08-24T17:59:56+00:00)

report written to /home/dahrb/Projects/article_6/domestic_proceedings/results/jurix_phase1/o2_cf_low_ttl/extract_report.json

10 record(s) processed, 0 failure(s)

phase 1 done: 10 facts file(s) in 1154.8s

--- phase 2: staged repair -> results/jurix_phase1/o2_cf_low_ttl/repaired ---
repairing 10 file(s) under results/jurix_phase1/o2_cf_low_ttl/repaired
  model: gemma-4-31b @ http://localhost:8000/v1 (temperature 0.4, timeout 300.0s)
  source text: results/jurix_phase1/input.jsonl (quote stage enabled)
  grammar warm-up skipped: APITimeoutError: Request timed out.
  [domestic authorities] results/jurix_phase1/o2_cf_low_ttl/repaired/input.L1.facts.ttl: 2 finding(s) in; model proposed 1 group(s), 7 op(s), 0 merge(s)
    [domestic authorities] pass 1: applied 7 (of which 0 merge(s)), skipped 0, stub orphans swept 0 [9.7s, 9.5s in the model]
    [domestic authorities] pass 2: nothing left to flag - stopping
    RECOVERED 1 group(s), 1 op(s) from a stalled generation
  [domestic proceedings] results/jurix_phase1/o2_cf_low_ttl/repaired/input.L1.facts.ttl: 0 finding(s) in; model proposed 1 group(s), 1 op(s), 0 merge(s)
    [domestic proceedings] pass 1: applied 1 (of which 0 merge(s)), skipped 0, stub orphans swept 0 [7.6s, 7.5s in the model]
    [domestic proceedings] pass 1: 1 op(s) applied but findings did not fall (0 -> 0) - stopping
    RECOVERED 2 group(s), 1 op(s) from a stalled generation
  [persons and participation] results/jurix_phase1/o2_cf_low_ttl/repaired/input.L1.facts.ttl: 10 finding(s) in; model proposed 2 group(s), 1 op(s), 0 merge(s)
    [persons and participation] pass 1: applied 1 (of which 0 merge(s)), skipped 0, stub orphans swept 0 [7.7s, 7.7s in the model]
    [persons and participation] pass 1: 1 op(s) applied but findings did not fall (10 -> 10) - stopping
  [source quote fidelity] results/jurix_phase1/o2_cf_low_ttl/repaired/input.L1.facts.ttl: 4 finding(s) in; model proposed 4 group(s), 8 op(s), 0 merge(s)
    [source quote fidelity] pass 1: applied 8 (of which 0 merge(s)), skipped 4, stub orphans swept 0 [11.2s, 11.2s in the model]
    SKIPPED [The quote for doc:municipalSocialAssistanceDept is a paraphrase/fragment. The source text uses curly quotes for ‘social assessment’ and includes the date and full context in the sentence.] remove doc:municipalSocialAssistanceDept echr:hasSupportingQuote the municipal social assistance department carried out a ‘social assessment': applied (removed 1 quote(s) by index)
    SKIPPED [The quote for doc:participationAssessmentDept is a paraphrase/fragment.] remove doc:participationAssessmentDept echr:hasSupportingQuote the municipal social assistance department carried out a ‘social assessment': applied (removed 1 quote(s) by index)
    SKIPPED [The quote for doc:actionSocialAssessment uses a single quote instead of the double quotes found in the source text.] remove doc:actionSocialAssessment echr:hasSupportingQuote on 30 December 2005 the municipal social assistance department carried out a ‘social assessment' ( социална оценка ) of the applicant: applied (removed 1 quote(s) by index)
    SKIPPED [The quote for doc:participationAssessmentStanev is a fragment with incorrect quotation marks.] remove doc:participationAssessmentStanev echr:hasSupportingQuote carried out a ‘social assessment' ( социална оценка ) of the applicant: applied (removed 1 quote(s) by index)
    [source quote fidelity] pass 2: nothing left to flag - stopping
    document total: 36.6s across 4 model call(s) (35.9s in the model)
    wrote results/jurix_phase1/o2_cf_low_ttl/repaired/input.L1.facts.ttl (backup at results/jurix_phase1/o2_cf_low_ttl/repaired/backup/input.L1.facts.ttl)
  [domestic authorities] results/jurix_phase1/o2_cf_low_ttl/repaired/input.L10.facts.ttl: nothing flagged
    RECOVERED 7 group(s), 1 op(s) from a stalled generation
  [domestic proceedings] results/jurix_phase1/o2_cf_low_ttl/repaired/input.L10.facts.ttl: 0 finding(s) in; model proposed 7 group(s), 1 op(s), 0 merge(s)
    [domestic proceedings] pass 1: applied 1 (of which 0 merge(s)), skipped 0, stub orphans swept 0 [18.3s, 18.3s in the model]
    [domestic proceedings] pass 1: 1 op(s) applied but findings did not fall (0 -> 0) - stopping
  [persons and participation] results/jurix_phase1/o2_cf_low_ttl/repaired/input.L10.facts.ttl: 12 finding(s) in; model proposed 5 group(s), 16 op(s), 0 merge(s)
    [persons and participation] pass 1: applied 16 (of which 0 merge(s)), skipped 0, stub orphans swept 0 [25.1s, 25.0s in the model]
    [persons and participation] pass 2: 0 finding(s) in; model proposed 13 group(s), 60 op(s), 0 merge(s)
    [persons and participation] pass 2: applied 60 (of which 0 merge(s)), skipped 0, stub orphans swept 0 [78.0s, 77.9s in the model]
    [persons and participation] pass 2: 60 op(s) applied but findings did not fall (0 -> 1) - stopping
  [source quote fidelity] results/jurix_phase1/o2_cf_low_ttl/repaired/input.L10.facts.ttl: 5 finding(s) in; model proposed 5 group(s), 4 op(s), 0 merge(s)
    [source quote fidelity] pass 1: applied 2 (of which 0 merge(s)), skipped 4, stub orphans swept 0 [7.7s, 7.6s in the model]
    SKIPPED [The quote for doc:unilateralActionStayExecution contains an ellipsis and is not a verbatim span.] remove doc:unilateralActionStayExecution echr:hasSupportingQuote the Belgian State... lodged a unilateral action to that effect with the President of the Brussels Dutch-speaking TPI on 13 December 2016, but was unsuccessful (order of the same date): applied (removed 1 quote(s) by index)
    SKIPPED [The quote for doc:unilateralActionStayExecution contains an ellipsis and is not a verbatim span.] add doc:unilateralActionStayExecution echr:hasSupportingQuote the Belgian State, which sought for its part a stay of execution of the Brussels Court of Appeal’s judgment of 7 December 2016, lodged a unilateral action to that effect with the President of the Brussels Dutch – speaking TPI on 13 December 2016, but was unsuccessful (order of the same date): skipped: quote does not appear verbatim in the source document
    SKIPPED [The quote for doc:tpiBrusselsDutch is not a verbatim span (missing hyphen/dash formatting).] remove doc:tpiBrusselsDutch echr:hasSupportingQuote Brussels Dutch-speaking TPI: applied (removed 1 quote(s) by index)
    SKIPPED [The quote for doc:tpiBrusselsDutch is not a verbatim span (missing hyphen/dash formatting).] add doc:tpiBrusselsDutch echr:hasSupportingQuote Brussels Dutch – speaking TPI: skipped: quote does not appear verbatim in the source document
    [source quote fidelity] pass 2: 3 finding(s) in; model proposed 3 group(s), 6 op(s), 0 merge(s)
    [source quote fidelity] pass 2: applied 3 (of which 0 merge(s)), skipped 6, stub orphans swept 0 [7.3s, 7.1s in the model]
    SKIPPED [The quote for doc:enforcementActionState is almost verbatim but missing a hyphen in 'Dutch-language'.] remove doc:enforcementActionState echr:hasSupportingQuote On the same date the Belgian State brought proceedings against the applicants before the enforcement judge at the Brussels Dutch-language TPI: applied (removed 1 quote(s) by index)
    SKIPPED [The quote for doc:enforcementActionState is almost verbatim but missing a hyphen in 'Dutch-language'.] add doc:enforcementActionState echr:hasSupportingQuote On the same date the Belgian State brought proceedings against the applicants before the enforcement judge at the Brussels Dutch – language TPI: skipped: quote does not appear verbatim in the source document
    SKIPPED [The quote for doc:tpiBrusselsDutchEnforcement is a paraphrase/fragment.] remove doc:tpiBrusselsDutchEnforcement echr:hasSupportingQuote enforcement judge at the Brussels Dutch-language TPI: applied (removed 1 quote(s) by index)
    SKIPPED [The quote for doc:tpiBrusselsDutchEnforcement is a paraphrase/fragment.] add doc:tpiBrusselsDutchEnforcement echr:hasSupportingQuote enforcement judge at the Brussels Dutch – language TPI: skipped: quote does not appear verbatim in the source document
    SKIPPED [The quote for doc:interPartesActionTpi is almost verbatim but missing a non-breaking space/special character in 'French-language'.] remove doc:interPartesActionTpi echr:hasSupportingQuote On 7 November 2016 another judge acting as president of the French-language TPI declared their application admissible but unfounded: applied (removed 1 quote(s) by index)
    SKIPPED [The quote for doc:interPartesActionTpi is almost verbatim but missing a non-breaking space/special character in 'French-language'.] add doc:interPartesActionTpi echr:hasSupportingQuote On 7 November 2016 another judge acting as president of the French – language TPI declared their application admissible but unfounded: skipped: quote does not appear verbatim in the source document
    [source quote fidelity] pass 3: nothing left to flag - stopping
    document total: 136.8s across 5 model call(s) (135.9s in the model)
    wrote results/jurix_phase1/o2_cf_low_ttl/repaired/input.L10.facts.ttl (backup at results/jurix_phase1/o2_cf_low_ttl/repaired/backup/input.L10.facts.ttl)
  [domestic authorities] results/jurix_phase1/o2_cf_low_ttl/repaired/input.L2.facts.ttl: 6 finding(s) in; model proposed 6 group(s), 6 op(s), 0 merge(s)
    [domestic authorities] pass 1: applied 6 (of which 0 merge(s)), skipped 0, stub orphans swept 0 [9.7s, 9.6s in the model]
    [domestic authorities] pass 2: nothing left to flag - stopping
  [domestic proceedings] results/jurix_phase1/o2_cf_low_ttl/repaired/input.L2.facts.ttl: 0 finding(s) in; model proposed 3 group(s), 3 op(s), 0 merge(s)
    [domestic proceedings] pass 1: applied 2 (of which 0 merge(s)), skipped 1, stub orphans swept 0 [7.3s, 7.3s in the model]
    SKIPPED [doc:agreementBeerT is flagged as missing a court, but it is an employment termination agreement, not a proceeding decided by an authority.] remove doc:agreementBeerT echr:hasDecisionDate 1995-06-20: skipped: triple not present
    [domestic proceedings] pass 1: 2 op(s) applied but findings did not fall (0 -> 0) - stopping
  [persons and participation] results/jurix_phase1/o2_cf_low_ttl/repaired/input.L2.facts.ttl: 0 finding(s) in; model proposed 0 group(s), 0 op(s), 0 merge(s)
    [persons and participation] pass 1: applied 0 (of which 0 merge(s)), skipped 0, stub orphans swept 0 [0.5s, 0.5s in the model]
    [persons and participation] pass 1: no operations applied - stopping
  [source quote fidelity] results/jurix_phase1/o2_cf_low_ttl/repaired/input.L2.facts.ttl: 2 finding(s) in; model proposed 2 group(s), 4 op(s), 0 merge(s)
    [source quote fidelity] pass 1: applied 3 (of which 0 merge(s)), skipped 3, stub orphans swept 0 [7.3s, 7.3s in the model]
    SKIPPED [The quote for doc:proceedingEsaStatus is a paraphrase of paragraph 46. The verbatim span in the source is 'In the instant case the Darmstadt Labour Court concluded that the conditions under section 20(2) of the German Courts Act for finding that the applicants’ action was inadmissible were fulfilled.'] remove doc:proceedingEsaStatus echr:hasSupportingQuote The Darmstadt Labour Court concluded that the conditions under section 20(2) of the German Courts Act for finding that the applicants’ action was inadmissible were fulfilled.: applied (removed 1 quote(s) by index)
    SKIPPED [The quote for doc:regan_1 is almost verbatim but contains a slight difference in spacing/formatting compared to the source text 'Mr Philip Regan is a British national, born in 1960 and resident in London in the United Kingdom.' (Note: source has a non-breaking space or specific character in 'Mr Philip', but the text matches). Actually, looking closer at the source: 'Mr Philip Regan is a British national, born in 1960 and resident in London in the United Kingdom.' matches exactly.] remove doc:regan_1 echr:hasSupportingQuote Mr Philip Regan is a British national, born in 1960 and resident in London in the United Kingdom.: applied (removed 1 quote(s) by index)
    SKIPPED [The quote for doc:regan_1 is almost verbatim but contains a slight difference in spacing/formatting compared to the source text 'Mr Philip Regan is a British national, born in 1960 and resident in London in the United Kingdom.' (Note: source has a non-breaking space or specific character in 'Mr Philip', but the text matches). Actually, looking closer at the source: 'Mr Philip Regan is a British national, born in 1960 and resident in London in the United Kingdom.' matches exactly.] add doc:regan_1 echr:hasSupportingQuote Mr Philip Regan is a British national, born in 1960 and resident in London in the United Kingdom.: skipped: quote does not appear verbatim in the source document
    [source quote fidelity] pass 2: nothing left to flag - stopping
    document total: 25.1s across 4 model call(s) (24.7s in the model)
    wrote results/jurix_phase1/o2_cf_low_ttl/repaired/input.L2.facts.ttl (backup at results/jurix_phase1/o2_cf_low_ttl/repaired/backup/input.L2.facts.ttl)
  [domestic authorities] results/jurix_phase1/o2_cf_low_ttl/repaired/input.L3.facts.ttl: nothing flagged
    RECOVERED 1 group(s), 1 op(s) from a stalled generation
  [domestic proceedings] results/jurix_phase1/o2_cf_low_ttl/repaired/input.L3.facts.ttl: 0 finding(s) in; model proposed 1 group(s), 1 op(s), 0 merge(s)
    [domestic proceedings] pass 1: applied 1 (of which 0 merge(s)), skipped 0, stub orphans swept 0 [8.2s, 8.2s in the model]
    [domestic proceedings] pass 1: 1 op(s) applied but findings did not fall (0 -> 0) - stopping
    RECOVERED 1 group(s), 1 op(s) from a stalled generation
  [persons and participation] results/jurix_phase1/o2_cf_low_ttl/repaired/input.L3.facts.ttl: 3 finding(s) in; model proposed 1 group(s), 1 op(s), 0 merge(s)
    [persons and participation] pass 1: applied 1 (of which 0 merge(s)), skipped 0, stub orphans swept 0 [6.1s, 6.1s in the model]
    RECOVERED 1 group(s), 1 op(s) from a stalled generation
    [persons and participation] pass 2: 2 finding(s) in; model proposed 1 group(s), 1 op(s), 0 merge(s)
    [persons and participation] pass 2: applied 1 (of which 0 merge(s)), skipped 0, stub orphans swept 0 [7.3s, 7.3s in the model]
    [persons and participation] pass 3: 1 finding(s) in; model proposed 3 group(s), 29 op(s), 0 merge(s)
    [persons and participation] pass 3: applied 29 (of which 0 merge(s)), skipped 0, stub orphans swept 0 [34.9s, 34.8s in the model]
  [source quote fidelity] results/jurix_phase1/o2_cf_low_ttl/repaired/input.L3.facts.ttl: 3 finding(s) in; model proposed 3 group(s), 6 op(s), 0 merge(s)
    [source quote fidelity] pass 1: applied 6 (of which 0 merge(s)), skipped 3, stub orphans swept 0 [8.6s, 8.6s in the model]
    SKIPPED [The quote 'recover 726,122,000 Turkish liras from the former shareholders, including... Erol Aksoy' is a paraphrase. The source text contains a verbatim span that covers this fact.] remove doc:participationAksoyRecovery echr:hasSupportingQuote recover 726,122,000 Turkish liras from the former shareholders, including... Erol Aksoy: applied (removed 1 quote(s) by index)
    SKIPPED [The quote 'the applicant personally signed the Liquidation Protocol as one of the debtors' is almost verbatim but missing the start of the sentence.] remove doc:participationAksoyProtocol echr:hasSupportingQuote the applicant personally signed the Liquidation Protocol as one of the debtors: applied (removed 1 quote(s) by index)
    SKIPPED [The quote 'the applicant complained that the Fund’s failure to implement the annulment judgment constituted a violation of his property rights' is a paraphrase.] remove doc:participationAksoyConstProperty echr:hasSupportingQuote the applicant complained that the Fund’s failure to implement the annulment judgment constituted a violation of his property rights: applied (removed 1 quote(s) by index)
    [source quote fidelity] pass 2: nothing left to flag - stopping
    document total: 65.5s across 5 model call(s) (65.0s in the model)
    wrote results/jurix_phase1/o2_cf_low_ttl/repaired/input.L3.facts.ttl (backup at results/jurix_phase1/o2_cf_low_ttl/repaired/backup/input.L3.facts.ttl)
  [domestic authorities] results/jurix_phase1/o2_cf_low_ttl/repaired/input.L4.facts.ttl: 3 finding(s) in; model proposed 3 group(s), 3 op(s), 0 merge(s)
    [domestic authorities] pass 1: applied 3 (of which 0 merge(s)), skipped 0, stub orphans swept 0 [5.6s, 5.5s in the model]
    [domestic authorities] pass 2: nothing left to flag - stopping
  [domestic proceedings] results/jurix_phase1/o2_cf_low_ttl/repaired/input.L4.facts.ttl: 0 finding(s) in; model proposed 0 group(s), 0 op(s), 1 merge(s)
    [domestic proceedings] pass 1: applied 1 (of which 1 merge(s)), skipped 0, stub orphans swept 0 [7.0s, 7.0s in the model]
    [domestic proceedings] pass 1: 1 op(s) applied but findings did not fall (0 -> 0) - stopping
  [persons and participation] results/jurix_phase1/o2_cf_low_ttl/repaired/input.L4.facts.ttl: 6 finding(s) in; model proposed 7 group(s), 29 op(s), 0 merge(s)
    [persons and participation] pass 1: applied 29 (of which 0 merge(s)), skipped 0, stub orphans swept 0 [36.8s, 36.7s in the model]
    [persons and participation] pass 2: 5 finding(s) in; model proposed 5 group(s), 3 op(s), 0 merge(s)
    [persons and participation] pass 2: applied 3 (of which 0 merge(s)), skipped 0, stub orphans swept 0 [11.0s, 11.0s in the model]
    [persons and participation] pass 3: nothing left to flag - stopping
  [source quote fidelity] results/jurix_phase1/o2_cf_low_ttl/repaired/input.L4.facts.ttl: nothing flagged
    document total: 60.8s across 4 model call(s) (60.2s in the model)
    wrote results/jurix_phase1/o2_cf_low_ttl/repaired/input.L4.facts.ttl (backup at results/jurix_phase1/o2_cf_low_ttl/repaired/backup/input.L4.facts.ttl)
  [domestic authorities] results/jurix_phase1/o2_cf_low_ttl/repaired/input.L5.facts.ttl: 2 finding(s) in; model proposed 1 group(s), 15 op(s), 0 merge(s)
    [domestic authorities] pass 1: applied 15 (of which 0 merge(s)), skipped 0, stub orphans swept 0 [13.2s, 13.2s in the model]
    [domestic authorities] pass 2: nothing left to flag - stopping
    RECOVERED 1 group(s), 1 op(s) from a stalled generation
  [domestic proceedings] results/jurix_phase1/o2_cf_low_ttl/repaired/input.L5.facts.ttl: 1 finding(s) in; model proposed 1 group(s), 1 op(s), 0 merge(s)
    [domestic proceedings] pass 1: applied 1 (of which 0 merge(s)), skipped 0, stub orphans swept 0 [7.3s, 7.3s in the model]
    [domestic proceedings] pass 1: 1 op(s) applied but findings did not fall (1 -> 1) - stopping
  [persons and participation] results/jurix_phase1/o2_cf_low_ttl/repaired/input.L5.facts.ttl: 0 finding(s) in; model proposed 2 group(s), 12 op(s), 0 merge(s)
    [persons and participation] pass 1: applied 12 (of which 0 merge(s)), skipped 0, stub orphans swept 0 [15.6s, 15.6s in the model]
    [persons and participation] pass 1: 12 op(s) applied but findings did not fall (0 -> 1) - stopping
  [source quote fidelity] results/jurix_phase1/o2_cf_low_ttl/repaired/input.L5.facts.ttl: 2 finding(s) in; model proposed 1 group(s), 2 op(s), 0 merge(s)
    [source quote fidelity] pass 1: applied 2 (of which 0 merge(s)), skipped 1, stub orphans swept 0 [3.5s, 3.5s in the model]
    SKIPPED [The quote "the applicant’s absence from the meeting of 7 December 2012" is not a verbatim span in the source text. It appears to be a paraphrase of phrases found in paragraphs 8 and 9.] remove doc:proceeding_qdc_meeting_2012 echr:hasSupportingQuote the applicant’s absence from the meeting of 7 December 2012: applied (removed 1 quote(s) by index)
    [source quote fidelity] pass 2: 1 finding(s) in; model proposed 1 group(s), 2 op(s), 0 merge(s)
    [source quote fidelity] pass 2: applied 2 (of which 0 merge(s)), skipped 1, stub orphans swept 0 [2.7s, 2.7s in the model]
    SKIPPED [The quote 'the applicant’s absence from the meeting of 7 December 2012' is a paraphrase. The source text contains a very similar phrase in paragraph 8.] remove doc:part_martynovskiy_meeting_2012 echr:hasSupportingQuote the applicant’s absence from the meeting of 7 December 2012: applied (removed 1 quote(s) by index)
    [source quote fidelity] pass 3: nothing left to flag - stopping
    document total: 42.7s across 5 model call(s) (42.3s in the model)
    wrote results/jurix_phase1/o2_cf_low_ttl/repaired/input.L5.facts.ttl (backup at results/jurix_phase1/o2_cf_low_ttl/repaired/backup/input.L5.facts.ttl)
  [domestic authorities] results/jurix_phase1/o2_cf_low_ttl/repaired/input.L6.facts.ttl: nothing flagged
    RECOVERED 1 group(s), 1 op(s) from a stalled generation
  [domestic proceedings] results/jurix_phase1/o2_cf_low_ttl/repaired/input.L6.facts.ttl: 0 finding(s) in; model proposed 1 group(s), 1 op(s), 0 merge(s)
    [domestic proceedings] pass 1: applied 1 (of which 0 merge(s)), skipped 0, stub orphans swept 0 [6.4s, 6.4s in the model]
    [domestic proceedings] pass 1: 1 op(s) applied but findings did not fall (0 -> 0) - stopping
  [persons and participation] results/jurix_phase1/o2_cf_low_ttl/repaired/input.L6.facts.ttl: 3 finding(s) in; model proposed 4 group(s), 25 op(s), 0 merge(s)
    [persons and participation] pass 1: applied 25 (of which 0 merge(s)), skipped 0, stub orphans swept 0 [31.1s, 31.1s in the model]
    [persons and participation] pass 2: 0 finding(s) in; model proposed 8 group(s), 60 op(s), 0 merge(s)
    [persons and participation] pass 2: applied 60 (of which 0 merge(s)), skipped 0, stub orphans swept 0 [62.9s, 62.9s in the model]
    [persons and participation] pass 2: 60 op(s) applied but findings did not fall (0 -> 0) - stopping
  [source quote fidelity] results/jurix_phase1/o2_cf_low_ttl/repaired/input.L6.facts.ttl: nothing flagged
    document total: 100.6s across 3 model call(s) (100.4s in the model)
    wrote results/jurix_phase1/o2_cf_low_ttl/repaired/input.L6.facts.ttl (backup at results/jurix_phase1/o2_cf_low_ttl/repaired/backup/input.L6.facts.ttl)
  [domestic authorities] results/jurix_phase1/o2_cf_low_ttl/repaired/input.L7.facts.ttl: nothing flagged
  [domestic proceedings] results/jurix_phase1/o2_cf_low_ttl/repaired/input.L7.facts.ttl: nothing flagged
  [persons and participation] results/jurix_phase1/o2_cf_low_ttl/repaired/input.L7.facts.ttl: 1 finding(s) in; model proposed 5 group(s), 18 op(s), 0 merge(s)
    [persons and participation] pass 1: applied 18 (of which 0 merge(s)), skipped 0, stub orphans swept 0 [25.2s, 25.2s in the model]
    [persons and participation] pass 1: 18 op(s) applied but findings did not fall (1 -> 1) - stopping
  [source quote fidelity] results/jurix_phase1/o2_cf_low_ttl/repaired/input.L7.facts.ttl: nothing flagged
    document total: 25.5s across 1 model call(s) (25.2s in the model)
    wrote results/jurix_phase1/o2_cf_low_ttl/repaired/input.L7.facts.ttl (backup at results/jurix_phase1/o2_cf_low_ttl/repaired/backup/input.L7.facts.ttl)
  [domestic authorities] results/jurix_phase1/o2_cf_low_ttl/repaired/input.L8.facts.ttl: nothing flagged
  [domestic proceedings] results/jurix_phase1/o2_cf_low_ttl/repaired/input.L8.facts.ttl: 0 finding(s) in; model proposed 0 group(s), 0 op(s), 0 merge(s)
    [domestic proceedings] pass 1: applied 0 (of which 0 merge(s)), skipped 0, stub orphans swept 0 [1.0s, 1.0s in the model]
    [domestic proceedings] pass 1: no operations applied - stopping
  [persons and participation] results/jurix_phase1/o2_cf_low_ttl/repaired/input.L8.facts.ttl: 6 finding(s) in; model proposed 7 group(s), 39 op(s), 0 merge(s)
    [persons and participation] pass 1: applied 39 (of which 0 merge(s)), skipped 0, stub orphans swept 0 [50.3s, 50.3s in the model]
    [persons and participation] pass 2: 3 finding(s) in; model proposed 0 group(s), 0 op(s), 0 merge(s)
    [persons and participation] pass 2: applied 0 (of which 0 merge(s)), skipped 0, stub orphans swept 0 [0.7s, 0.7s in the model]
    [persons and participation] pass 2: no operations applied - stopping
  [source quote fidelity] results/jurix_phase1/o2_cf_low_ttl/repaired/input.L8.facts.ttl: 4 finding(s) in; model proposed 4 group(s), 8 op(s), 0 merge(s)
    [source quote fidelity] pass 1: applied 8 (of which 0 merge(s)), skipped 4, stub orphans swept 0 [16.9s, 16.9s in the model]
    SKIPPED [The quote for doc:part_retrial_zhanto_1 is a fragment and not a verbatim span. The source contains the full sentence.] remove doc:part_retrial_zhanto_1 echr:hasSupportingQuote civil claims by the latter three companies, “Zhanto”: applied (removed 1 quote(s) by index)
    SKIPPED [The quote for doc:order_breaches_1 is a concatenation of two sentences and not a single verbatim span.] remove doc:order_breaches_1 echr:hasSupportingQuote On 27 May 1998 the Regional Court made a number of further orders ( частные определения ) in the case. In one order the court noted breaches of the relevant rules of criminal procedure during investigation: applied (removed 1 quote(s) by index)
    SKIPPED [The quote for doc:part_retrial_oka_1 is a fragment.] remove doc:part_retrial_oka_1 echr:hasSupportingQuote the court also granted civil claims for damages by the shipyard “Oka”: applied (removed 1 quote(s) by index)
    SKIPPED [The quote for doc:part_cass_klimentyev_2 is a fragment.] remove doc:part_cass_klimentyev_2 echr:hasSupportingQuote the applicant requested permission to attend the hearing in the Supreme Court in person, but the request was turned down: applied (removed 1 quote(s) by index)
    [source quote fidelity] pass 2: nothing left to flag - stopping
    document total: 69.2s across 4 model call(s) (68.9s in the model)
    wrote results/jurix_phase1/o2_cf_low_ttl/repaired/input.L8.facts.ttl (backup at results/jurix_phase1/o2_cf_low_ttl/repaired/backup/input.L8.facts.ttl)
  [domestic authorities] results/jurix_phase1/o2_cf_low_ttl/repaired/input.L9.facts.ttl: 9 finding(s) in; model proposed 9 group(s), 9 op(s), 0 merge(s)
    [domestic authorities] pass 1: applied 9 (of which 0 merge(s)), skipped 0, stub orphans swept 0 [14.1s, 14.1s in the model]
    [domestic authorities] pass 2: nothing left to flag - stopping
  [domestic proceedings] results/jurix_phase1/o2_cf_low_ttl/repaired/input.L9.facts.ttl: 1 finding(s) in; model proposed 1 group(s), 1 op(s), 0 merge(s)
    [domestic proceedings] pass 1: applied 1 (of which 0 merge(s)), skipped 0, stub orphans swept 0 [2.7s, 2.7s in the model]
    [domestic proceedings] pass 2: nothing left to flag - stopping
  [persons and participation] results/jurix_phase1/o2_cf_low_ttl/repaired/input.L9.facts.ttl: 5 finding(s) in; model proposed 3 group(s), 13 op(s), 0 merge(s)
    [persons and participation] pass 1: applied 13 (of which 0 merge(s)), skipped 0, stub orphans swept 0 [18.4s, 18.4s in the model]
    [persons and participation] pass 2: 3 finding(s) in; model proposed 2 group(s), 3 op(s), 0 merge(s)
    [persons and participation] pass 2: applied 0 (of which 0 merge(s)), skipped 3, stub orphans swept 0 [6.7s, 6.7s in the model]
    SKIPPED [doc:part_supreme_2, doc:part_appeal_2, and doc:part_trial_4 link to DomesticAuthority nodes as participating parties. Participation nodes must link to echr:Party.] remove doc:trial_supreme_court_1 echr:hasParticipation doc:part_supreme_2: skipped: triple not present
    SKIPPED [doc:part_supreme_2, doc:part_appeal_2, and doc:part_trial_4 link to DomesticAuthority nodes as participating parties. Participation nodes must link to echr:Party.] remove doc:trial_appeal_1 echr:hasParticipation doc:part_appeal_2: skipped: triple not present
    SKIPPED [doc:part_supreme_2, doc:part_appeal_2, and doc:part_trial_4 link to DomesticAuthority nodes as participating parties. Participation nodes must link to echr:Party.] remove doc:trial_first_instance_1 echr:hasParticipation doc:part_trial_4: skipped: triple not present
    [persons and participation] pass 2: no operations applied - stopping
  [source quote fidelity] results/jurix_phase1/o2_cf_low_ttl/repaired/input.L9.facts.ttl: 2 finding(s) in; model proposed 2 group(s), 4 op(s), 0 merge(s)
    [source quote fidelity] pass 1: applied 2 (of which 0 merge(s)), skipped 4, stub orphans swept 0 [5.0s, 5.0s in the model]
    SKIPPED [The quote 'during the trial at the first – instance court' contains a non-standard hyphen/dash character that does not match the source text's specific hyphenation.] remove doc:trial_first_instance_1 echr:hasSupportingQuote during the trial at the first ‐ instance court: applied (removed 1 quote(s) by index)
    SKIPPED [The quote 'during the trial at the first – instance court' contains a non-standard hyphen/dash character that does not match the source text's specific hyphenation.] add doc:trial_first_instance_1 echr:hasSupportingQuote during the trial at the first – instance court: skipped: quote does not appear verbatim in the source document
    SKIPPED [The quote 'first – instance court' contains a non-standard hyphen/dash character that does not match the source text.] remove doc:authority_court_first_instance_1 echr:hasSupportingQuote first ‐ instance court: applied (removed 1 quote(s) by index)
    SKIPPED [The quote 'first – instance court' contains a non-standard hyphen/dash character that does not match the source text.] add doc:authority_court_first_instance_1 echr:hasSupportingQuote first – instance court: skipped: quote does not appear verbatim in the source document
    [source quote fidelity] pass 2: nothing left to flag - stopping
    document total: 47.3s across 5 model call(s) (46.9s in the model)
    wrote results/jurix_phase1/o2_cf_low_ttl/repaired/input.L9.facts.ttl (backup at results/jurix_phase1/o2_cf_low_ttl/repaired/backup/input.L9.facts.ttl)

  repair total: 610.3s over 10 document(s), 40 model call(s) (605.4s in the model, 4.9s deterministic)
    authorities      5 call(s)     52.3s  (51.9s in the model)
    proceedings      9 call(s)     65.8s  (65.7s in the model)
    persons         17 call(s)    418.3s  (417.9s in the model)
    quotes           9 call(s)     70.2s  (69.9s in the model)

phase 2 done in 1212.4s

--- phase 3: SHACL gate -> results/jurix_phase1/o2_cf_low_ttl/repaired ---

repaired  (results/jurix_phase1/o2_cf_low_ttl/repaired)
  file                          conforms  violations  warnings
  input.L1.facts.ttl               False          10         0
  input.L10.facts.ttl              False           1         3
  input.L2.facts.ttl                True           0         0
  input.L3.facts.ttl                True           0         0
  input.L4.facts.ttl                True           0         0
  input.L5.facts.ttl               False           2         0
  input.L6.facts.ttl                True           0         0
  input.L7.facts.ttl               False           1         0
  input.L8.facts.ttl               False           3         0
  input.L9.facts.ttl               False           3         0
  TOTAL                             4/10          20         3

phase 3 done in 199.7s

timings -> results/jurix_phase1/o2_cf_low_ttl/timings.json

############################################################
# o2_cf_low_jsonld  (rolling, chunk 3000/6000, max_visits 1, jsonld)
############################################################

--- phase 1: extraction (rolling) -> results/jurix_phase1/o2_cf_low_jsonld/raw ---
2026-08-24 20:23:32,473 INFO    carry_forward: applied 65 setting(s) from arm.env
2026-08-24 20:23:36,594 INFO    response_repair: response repair ENABLED: malformed facts-render JSON is repaired in place instead of being dropped
2026-08-24 20:23:36,595 INFO    turtle_repair: turtle repair ENABLED: premature-period-before-property and repeated-predicate-after-comma are now recovered in addition to ontocast's own Turtle repairs
2026-08-24 20:23:36,598 WARNING ontocast.config.settings: Model 'gemma-4-31b' is not a known openai preset (OpenAIModel). Passing it through -- the provider decides whether it exists.
2026-08-24 20:23:37,756 INFO    httpx: HTTP Request: POST http://localhost:3032/$/datasets "HTTP/1.1 403 Forbidden"
2026-08-24 20:23:37,757 ERROR   ontocast.tool.triple_manager.fuseki: Failed to create dataset growgraph--art6_gemma4_o2_cf_low_jsonld--facts. Status code: 403
2026-08-24 20:23:37,757 ERROR   ontocast.tool.triple_manager.fuseki: Response: <html>
<head>
<meta http-equiv="Content-Type" content="text/html;charset=UTF-8"/>
<title>Error 403 Access denied : only localhost access allowed</title>
</head>
<body>
<h2>HTTP ERROR 403 Access denied : only localhost access allowed</h2>
<table>
<tr><th>URI:</th><td>http://localhost:3032/$/datasets</td></tr>
<tr><th>STATUS:</th><td>403</td></tr>
<tr><th>MESSAGE:</th><td>Access denied : only localhost access allowed</td></tr>
</table>

</body>
</html>
2026-08-24 20:23:37,774 INFO    httpx: HTTP Request: POST http://localhost:3032/$/datasets "HTTP/1.1 403 Forbidden"
2026-08-24 20:23:37,774 ERROR   ontocast.tool.triple_manager.fuseki: Failed to create dataset growgraph--art6_gemma4_o2_cf_low_jsonld--ontologies. Status code: 403
2026-08-24 20:23:37,774 ERROR   ontocast.tool.triple_manager.fuseki: Response: <html>
<head>
<meta http-equiv="Content-Type" content="text/html;charset=UTF-8"/>
<title>Error 403 Access denied : only localhost access allowed</title>
</head>
<body>
<h2>HTTP ERROR 403 Access denied : only localhost access allowed</h2>
<table>
<tr><th>URI:</th><td>http://localhost:3032/$/datasets</td></tr>
<tr><th>STATUS:</th><td>403</td></tr>
<tr><th>MESSAGE:</th><td>Access denied : only localhost access allowed</td></tr>
</table>

</body>
</html>
2026-08-24 20:23:37,775 INFO    ontocast.tool.triple_manager.fuseki: Fuseki tenancy set to tenant='growgraph' project='art6_gemma4_o2_cf_low_jsonld' (facts=growgraph--art6_gemma4_o2_cf_low_jsonld--facts ontologies=growgraph--art6_gemma4_o2_cf_low_jsonld--ontologies)
2026-08-24 20:23:37,797 INFO    httpx: HTTP Request: POST http://localhost:3032/$/datasets "HTTP/1.1 403 Forbidden"
2026-08-24 20:23:37,797 ERROR   ontocast.tool.triple_manager.fuseki: Failed to create dataset growgraph--art6_gemma4_o2_cf_low_jsonld--facts. Status code: 403
2026-08-24 20:23:37,797 ERROR   ontocast.tool.triple_manager.fuseki: Response: <html>
<head>
<meta http-equiv="Content-Type" content="text/html;charset=UTF-8"/>
<title>Error 403 Access denied : only localhost access allowed</title>
</head>
<body>
<h2>HTTP ERROR 403 Access denied : only localhost access allowed</h2>
<table>
<tr><th>URI:</th><td>http://localhost:3032/$/datasets</td></tr>
<tr><th>STATUS:</th><td>403</td></tr>
<tr><th>MESSAGE:</th><td>Access denied : only localhost access allowed</td></tr>
</table>

</body>
</html>
2026-08-24 20:23:37,812 INFO    httpx: HTTP Request: POST http://localhost:3032/$/datasets "HTTP/1.1 403 Forbidden"
2026-08-24 20:23:37,813 ERROR   ontocast.tool.triple_manager.fuseki: Failed to create dataset growgraph--art6_gemma4_o2_cf_low_jsonld--ontologies. Status code: 403
2026-08-24 20:23:37,813 ERROR   ontocast.tool.triple_manager.fuseki: Response: <html>
<head>
<meta http-equiv="Content-Type" content="text/html;charset=UTF-8"/>
<title>Error 403 Access denied : only localhost access allowed</title>
</head>
<body>
<h2>HTTP ERROR 403 Access denied : only localhost access allowed</h2>
<table>
<tr><th>URI:</th><td>http://localhost:3032/$/datasets</td></tr>
<tr><th>STATUS:</th><td>403</td></tr>
<tr><th>MESSAGE:</th><td>Access denied : only localhost access allowed</td></tr>
</table>

</body>
</html>
2026-08-24 20:23:37,947 INFO    ontocast.toolbox: Found 2 seed ontologies in ontology_directory
2026-08-24 20:23:37,968 INFO    httpx: HTTP Request: POST http://localhost:3032/growgraph--art6_gemma4_o2_cf_low_jsonld--ontologies/sparql "HTTP/1.1 200 OK"
2026-08-24 20:23:37,969 INFO    ontocast.toolbox: Found 0 ontologies in triple store
2026-08-24 20:23:37,969 INFO    ontocast.toolbox: Syncing seed ontology to triple store: https://growgraph.dev/__null__/ (version: 1.0.0)
2026-08-24 20:23:37,969 INFO    ontocast.toolbox: Syncing seed ontology to triple store: https://growgraph.dev/echr (version: 3.5.0)
2026-08-24 20:23:37,969 INFO    ontocast.toolbox: Ontology sync finished: 2 ontolog(ies) in 0.15s
2026-08-24 20:23:37,969 WARNING ontocast.tool.ontology_manager: Cannot add ontology without valid IRI (ontology_id: None)
2026-08-24 20:23:38,131 INFO    httpx: HTTP Request: PUT http://localhost:3032/growgraph--art6_gemma4_o2_cf_low_jsonld--ontologies/data?graph=https://growgraph.dev/__null__/%2393708728c5656528bde09c6ce8484e1c4989ed408de4dd6ce2017f7c31c7b289 "HTTP/1.1 201 Created"
2026-08-24 20:23:38,131 INFO    ontocast.tool.triple_manager.fuseki: Ontology graph https://growgraph.dev/__null__/#93708728c5656528bde09c6ce8484e1c4989ed408de4dd6ce2017f7c31c7b289 uploaded to Fuseki as named graph.
2026-08-24 20:23:38,132 INFO    ontocast.toolbox: Materialized ontology https://growgraph.dev/__null__/ in 0.15s
2026-08-24 20:23:38,206 INFO    httpx: HTTP Request: PUT http://localhost:3032/growgraph--art6_gemma4_o2_cf_low_jsonld--ontologies/data?graph=https://growgraph.dev/echr%23a0e10e2d004aa686def734f5b9fed07988dd68c21f4e1c434b97fe495677c6cf "HTTP/1.1 201 Created"
2026-08-24 20:23:38,207 INFO    ontocast.tool.triple_manager.fuseki: Ontology graph https://growgraph.dev/echr#a0e10e2d004aa686def734f5b9fed07988dd68c21f4e1c434b97fe495677c6cf uploaded to Fuseki as named graph.
2026-08-24 20:23:38,207 INFO    ontocast.toolbox: Materialized ontology https://growgraph.dev/echr in 0.21s
2026-08-24 20:23:38,207 INFO    ontocast.toolbox: Ontology materialize + enrich finished for 2 ontolog(ies) in 0.23s (reindex_concurrency=2); initialize total 0.43s
2026-08-24 20:23:38,208 INFO    carry_forward: chunking: min_size=3000 max_size=6000 section_classifier=off
2026-08-24 20:23:38,211 INFO    carry_forward: expanded input.jsonl into 10 record(s)
2026-08-24 20:23:38,211 INFO    carry_forward: facts prompt: 7055 chars from /home/dahrb/Projects/article_6/domestic_proceedings/art6/ontology/prompts/facts.txt (overrides any copy embedded in input.jsonl)
2026-08-24 20:23:38,827 INFO    ontocast.agent.chunk_text: Chunking the text
2026-08-24 20:23:38,860 INFO    ontocast.agent.chunk_text: Created 6 chunks for processing: [3689, 3126, 4491, 3821, 3050, 5814]
2026-08-24 20:23:38,863 INFO    ontocast.agent.chunk_text: Created 6 content units: [3689, 3126, 4491, 3821, 3050, 5814]
2026-08-24 20:23:38,864 INFO    ontocast.agent.chunk_text: Section labels: (unlabeled)=6
2026-08-24 20:23:38,864 INFO    carry_forward: L1: 6 chunk(s), sizes=[3689, 3126, 4491, 3821, 3050, 5814]
2026-08-24 20:23:38,882 INFO    ontocast.stategraph.atomic: Ontology context for mode fixed_single_ontology: sources=['https://growgraph.dev/echr'] writable=['https://growgraph.dev/echr']
2026-08-24 20:23:38,883 INFO    ontocast.agent.render_facts: Render facts for content unit 1
2026-08-24 20:23:38,883 INFO    ontocast.agent.render_facts: Generating fresh facts as Turtle
2026-08-24 20:23:38,883 INFO    ontocast.agent.render_facts: Rendering fresh facts
2026-08-24 20:23:55,323 INFO    httpx: HTTP Request: POST http://localhost:8000/v1/chat/completions "HTTP/1.1 200 OK"
2026-08-24 20:23:55,420 INFO    ontocast.agent.render_facts: Fresh facts generated with 30 triple(s).
2026-08-24 20:23:55,420 INFO    ontocast.stategraph.atomic: Unit facts loop finishing on final render attempt 1/1 (skipping LLM critic; finding-driven repair renders may still run)
2026-08-24 20:23:55,423 INFO    carry_forward: L1 chunk 1/6: 3689 chars, carried 0 -> 30 triples (+30) in 16.6s
2026-08-24 20:23:55,435 INFO    ontocast.stategraph.atomic: Ontology context for mode fixed_single_ontology: sources=['https://growgraph.dev/echr'] writable=['https://growgraph.dev/echr']
2026-08-24 20:23:55,435 INFO    ontocast.agent.render_facts: Render facts for content unit 2
2026-08-24 20:23:55,435 INFO    ontocast.agent.render_facts: Generating facts update
2026-08-24 20:23:55,435 INFO    ontocast.agent.render_facts: Rendering updates for facts
2026-08-24 20:24:28,257 INFO    httpx: HTTP Request: POST http://localhost:8000/v1/chat/completions "HTTP/1.1 200 OK"
2026-08-24 20:24:28,810 INFO    ontocast.agent.render_facts: Facts update has 1 operation(s) with 70 total triple(s).
2026-08-24 20:24:28,810 INFO    ontocast.stategraph.atomic: Unit facts loop finishing on final render attempt 1/1 (skipping LLM critic; finding-driven repair renders may still run)
2026-08-24 20:24:28,814 INFO    carry_forward: L1 chunk 2/6: 3126 chars, carried 30 -> 100 triples (+70) in 33.4s
2026-08-24 20:24:28,824 INFO    ontocast.stategraph.atomic: Ontology context for mode fixed_single_ontology: sources=['https://growgraph.dev/echr'] writable=['https://growgraph.dev/echr']
2026-08-24 20:24:28,824 INFO    ontocast.agent.render_facts: Render facts for content unit 3
2026-08-24 20:24:28,824 INFO    ontocast.agent.render_facts: Generating facts update
2026-08-24 20:24:28,825 INFO    ontocast.agent.render_facts: Rendering updates for facts
2026-08-24 20:24:48,941 INFO    httpx: HTTP Request: POST http://localhost:8000/v1/chat/completions "HTTP/1.1 200 OK"
2026-08-24 20:24:49,209 INFO    ontocast.agent.render_facts: Facts update has 1 operation(s) with 42 total triple(s).
2026-08-24 20:24:49,209 INFO    ontocast.stategraph.atomic: Unit facts loop finishing on final render attempt 1/1 (skipping LLM critic; finding-driven repair renders may still run)
2026-08-24 20:24:49,217 INFO    carry_forward: L1 chunk 3/6: 4491 chars, carried 100 -> 142 triples (+42) in 20.4s
2026-08-24 20:24:49,230 INFO    ontocast.stategraph.atomic: Ontology context for mode fixed_single_ontology: sources=['https://growgraph.dev/echr'] writable=['https://growgraph.dev/echr']
2026-08-24 20:24:49,230 INFO    ontocast.agent.render_facts: Render facts for content unit 4
2026-08-24 20:24:49,230 INFO    ontocast.agent.render_facts: Generating facts update
2026-08-24 20:24:49,230 INFO    ontocast.agent.render_facts: Rendering updates for facts
2026-08-24 20:25:05,326 INFO    httpx: HTTP Request: POST http://localhost:8000/v1/chat/completions "HTTP/1.1 200 OK"
2026-08-24 20:25:05,482 INFO    ontocast.agent.render_facts: Facts update has 1 operation(s) with 31 total triple(s).
2026-08-24 20:25:05,482 INFO    ontocast.stategraph.atomic: Unit facts loop finishing on final render attempt 1/1 (skipping LLM critic; finding-driven repair renders may still run)
2026-08-24 20:25:05,491 INFO    carry_forward: L1 chunk 4/6: 3821 chars, carried 142 -> 173 triples (+31) in 16.3s
2026-08-24 20:25:05,505 INFO    ontocast.stategraph.atomic: Ontology context for mode fixed_single_ontology: sources=['https://growgraph.dev/echr'] writable=['https://growgraph.dev/echr']
2026-08-24 20:25:05,506 INFO    ontocast.agent.render_facts: Render facts for content unit 5
2026-08-24 20:25:05,506 INFO    ontocast.agent.render_facts: Generating facts update
2026-08-24 20:25:05,506 INFO    ontocast.agent.render_facts: Rendering updates for facts
2026-08-24 20:25:25,568 INFO    httpx: HTTP Request: POST http://localhost:8000/v1/chat/completions "HTTP/1.1 200 OK"
2026-08-24 20:25:25,774 INFO    ontocast.tool.facts_invariants: Repaired literal rdf:type object 'echr:LegalRepresentative' -> <https://growgraph.dev/echr#LegalRepresentative>
2026-08-24 20:25:25,774 INFO    ontocast.tool.facts_invariants: Repaired literal rdf:type object 'echr:LegalRepresentative' -> <https://growgraph.dev/echr#LegalRepresentative>
2026-08-24 20:25:25,774 INFO    ontocast.tool.facts_invariants: Repaired literal rdf:type object 'echr:AdministrativeAction' -> <https://growgraph.dev/echr#AdministrativeAction>
2026-08-24 20:25:25,774 INFO    ontocast.tool.facts_invariants: Repaired literal rdf:type object 'echr:AdministrativeAction' -> <https://growgraph.dev/echr#AdministrativeAction>
2026-08-24 20:25:25,774 INFO    ontocast.tool.facts_invariants: Repaired literal rdf:type object 'echr:AdministrativeAction' -> <https://growgraph.dev/echr#AdministrativeAction>
2026-08-24 20:25:25,774 INFO    ontocast.tool.facts_invariants: Repaired literal rdf:type object 'echr:AdministrativeAction' -> <https://growgraph.dev/echr#AdministrativeAction>
2026-08-24 20:25:25,774 INFO    ontocast.tool.facts_invariants: Repaired literal rdf:type object 'echr:DomesticAuthority' -> <https://growgraph.dev/echr#DomesticAuthority>
2026-08-24 20:25:25,774 INFO    ontocast.tool.facts_invariants: Repaired literal rdf:type object 'echr:Participation' -> <https://growgraph.dev/echr#Participation>
2026-08-24 20:25:25,776 INFO    ontocast.agent.render_facts: Deterministic graph repair: retyped 0 literal(s), coerced 8 rdf:type literal(s), rewrote 0 alias triple(s), resolved 0 code(s)
2026-08-24 20:25:25,805 INFO    ontocast.agent.render_facts: Facts update has 1 operation(s) with 43 total triple(s).
2026-08-24 20:25:25,805 INFO    ontocast.stategraph.atomic: Unit facts loop finishing on final render attempt 1/1 (skipping LLM critic; finding-driven repair renders may still run)
2026-08-24 20:25:25,815 INFO    carry_forward: L1 chunk 5/6: 3050 chars, carried 173 -> 216 triples (+43) in 20.3s
2026-08-24 20:25:25,830 INFO    ontocast.stategraph.atomic: Ontology context for mode fixed_single_ontology: sources=['https://growgraph.dev/echr'] writable=['https://growgraph.dev/echr']
2026-08-24 20:25:25,830 INFO    ontocast.agent.render_facts: Render facts for content unit 6
2026-08-24 20:25:25,830 INFO    ontocast.agent.render_facts: Generating facts update
2026-08-24 20:25:25,830 INFO    ontocast.agent.render_facts: Rendering updates for facts
2026-08-24 20:26:05,230 INFO    httpx: HTTP Request: POST http://localhost:8000/v1/chat/completions "HTTP/1.1 200 OK"
2026-08-24 20:26:05,946 INFO    ontocast.agent.render_facts: Facts update has 1 operation(s) with 96 total triple(s).
2026-08-24 20:26:05,946 INFO    ontocast.stategraph.atomic: Unit facts loop finishing on final render attempt 1/1 (skipping LLM critic; finding-driven repair renders may still run)
2026-08-24 20:26:05,954 INFO    carry_forward: L1 chunk 6/6: 5814 chars, carried 216 -> 312 triples (+96) in 40.1s
2026-08-24 20:26:05,957 INFO    ontocast.tool.agg.aggregate: Starting aggregation with metadata for 1 units
2026-08-24 20:26:12,464 INFO    ontocast.tool.agg.aggregate: Aggregation entity classification stats: fact=58 known_ontology=2 tentative_ontology=46
2026-08-24 20:26:12,465 INFO    ontocast.tool.agg.clustering: Embedding 71 entity representations in parallel...
2026-08-24 20:26:14,393 INFO    ontocast.tool.sentence_transformer: Loading sentence-transformer model: sentence-transformers/paraphrase-multilingual-MiniLM-L12-v2 (device=auto)
2026-08-24 20:26:14,395 INFO    sentence_transformers.base.model: No device provided, using cpu
2026-08-24 20:26:14,529 INFO    httpx: HTTP Request: HEAD https://huggingface.co/sentence-transformers/paraphrase-multilingual-MiniLM-L12-v2/resolve/main/modules.json "HTTP/1.1 307 Temporary Redirect"
2026-08-24 20:26:14,537 INFO    httpx: HTTP Request: HEAD https://huggingface.co/api/resolve-cache/models/sentence-transformers/paraphrase-multilingual-MiniLM-L12-v2/e8f8c211226b894fcb81acc59f3b34ba3efd5f42/modules.json "HTTP/1.1 200 OK"
2026-08-24 20:26:14,640 INFO    httpx: HTTP Request: HEAD https://huggingface.co/sentence-transformers/paraphrase-multilingual-MiniLM-L12-v2/resolve/main/config_sentence_transformers.json "HTTP/1.1 307 Temporary Redirect"
2026-08-24 20:26:14,649 INFO    httpx: HTTP Request: HEAD https://huggingface.co/api/resolve-cache/models/sentence-transformers/paraphrase-multilingual-MiniLM-L12-v2/e8f8c211226b894fcb81acc59f3b34ba3efd5f42/config_sentence_transformers.json "HTTP/1.1 200 OK"
2026-08-24 20:26:14,649 INFO    sentence_transformers.base.model: Loading SentenceTransformer model from sentence-transformers/paraphrase-multilingual-MiniLM-L12-v2.
2026-08-24 20:26:14,748 INFO    httpx: HTTP Request: HEAD https://huggingface.co/sentence-transformers/paraphrase-multilingual-MiniLM-L12-v2/resolve/main/config_sentence_transformers.json "HTTP/1.1 307 Temporary Redirect"
2026-08-24 20:26:14,756 INFO    httpx: HTTP Request: HEAD https://huggingface.co/api/resolve-cache/models/sentence-transformers/paraphrase-multilingual-MiniLM-L12-v2/e8f8c211226b894fcb81acc59f3b34ba3efd5f42/config_sentence_transformers.json "HTTP/1.1 200 OK"
2026-08-24 20:26:14,858 INFO    httpx: HTTP Request: HEAD https://huggingface.co/sentence-transformers/paraphrase-multilingual-MiniLM-L12-v2/resolve/main/README.md "HTTP/1.1 307 Temporary Redirect"
2026-08-24 20:26:14,867 INFO    httpx: HTTP Request: HEAD https://huggingface.co/api/resolve-cache/models/sentence-transformers/paraphrase-multilingual-MiniLM-L12-v2/e8f8c211226b894fcb81acc59f3b34ba3efd5f42/README.md "HTTP/1.1 200 OK"
2026-08-24 20:26:14,968 INFO    httpx: HTTP Request: HEAD https://huggingface.co/sentence-transformers/paraphrase-multilingual-MiniLM-L12-v2/resolve/main/modules.json "HTTP/1.1 307 Temporary Redirect"
Warning: You are sending unauthenticated requests to the HF Hub. Please set a HF_TOKEN to enable higher rate limits and faster downloads.
2026-08-24 20:26:14,969 WARNING huggingface_hub.utils._http: Warning: You are sending unauthenticated requests to the HF Hub. Please set a HF_TOKEN to enable higher rate limits and faster downloads.
2026-08-24 20:26:14,978 INFO    httpx: HTTP Request: HEAD https://huggingface.co/api/resolve-cache/models/sentence-transformers/paraphrase-multilingual-MiniLM-L12-v2/e8f8c211226b894fcb81acc59f3b34ba3efd5f42/modules.json "HTTP/1.1 200 OK"
2026-08-24 20:26:15,111 INFO    httpx: HTTP Request: HEAD https://huggingface.co/sentence-transformers/paraphrase-multilingual-MiniLM-L12-v2/resolve/main/sentence_bert_config.json "HTTP/1.1 307 Temporary Redirect"
2026-08-24 20:26:15,119 INFO    httpx: HTTP Request: HEAD https://huggingface.co/api/resolve-cache/models/sentence-transformers/paraphrase-multilingual-MiniLM-L12-v2/e8f8c211226b894fcb81acc59f3b34ba3efd5f42/sentence_bert_config.json "HTTP/1.1 200 OK"
2026-08-24 20:26:15,367 INFO    httpx: HTTP Request: HEAD https://huggingface.co/sentence-transformers/paraphrase-multilingual-MiniLM-L12-v2/resolve/main/adapter_config.json "HTTP/1.1 404 Not Found"
2026-08-24 20:26:15,468 INFO    httpx: HTTP Request: HEAD https://huggingface.co/sentence-transformers/paraphrase-multilingual-MiniLM-L12-v2/resolve/main/config.json "HTTP/1.1 307 Temporary Redirect"
2026-08-24 20:26:15,477 INFO    httpx: HTTP Request: HEAD https://huggingface.co/api/resolve-cache/models/sentence-transformers/paraphrase-multilingual-MiniLM-L12-v2/e8f8c211226b894fcb81acc59f3b34ba3efd5f42/config.json "HTTP/1.1 200 OK"

Loading weights:   0%|          | 0/199 [00:00<?, ?it/s]
Loading weights: 100%|██████████| 199/199 [00:00<00:00, 7768.75it/s]
2026-08-24 20:26:15,724 INFO    httpx: HTTP Request: HEAD https://huggingface.co/sentence-transformers/paraphrase-multilingual-MiniLM-L12-v2/resolve/main/processor_config.json "HTTP/1.1 404 Not Found"
2026-08-24 20:26:15,831 INFO    httpx: HTTP Request: HEAD https://huggingface.co/sentence-transformers/paraphrase-multilingual-MiniLM-L12-v2/resolve/main/preprocessor_config.json "HTTP/1.1 404 Not Found"
2026-08-24 20:26:15,934 INFO    httpx: HTTP Request: HEAD https://huggingface.co/sentence-transformers/paraphrase-multilingual-MiniLM-L12-v2/resolve/main/video_preprocessor_config.json "HTTP/1.1 404 Not Found"
2026-08-24 20:26:16,038 INFO    httpx: HTTP Request: HEAD https://huggingface.co/sentence-transformers/paraphrase-multilingual-MiniLM-L12-v2/resolve/main/preprocessor_config.json "HTTP/1.1 404 Not Found"
2026-08-24 20:26:16,139 INFO    httpx: HTTP Request: HEAD https://huggingface.co/sentence-transformers/paraphrase-multilingual-MiniLM-L12-v2/resolve/main/tokenizer_config.json "HTTP/1.1 307 Temporary Redirect"
2026-08-24 20:26:16,147 INFO    httpx: HTTP Request: HEAD https://huggingface.co/api/resolve-cache/models/sentence-transformers/paraphrase-multilingual-MiniLM-L12-v2/e8f8c211226b894fcb81acc59f3b34ba3efd5f42/tokenizer_config.json "HTTP/1.1 200 OK"
2026-08-24 20:26:16,248 INFO    httpx: HTTP Request: HEAD https://huggingface.co/sentence-transformers/paraphrase-multilingual-MiniLM-L12-v2/resolve/main/config.json "HTTP/1.1 307 Temporary Redirect"
2026-08-24 20:26:16,256 INFO    httpx: HTTP Request: HEAD https://huggingface.co/api/resolve-cache/models/sentence-transformers/paraphrase-multilingual-MiniLM-L12-v2/e8f8c211226b894fcb81acc59f3b34ba3efd5f42/config.json "HTTP/1.1 200 OK"
2026-08-24 20:26:16,359 INFO    httpx: HTTP Request: HEAD https://huggingface.co/sentence-transformers/paraphrase-multilingual-MiniLM-L12-v2/resolve/main/config.json "HTTP/1.1 307 Temporary Redirect"
2026-08-24 20:26:16,367 INFO    httpx: HTTP Request: HEAD https://huggingface.co/api/resolve-cache/models/sentence-transformers/paraphrase-multilingual-MiniLM-L12-v2/e8f8c211226b894fcb81acc59f3b34ba3efd5f42/config.json "HTTP/1.1 200 OK"
2026-08-24 20:26:16,471 INFO    httpx: HTTP Request: HEAD https://huggingface.co/sentence-transformers/paraphrase-multilingual-MiniLM-L12-v2/resolve/main/tokenizer_config.json "HTTP/1.1 307 Temporary Redirect"
2026-08-24 20:26:16,479 INFO    httpx: HTTP Request: HEAD https://huggingface.co/api/resolve-cache/models/sentence-transformers/paraphrase-multilingual-MiniLM-L12-v2/e8f8c211226b894fcb81acc59f3b34ba3efd5f42/tokenizer_config.json "HTTP/1.1 200 OK"
2026-08-24 20:26:16,587 INFO    httpx: HTTP Request: HEAD https://huggingface.co/sentence-transformers/paraphrase-multilingual-MiniLM-L12-v2/resolve/main/tokenizer_config.json "HTTP/1.1 307 Temporary Redirect"
2026-08-24 20:26:16,597 INFO    httpx: HTTP Request: HEAD https://huggingface.co/api/resolve-cache/models/sentence-transformers/paraphrase-multilingual-MiniLM-L12-v2/e8f8c211226b894fcb81acc59f3b34ba3efd5f42/tokenizer_config.json "HTTP/1.1 200 OK"
2026-08-24 20:26:16,700 INFO    httpx: HTTP Request: GET https://huggingface.co/api/models/sentence-transformers/paraphrase-multilingual-MiniLM-L12-v2/tree/main/additional_chat_templates?recursive=false&expand=false "HTTP/1.1 404 Not Found"
2026-08-24 20:26:16,806 INFO    httpx: HTTP Request: GET https://huggingface.co/api/models/sentence-transformers/paraphrase-multilingual-MiniLM-L12-v2/tree/main?recursive=true&expand=false "HTTP/1.1 200 OK"
2026-08-24 20:26:18,230 INFO    httpx: HTTP Request: GET https://huggingface.co/api/models/sentence-transformers/paraphrase-multilingual-MiniLM-L12-v2 "HTTP/1.1 200 OK"
2026-08-24 20:26:18,536 INFO    httpx: HTTP Request: HEAD https://huggingface.co/sentence-transformers/paraphrase-multilingual-MiniLM-L12-v2/resolve/main/1_Pooling/config.json "HTTP/1.1 307 Temporary Redirect"
2026-08-24 20:26:18,545 INFO    httpx: HTTP Request: HEAD https://huggingface.co/api/resolve-cache/models/sentence-transformers/paraphrase-multilingual-MiniLM-L12-v2/e8f8c211226b894fcb81acc59f3b34ba3efd5f42/1_Pooling%2Fconfig.json "HTTP/1.1 200 OK"
2026-08-24 20:26:18,649 INFO    httpx: HTTP Request: GET https://huggingface.co/api/models/sentence-transformers/paraphrase-multilingual-MiniLM-L12-v2 "HTTP/1.1 200 OK"
2026-08-24 20:26:20,300 INFO    ontocast.tool.agg.clustering: Embedded 71 entities
2026-08-24 20:26:20,382 INFO    ontocast.tool.agg.clustering: Clustering 71 entities...
2026-08-24 20:26:20,399 INFO    ontocast.tool.agg.clustering: Formed 15 clusters: 10 singletons, 5 multi-entity clusters, max cluster size: 50
2026-08-24 20:26:20,400 INFO    ontocast.tool.agg.clustering: Embedding 25 entity representations in parallel...
2026-08-24 20:26:21,008 INFO    ontocast.tool.agg.clustering: Embedded 25 entities
2026-08-24 20:26:21,008 INFO    ontocast.tool.agg.clustering: Clustering 25 entities...
2026-08-24 20:26:21,013 INFO    ontocast.tool.agg.clustering: Formed 13 clusters: 9 singletons, 4 multi-entity clusters, max cluster size: 10
2026-08-24 20:26:21,013 INFO    ontocast.tool.agg.clustering: Embedding 10 entity representations in parallel...
2026-08-24 20:26:21,215 INFO    ontocast.tool.agg.clustering: Embedded 10 entities
2026-08-24 20:26:21,215 INFO    ontocast.tool.agg.clustering: Clustering 10 entities...
2026-08-24 20:26:21,218 INFO    ontocast.tool.agg.clustering: Formed 8 clusters: 6 singletons, 2 multi-entity clusters, max cluster size: 2
2026-08-24 20:26:21,309 INFO    ontocast.tool.agg.aggregate: Rejected 166 candidate merges after symbolic validation
2026-08-24 20:26:21,310 INFO    ontocast.tool.agg.clustering: Created mapping for 106 entities to 101 representatives
2026-08-24 20:26:21,311 INFO    ontocast.tool.agg.uri_builder: Built URI mapping: 106 entities, 58 normalised
2026-08-24 20:26:21,328 INFO    ontocast.tool.agg.rewriter: Merged 1 unit graphs with provenance: 312 -> 914 triples (54 entities merged)
2026-08-24 20:26:21,328 INFO    ontocast.tool.agg.aggregate: Aggregation with metadata complete
2026-08-24 20:26:21,364 INFO    carry_forward: L1 done: 6 chunk(s) -> 917 triples in 163.1s -> input.L1.facts.ttl
2026-08-24 20:26:21,365 INFO    ontocast.agent.chunk_text: Chunking the text
2026-08-24 20:26:21,369 INFO    ontocast.agent.chunk_text: Created 9 chunks for processing: [3397, 3230, 3244, 5857, 4748, 3390, 3977, 5728, 972]
2026-08-24 20:26:21,373 INFO    ontocast.agent.chunk_text: Created 9 content units: [3397, 3230, 3244, 5857, 4748, 3390, 3977, 5728, 972]
2026-08-24 20:26:21,374 INFO    ontocast.agent.chunk_text: Section labels: (unlabeled)=9
2026-08-24 20:26:21,374 INFO    carry_forward: L2: 9 chunk(s), sizes=[3397, 3230, 3244, 5857, 4748, 3390, 3977, 5728, 972]
2026-08-24 20:26:21,384 INFO    ontocast.stategraph.atomic: Ontology context for mode fixed_single_ontology: sources=['https://growgraph.dev/echr'] writable=['https://growgraph.dev/echr']
2026-08-24 20:26:21,384 INFO    ontocast.agent.render_facts: Render facts for content unit 1
2026-08-24 20:26:21,384 INFO    ontocast.agent.render_facts: Generating fresh facts as Turtle
2026-08-24 20:26:21,385 INFO    ontocast.agent.render_facts: Rendering fresh facts
2026-08-24 20:26:32,981 INFO    httpx: HTTP Request: POST http://localhost:8000/v1/chat/completions "HTTP/1.1 200 OK"
2026-08-24 20:26:33,021 INFO    ontocast.agent.render_facts: Fresh facts generated with 19 triple(s).
2026-08-24 20:26:33,021 INFO    ontocast.stategraph.atomic: Unit facts loop finishing on final render attempt 1/1 (skipping LLM critic; finding-driven repair renders may still run)
2026-08-24 20:26:33,024 INFO    carry_forward: L2 chunk 1/9: 3397 chars, carried 0 -> 19 triples (+19) in 11.6s
2026-08-24 20:26:33,036 INFO    ontocast.stategraph.atomic: Ontology context for mode fixed_single_ontology: sources=['https://growgraph.dev/echr'] writable=['https://growgraph.dev/echr']
2026-08-24 20:26:33,036 INFO    ontocast.agent.render_facts: Render facts for content unit 2
2026-08-24 20:26:33,036 INFO    ontocast.agent.render_facts: Generating facts update
2026-08-24 20:26:33,036 INFO    ontocast.agent.render_facts: Rendering updates for facts
2026-08-24 20:26:44,123 INFO    httpx: HTTP Request: POST http://localhost:8000/v1/chat/completions "HTTP/1.1 200 OK"
2026-08-24 20:26:44,199 INFO    ontocast.agent.render_facts: Facts update has 1 operation(s) with 20 total triple(s).
2026-08-24 20:26:44,199 INFO    ontocast.stategraph.atomic: Unit facts loop finishing on final render attempt 1/1 (skipping LLM critic; finding-driven repair renders may still run)
2026-08-24 20:26:44,205 INFO    carry_forward: L2 chunk 2/9: 3230 chars, carried 19 -> 39 triples (+20) in 11.2s
2026-08-24 20:26:44,222 INFO    ontocast.stategraph.atomic: Ontology context for mode fixed_single_ontology: sources=['https://growgraph.dev/echr'] writable=['https://growgraph.dev/echr']
2026-08-24 20:26:44,223 INFO    ontocast.agent.render_facts: Render facts for content unit 3
2026-08-24 20:26:44,223 INFO    ontocast.agent.render_facts: Generating facts update
2026-08-24 20:26:44,223 INFO    ontocast.agent.render_facts: Rendering updates for facts
2026-08-24 20:27:04,930 INFO    httpx: HTTP Request: POST http://localhost:8000/v1/chat/completions "HTTP/1.1 200 OK"
2026-08-24 20:27:05,144 INFO    ontocast.agent.render_facts: Facts update has 1 operation(s) with 51 total triple(s).
2026-08-24 20:27:05,144 INFO    ontocast.stategraph.atomic: Unit facts loop finishing on final render attempt 1/1 (skipping LLM critic; finding-driven repair renders may still run)
2026-08-24 20:27:05,150 INFO    carry_forward: L2 chunk 3/9: 3244 chars, carried 39 -> 90 triples (+51) in 20.9s
2026-08-24 20:27:05,163 INFO    ontocast.stategraph.atomic: Ontology context for mode fixed_single_ontology: sources=['https://growgraph.dev/echr'] writable=['https://growgraph.dev/echr']
2026-08-24 20:27:05,163 INFO    ontocast.agent.render_facts: Render facts for content unit 4
2026-08-24 20:27:05,163 INFO    ontocast.agent.render_facts: Generating facts update
2026-08-24 20:27:05,163 INFO    ontocast.agent.render_facts: Rendering updates for facts
2026-08-24 20:27:13,736 INFO    httpx: HTTP Request: POST http://localhost:8000/v1/chat/completions "HTTP/1.1 200 OK"
2026-08-24 20:27:13,794 INFO    ontocast.agent.render_facts: Facts update has 1 operation(s) with 16 total triple(s).
2026-08-24 20:27:13,794 INFO    ontocast.stategraph.atomic: Unit facts loop finishing on final render attempt 1/1 (skipping LLM critic; finding-driven repair renders may still run)
2026-08-24 20:27:13,800 INFO    carry_forward: L2 chunk 4/9: 5857 chars, carried 90 -> 106 triples (+16) in 8.6s
2026-08-24 20:27:13,813 INFO    ontocast.stategraph.atomic: Ontology context for mode fixed_single_ontology: sources=['https://growgraph.dev/echr'] writable=['https://growgraph.dev/echr']
2026-08-24 20:27:13,814 INFO    ontocast.agent.render_facts: Render facts for content unit 5
2026-08-24 20:27:13,814 INFO    ontocast.agent.render_facts: Generating facts update
2026-08-24 20:27:13,814 INFO    ontocast.agent.render_facts: Rendering updates for facts
2026-08-24 20:27:21,826 INFO    httpx: HTTP Request: POST http://localhost:8000/v1/chat/completions "HTTP/1.1 200 OK"
2026-08-24 20:27:21,861 INFO    ontocast.tool.facts_invariants: Repaired literal rdf:type object 'echr:DomesticAuthority' -> <https://growgraph.dev/echr#DomesticAuthority>
2026-08-24 20:27:21,862 INFO    ontocast.tool.facts_invariants: Repaired literal rdf:type object 'echr:DomesticAuthority' -> <https://growgraph.dev/echr#DomesticAuthority>
2026-08-24 20:27:21,862 INFO    ontocast.tool.facts_invariants: Repaired literal rdf:type object 'echr:DomesticAuthority' -> <https://growgraph.dev/echr#DomesticAuthority>
2026-08-24 20:27:21,862 INFO    ontocast.tool.facts_invariants: Repaired literal rdf:type object 'echr:DomesticAuthority' -> <https://growgraph.dev/echr#DomesticAuthority>
2026-08-24 20:27:21,863 INFO    ontocast.agent.render_facts: Deterministic graph repair: retyped 0 literal(s), coerced 4 rdf:type literal(s), rewrote 0 alias triple(s), resolved 0 code(s)
2026-08-24 20:27:21,865 WARNING ontocast.tool.validate: Quarantined 4 literal triple(s) on object properties
2026-08-24 20:27:21,865 WARNING ontocast.agent.render_facts: Facts update quarantined 4 triple(s) with invalid literals
2026-08-24 20:27:21,881 INFO    ontocast.agent.render_facts: Facts update has 1 operation(s) with 17 total triple(s).
2026-08-24 20:27:21,881 INFO    ontocast.stategraph.atomic: Unit facts loop finishing on final render attempt 1/1 (skipping LLM critic; finding-driven repair renders may still run)
2026-08-24 20:27:21,886 INFO    ontocast.stategraph.atomic: Finding-driven facts repair render 1/1: 5 finding(s) (4 mandatory)
2026-08-24 20:27:21,886 INFO    ontocast.agent.render_facts: Render facts for content unit 5
2026-08-24 20:27:21,886 INFO    ontocast.agent.render_facts: Generating facts update
2026-08-24 20:27:21,886 INFO    ontocast.agent.render_facts: Rendering updates for facts
2026-08-24 20:27:29,097 INFO    httpx: HTTP Request: POST http://localhost:8000/v1/chat/completions "HTTP/1.1 200 OK"
2026-08-24 20:27:29,142 INFO    ontocast.agent.render_facts: Facts update has 1 operation(s) with 9 total triple(s).
2026-08-24 20:27:29,149 INFO    carry_forward: L2 chunk 5/9: 4748 chars, carried 106 -> 131 triples (+25) in 15.3s
2026-08-24 20:27:29,163 INFO    ontocast.stategraph.atomic: Ontology context for mode fixed_single_ontology: sources=['https://growgraph.dev/echr'] writable=['https://growgraph.dev/echr']
2026-08-24 20:27:29,164 INFO    ontocast.agent.render_facts: Render facts for content unit 6
2026-08-24 20:27:29,164 INFO    ontocast.agent.render_facts: Generating facts update
2026-08-24 20:27:29,164 INFO    ontocast.agent.render_facts: Rendering updates for facts
2026-08-24 20:27:35,407 INFO    httpx: HTTP Request: POST http://localhost:8000/v1/chat/completions "HTTP/1.1 200 OK"
2026-08-24 20:27:35,445 INFO    ontocast.agent.render_facts: Facts update has 1 operation(s) with 7 total triple(s).
2026-08-24 20:27:35,445 INFO    ontocast.stategraph.atomic: Unit facts loop finishing on final render attempt 1/1 (skipping LLM critic; finding-driven repair renders may still run)
2026-08-24 20:27:35,454 INFO    carry_forward: L2 chunk 6/9: 3390 chars, carried 131 -> 136 triples (+5) in 6.3s
2026-08-24 20:27:35,469 INFO    ontocast.stategraph.atomic: Ontology context for mode fixed_single_ontology: sources=['https://growgraph.dev/echr'] writable=['https://growgraph.dev/echr']
2026-08-24 20:27:35,469 INFO    ontocast.agent.render_facts: Render facts for content unit 7
2026-08-24 20:27:35,469 INFO    ontocast.agent.render_facts: Generating facts update
2026-08-24 20:27:35,469 INFO    ontocast.agent.render_facts: Rendering updates for facts
2026-08-24 20:27:42,307 INFO    httpx: HTTP Request: POST http://localhost:8000/v1/chat/completions "HTTP/1.1 200 OK"
2026-08-24 20:27:42,352 INFO    ontocast.agent.render_facts: Facts update has 1 operation(s) with 9 total triple(s).
2026-08-24 20:27:42,353 INFO    ontocast.stategraph.atomic: Unit facts loop finishing on final render attempt 1/1 (skipping LLM critic; finding-driven repair renders may still run)
2026-08-24 20:27:42,360 INFO    carry_forward: L2 chunk 7/9: 3977 chars, carried 136 -> 145 triples (+9) in 6.9s
2026-08-24 20:27:42,374 INFO    ontocast.stategraph.atomic: Ontology context for mode fixed_single_ontology: sources=['https://growgraph.dev/echr'] writable=['https://growgraph.dev/echr']
2026-08-24 20:27:42,374 INFO    ontocast.agent.render_facts: Render facts for content unit 8
2026-08-24 20:27:42,374 INFO    ontocast.agent.render_facts: Generating facts update
2026-08-24 20:27:42,374 INFO    ontocast.agent.render_facts: Rendering updates for facts
2026-08-24 20:27:51,829 INFO    httpx: HTTP Request: POST http://localhost:8000/v1/chat/completions "HTTP/1.1 200 OK"
2026-08-24 20:27:51,902 INFO    ontocast.agent.render_facts: Facts update has 1 operation(s) with 16 total triple(s).
2026-08-24 20:27:51,902 INFO    ontocast.stategraph.atomic: Unit facts loop finishing on final render attempt 1/1 (skipping LLM critic; finding-driven repair renders may still run)
2026-08-24 20:27:51,910 INFO    carry_forward: L2 chunk 8/9: 5728 chars, carried 145 -> 161 triples (+16) in 9.5s
2026-08-24 20:27:51,924 INFO    ontocast.stategraph.atomic: Ontology context for mode fixed_single_ontology: sources=['https://growgraph.dev/echr'] writable=['https://growgraph.dev/echr']
2026-08-24 20:27:51,925 INFO    ontocast.agent.render_facts: Render facts for content unit 9
2026-08-24 20:27:51,925 INFO    ontocast.agent.render_facts: Generating facts update
2026-08-24 20:27:51,925 INFO    ontocast.agent.render_facts: Rendering updates for facts
2026-08-24 20:27:56,131 INFO    httpx: HTTP Request: POST http://localhost:8000/v1/chat/completions "HTTP/1.1 200 OK"
2026-08-24 20:27:56,157 INFO    ontocast.agent.render_facts: Facts update has 1 operation(s) with 1 total triple(s).
2026-08-24 20:27:56,157 INFO    ontocast.stategraph.atomic: Unit facts loop finishing on final render attempt 1/1 (skipping LLM critic; finding-driven repair renders may still run)
2026-08-24 20:27:56,165 INFO    carry_forward: L2 chunk 9/9: 972 chars, carried 161 -> 162 triples (+1) in 4.2s
2026-08-24 20:27:56,168 INFO    ontocast.tool.agg.aggregate: Starting aggregation with metadata for 1 units
2026-08-24 20:27:58,610 INFO    ontocast.tool.agg.aggregate: Aggregation entity classification stats: fact=32 known_ontology=2 tentative_ontology=38
2026-08-24 20:27:58,610 INFO    ontocast.tool.agg.clustering: Embedding 42 entity representations in parallel...
2026-08-24 20:27:59,703 INFO    ontocast.tool.agg.clustering: Embedded 42 entities
2026-08-24 20:27:59,703 INFO    ontocast.tool.agg.clustering: Clustering 42 entities...
2026-08-24 20:27:59,708 INFO    ontocast.tool.agg.clustering: Formed 12 clusters: 8 singletons, 4 multi-entity clusters, max cluster size: 22
2026-08-24 20:27:59,708 INFO    ontocast.tool.agg.clustering: Embedding 23 entity representations in parallel...
2026-08-24 20:28:00,207 INFO    ontocast.tool.agg.clustering: Embedded 23 entities
2026-08-24 20:28:00,207 INFO    ontocast.tool.agg.clustering: Clustering 23 entities...
2026-08-24 20:28:00,210 INFO    ontocast.tool.agg.clustering: Formed 12 clusters: 8 singletons, 4 multi-entity clusters, max cluster size: 8
2026-08-24 20:28:00,210 INFO    ontocast.tool.agg.clustering: Embedding 7 entity representations in parallel...
2026-08-24 20:28:00,309 INFO    ontocast.tool.agg.clustering: Embedded 7 entities
2026-08-24 20:28:00,309 INFO    ontocast.tool.agg.clustering: Clustering 7 entities...
2026-08-24 20:28:00,311 INFO    ontocast.tool.agg.clustering: Formed 6 clusters: 5 singletons, 1 multi-entity clusters, max cluster size: 2
2026-08-24 20:28:00,326 INFO    ontocast.tool.agg.aggregate: Rejected 72 candidate merges after symbolic validation
2026-08-24 20:28:00,326 INFO    ontocast.tool.agg.clustering: Created mapping for 72 entities to 72 representatives
2026-08-24 20:28:00,327 INFO    ontocast.tool.agg.uri_builder: Built URI mapping: 72 entities, 32 normalised
2026-08-24 20:28:00,336 INFO    ontocast.tool.agg.rewriter: Merged 1 unit graphs with provenance: 162 -> 491 triples (32 entities merged)
2026-08-24 20:28:00,337 INFO    ontocast.tool.agg.aggregate: Aggregation with metadata complete
2026-08-24 20:28:00,363 INFO    carry_forward: L2 done: 9 chunk(s) -> 494 triples in 99.0s -> input.L2.facts.ttl
2026-08-24 20:28:00,365 INFO    ontocast.agent.chunk_text: Chunking the text
2026-08-24 20:28:00,367 INFO    ontocast.agent.chunk_text: Created 8 chunks for processing: [3022, 3848, 3259, 3496, 3012, 3539, 3295, 5381]
2026-08-24 20:28:00,369 INFO    ontocast.agent.chunk_text: Created 8 content units: [3022, 3848, 3259, 3496, 3012, 3539, 3295, 5381]
2026-08-24 20:28:00,369 INFO    ontocast.agent.chunk_text: Section labels: (unlabeled)=8
2026-08-24 20:28:00,370 INFO    carry_forward: L3: 8 chunk(s), sizes=[3022, 3848, 3259, 3496, 3012, 3539, 3295, 5381]
2026-08-24 20:28:00,381 INFO    ontocast.stategraph.atomic: Ontology context for mode fixed_single_ontology: sources=['https://growgraph.dev/echr'] writable=['https://growgraph.dev/echr']
2026-08-24 20:28:00,381 INFO    ontocast.agent.render_facts: Render facts for content unit 1
2026-08-24 20:28:00,381 INFO    ontocast.agent.render_facts: Generating fresh facts as Turtle
2026-08-24 20:28:00,381 INFO    ontocast.agent.render_facts: Rendering fresh facts
2026-08-24 20:28:15,100 INFO    httpx: HTTP Request: POST http://localhost:8000/v1/chat/completions "HTTP/1.1 200 OK"
2026-08-24 20:28:15,207 INFO    ontocast.agent.render_facts: Fresh facts generated with 33 triple(s).
2026-08-24 20:28:15,207 INFO    ontocast.stategraph.atomic: Unit facts loop finishing on final render attempt 1/1 (skipping LLM critic; finding-driven repair renders may still run)
2026-08-24 20:28:15,210 INFO    carry_forward: L3 chunk 1/8: 3022 chars, carried 0 -> 33 triples (+33) in 14.8s
2026-08-24 20:28:15,223 INFO    ontocast.stategraph.atomic: Ontology context for mode fixed_single_ontology: sources=['https://growgraph.dev/echr'] writable=['https://growgraph.dev/echr']
2026-08-24 20:28:15,223 INFO    ontocast.agent.render_facts: Render facts for content unit 2
2026-08-24 20:28:15,223 INFO    ontocast.agent.render_facts: Generating facts update
2026-08-24 20:28:15,223 INFO    ontocast.agent.render_facts: Rendering updates for facts
2026-08-24 20:28:37,297 INFO    httpx: HTTP Request: POST http://localhost:8000/v1/chat/completions "HTTP/1.1 200 OK"
2026-08-24 20:28:37,595 INFO    ontocast.agent.render_facts: Facts update has 1 operation(s) with 47 total triple(s).
2026-08-24 20:28:37,595 INFO    ontocast.stategraph.atomic: Unit facts loop finishing on final render attempt 1/1 (skipping LLM critic; finding-driven repair renders may still run)
2026-08-24 20:28:37,600 INFO    carry_forward: L3 chunk 2/8: 3848 chars, carried 33 -> 80 triples (+47) in 22.4s
2026-08-24 20:28:37,614 INFO    ontocast.stategraph.atomic: Ontology context for mode fixed_single_ontology: sources=['https://growgraph.dev/echr'] writable=['https://growgraph.dev/echr']
2026-08-24 20:28:37,614 INFO    ontocast.agent.render_facts: Render facts for content unit 3
2026-08-24 20:28:37,614 INFO    ontocast.agent.render_facts: Generating facts update
2026-08-24 20:28:37,614 INFO    ontocast.agent.render_facts: Rendering updates for facts
2026-08-24 20:29:09,671 INFO    httpx: HTTP Request: POST http://localhost:8000/v1/chat/completions "HTTP/1.1 200 OK"
2026-08-24 20:29:10,206 INFO    ontocast.agent.render_facts: Facts update has 1 operation(s) with 64 total triple(s).
2026-08-24 20:29:10,206 INFO    ontocast.stategraph.atomic: Unit facts loop finishing on final render attempt 1/1 (skipping LLM critic; finding-driven repair renders may still run)
2026-08-24 20:29:10,212 INFO    carry_forward: L3 chunk 3/8: 3259 chars, carried 80 -> 144 triples (+64) in 32.6s
2026-08-24 20:29:10,225 INFO    ontocast.stategraph.atomic: Ontology context for mode fixed_single_ontology: sources=['https://growgraph.dev/echr'] writable=['https://growgraph.dev/echr']
2026-08-24 20:29:10,225 INFO    ontocast.agent.render_facts: Render facts for content unit 4
2026-08-24 20:29:10,225 INFO    ontocast.agent.render_facts: Generating facts update
2026-08-24 20:29:10,225 INFO    ontocast.agent.render_facts: Rendering updates for facts
2026-08-24 20:29:43,669 INFO    httpx: HTTP Request: POST http://localhost:8000/v1/chat/completions "HTTP/1.1 200 OK"
2026-08-24 20:29:44,235 INFO    ontocast.agent.render_facts: Facts update has 2 operation(s) with 65 total triple(s).
2026-08-24 20:29:44,235 INFO    ontocast.stategraph.atomic: Unit facts loop finishing on final render attempt 1/1 (skipping LLM critic; finding-driven repair renders may still run)
2026-08-24 20:29:44,242 INFO    carry_forward: L3 chunk 4/8: 3496 chars, carried 144 -> 209 triples (+65) in 34.0s
2026-08-24 20:29:44,253 INFO    ontocast.stategraph.atomic: Ontology context for mode fixed_single_ontology: sources=['https://growgraph.dev/echr'] writable=['https://growgraph.dev/echr']
2026-08-24 20:29:44,253 INFO    ontocast.agent.render_facts: Render facts for content unit 5
2026-08-24 20:29:44,253 INFO    ontocast.agent.render_facts: Generating facts update
2026-08-24 20:29:44,253 INFO    ontocast.agent.render_facts: Rendering updates for facts
2026-08-24 20:30:03,832 INFO    httpx: HTTP Request: POST http://localhost:8000/v1/chat/completions "HTTP/1.1 200 OK"
2026-08-24 20:30:04,053 INFO    ontocast.agent.render_facts: Facts update has 1 operation(s) with 43 total triple(s).
2026-08-24 20:30:04,054 INFO    ontocast.stategraph.atomic: Unit facts loop finishing on final render attempt 1/1 (skipping LLM critic; finding-driven repair renders may still run)
2026-08-24 20:30:04,065 INFO    carry_forward: L3 chunk 5/8: 3012 chars, carried 209 -> 251 triples (+42) in 19.8s
2026-08-24 20:30:04,080 INFO    ontocast.stategraph.atomic: Ontology context for mode fixed_single_ontology: sources=['https://growgraph.dev/echr'] writable=['https://growgraph.dev/echr']
2026-08-24 20:30:04,080 INFO    ontocast.agent.render_facts: Render facts for content unit 6
2026-08-24 20:30:04,080 INFO    ontocast.agent.render_facts: Generating facts update
2026-08-24 20:30:04,080 INFO    ontocast.agent.render_facts: Rendering updates for facts
2026-08-24 20:30:21,124 INFO    httpx: HTTP Request: POST http://localhost:8000/v1/chat/completions "HTTP/1.1 200 OK"
2026-08-24 20:30:21,678 INFO    ontocast.agent.render_facts: Facts update has 2 operation(s) with 29 total triple(s).
2026-08-24 20:30:21,679 INFO    ontocast.stategraph.atomic: Unit facts loop finishing on final render attempt 1/1 (skipping LLM critic; finding-driven repair renders may still run)
2026-08-24 20:30:21,692 INFO    carry_forward: L3 chunk 6/8: 3539 chars, carried 251 -> 279 triples (+28) in 17.6s
2026-08-24 20:30:21,710 INFO    ontocast.stategraph.atomic: Ontology context for mode fixed_single_ontology: sources=['https://growgraph.dev/echr'] writable=['https://growgraph.dev/echr']
2026-08-24 20:30:21,710 INFO    ontocast.agent.render_facts: Render facts for content unit 7
2026-08-24 20:30:21,710 INFO    ontocast.agent.render_facts: Generating facts update
2026-08-24 20:30:21,710 INFO    ontocast.agent.render_facts: Rendering updates for facts
2026-08-24 20:30:49,701 INFO    httpx: HTTP Request: POST http://localhost:8000/v1/chat/completions "HTTP/1.1 200 OK"
2026-08-24 20:30:50,030 INFO    ontocast.agent.render_facts: Facts update has 1 operation(s) with 61 total triple(s).
2026-08-24 20:30:50,030 INFO    ontocast.stategraph.atomic: Unit facts loop finishing on final render attempt 1/1 (skipping LLM critic; finding-driven repair renders may still run)
2026-08-24 20:30:50,044 INFO    carry_forward: L3 chunk 7/8: 3295 chars, carried 279 -> 340 triples (+61) in 28.3s
2026-08-24 20:30:50,064 INFO    ontocast.stategraph.atomic: Ontology context for mode fixed_single_ontology: sources=['https://growgraph.dev/echr'] writable=['https://growgraph.dev/echr']
2026-08-24 20:30:50,064 INFO    ontocast.agent.render_facts: Render facts for content unit 8
2026-08-24 20:30:50,064 INFO    ontocast.agent.render_facts: Generating facts update
2026-08-24 20:30:50,064 INFO    ontocast.agent.render_facts: Rendering updates for facts
2026-08-24 20:31:08,708 INFO    httpx: HTTP Request: POST http://localhost:8000/v1/chat/completions "HTTP/1.1 200 OK"
2026-08-24 20:31:08,894 INFO    ontocast.agent.render_facts: Facts update has 1 operation(s) with 37 total triple(s).
2026-08-24 20:31:08,894 INFO    ontocast.stategraph.atomic: Unit facts loop finishing on final render attempt 1/1 (skipping LLM critic; finding-driven repair renders may still run)
2026-08-24 20:31:08,910 INFO    carry_forward: L3 chunk 8/8: 5381 chars, carried 340 -> 377 triples (+37) in 18.9s
2026-08-24 20:31:08,917 INFO    ontocast.tool.agg.aggregate: Starting aggregation with metadata for 1 units
2026-08-24 20:31:19,216 INFO    ontocast.tool.agg.aggregate: Aggregation entity classification stats: fact=72 known_ontology=2 tentative_ontology=49
2026-08-24 20:31:19,216 INFO    ontocast.tool.agg.clustering: Embedding 28 entity representations in parallel...
2026-08-24 20:31:19,999 INFO    ontocast.tool.agg.clustering: Embedded 28 entities
2026-08-24 20:31:19,999 INFO    ontocast.tool.agg.clustering: Clustering 28 entities...
2026-08-24 20:31:20,003 INFO    ontocast.tool.agg.clustering: Formed 11 clusters: 4 singletons, 7 multi-entity clusters, max cluster size: 8
2026-08-24 20:31:20,004 INFO    ontocast.tool.agg.clustering: Embedding 86 entity representations in parallel...
2026-08-24 20:31:21,824 INFO    ontocast.tool.agg.clustering: Embedded 86 entities
2026-08-24 20:31:21,825 INFO    ontocast.tool.agg.clustering: Clustering 86 entities...
2026-08-24 20:31:21,828 INFO    ontocast.tool.agg.clustering: Formed 9 clusters: 3 singletons, 6 multi-entity clusters, max cluster size: 57
2026-08-24 20:31:21,828 INFO    ontocast.tool.agg.clustering: Embedding 9 entity representations in parallel...
2026-08-24 20:31:22,193 INFO    ontocast.tool.agg.clustering: Embedded 9 entities
2026-08-24 20:31:22,193 INFO    ontocast.tool.agg.clustering: Clustering 9 entities...
2026-08-24 20:31:22,196 INFO    ontocast.tool.agg.clustering: Formed 8 clusters: 7 singletons, 1 multi-entity clusters, max cluster size: 2
2026-08-24 20:31:22,314 INFO    ontocast.tool.agg.aggregate: Rejected 264 candidate merges after symbolic validation
2026-08-24 20:31:22,314 INFO    ontocast.tool.agg.clustering: Created mapping for 123 entities to 114 representatives
2026-08-24 20:31:22,315 INFO    ontocast.tool.agg.uri_builder: Built URI mapping: 123 entities, 72 normalised
2026-08-24 20:31:22,335 INFO    ontocast.tool.agg.rewriter: Merged 1 unit graphs with provenance: 377 -> 1073 triples (65 entities merged)
2026-08-24 20:31:22,335 INFO    ontocast.tool.agg.aggregate: Aggregation with metadata complete
2026-08-24 20:31:22,377 INFO    carry_forward: L3 done: 8 chunk(s) -> 1076 triples in 202.0s -> input.L3.facts.ttl
2026-08-24 20:31:22,378 INFO    ontocast.agent.chunk_text: Chunking the text
2026-08-24 20:31:22,381 INFO    ontocast.agent.chunk_text: Created 7 chunks for processing: [4662, 3735, 3094, 3487, 3176, 3242, 3835]
2026-08-24 20:31:22,383 INFO    ontocast.agent.chunk_text: Created 7 content units: [4662, 3735, 3094, 3487, 3176, 3242, 3835]
2026-08-24 20:31:22,383 INFO    ontocast.agent.chunk_text: Section labels: (unlabeled)=7
2026-08-24 20:31:22,384 INFO    carry_forward: L4: 7 chunk(s), sizes=[4662, 3735, 3094, 3487, 3176, 3242, 3835]
2026-08-24 20:31:22,395 INFO    ontocast.stategraph.atomic: Ontology context for mode fixed_single_ontology: sources=['https://growgraph.dev/echr'] writable=['https://growgraph.dev/echr']
2026-08-24 20:31:22,395 INFO    ontocast.agent.render_facts: Render facts for content unit 1
2026-08-24 20:31:22,395 INFO    ontocast.agent.render_facts: Generating fresh facts as Turtle
2026-08-24 20:31:22,395 INFO    ontocast.agent.render_facts: Rendering fresh facts
2026-08-24 20:31:37,961 INFO    httpx: HTTP Request: POST http://localhost:8000/v1/chat/completions "HTTP/1.1 200 OK"
2026-08-24 20:31:38,064 INFO    ontocast.agent.render_facts: Fresh facts generated with 33 triple(s).
2026-08-24 20:31:38,064 INFO    ontocast.stategraph.atomic: Unit facts loop finishing on final render attempt 1/1 (skipping LLM critic; finding-driven repair renders may still run)
2026-08-24 20:31:38,067 INFO    carry_forward: L4 chunk 1/7: 4662 chars, carried 0 -> 33 triples (+33) in 15.7s
2026-08-24 20:31:38,087 INFO    ontocast.stategraph.atomic: Ontology context for mode fixed_single_ontology: sources=['https://growgraph.dev/echr'] writable=['https://growgraph.dev/echr']
2026-08-24 20:31:38,088 INFO    ontocast.agent.render_facts: Render facts for content unit 2
2026-08-24 20:31:38,088 INFO    ontocast.agent.render_facts: Generating facts update
2026-08-24 20:31:38,088 INFO    ontocast.agent.render_facts: Rendering updates for facts
2026-08-24 20:31:52,512 INFO    httpx: HTTP Request: POST http://localhost:8000/v1/chat/completions "HTTP/1.1 200 OK"
2026-08-24 20:31:52,623 INFO    ontocast.agent.render_facts: Facts update has 1 operation(s) with 29 total triple(s).
2026-08-24 20:31:52,623 INFO    ontocast.stategraph.atomic: Unit facts loop finishing on final render attempt 1/1 (skipping LLM critic; finding-driven repair renders may still run)
2026-08-24 20:31:52,628 INFO    carry_forward: L4 chunk 2/7: 3735 chars, carried 33 -> 62 triples (+29) in 14.6s
2026-08-24 20:31:52,640 INFO    ontocast.stategraph.atomic: Ontology context for mode fixed_single_ontology: sources=['https://growgraph.dev/echr'] writable=['https://growgraph.dev/echr']
2026-08-24 20:31:52,640 INFO    ontocast.agent.render_facts: Render facts for content unit 3
2026-08-24 20:31:52,640 INFO    ontocast.agent.render_facts: Generating facts update
2026-08-24 20:31:52,640 INFO    ontocast.agent.render_facts: Rendering updates for facts
2026-08-24 20:32:05,776 INFO    httpx: HTTP Request: POST http://localhost:8000/v1/chat/completions "HTTP/1.1 200 OK"
2026-08-24 20:32:05,883 INFO    ontocast.agent.render_facts: Facts update has 1 operation(s) with 27 total triple(s).
2026-08-24 20:32:05,883 INFO    ontocast.stategraph.atomic: Unit facts loop finishing on final render attempt 1/1 (skipping LLM critic; finding-driven repair renders may still run)
2026-08-24 20:32:05,889 INFO    carry_forward: L4 chunk 3/7: 3094 chars, carried 62 -> 89 triples (+27) in 13.3s
2026-08-24 20:32:05,902 INFO    ontocast.stategraph.atomic: Ontology context for mode fixed_single_ontology: sources=['https://growgraph.dev/echr'] writable=['https://growgraph.dev/echr']
2026-08-24 20:32:05,902 INFO    ontocast.agent.render_facts: Render facts for content unit 4
2026-08-24 20:32:05,902 INFO    ontocast.agent.render_facts: Generating facts update
2026-08-24 20:32:05,902 INFO    ontocast.agent.render_facts: Rendering updates for facts
2026-08-24 20:32:31,083 INFO    httpx: HTTP Request: POST http://localhost:8000/v1/chat/completions "HTTP/1.1 200 OK"
2026-08-24 20:32:31,440 INFO    ontocast.agent.render_facts: Facts update has 1 operation(s) with 61 total triple(s).
2026-08-24 20:32:31,440 INFO    ontocast.stategraph.atomic: Unit facts loop finishing on final render attempt 1/1 (skipping LLM critic; finding-driven repair renders may still run)
2026-08-24 20:32:31,447 INFO    carry_forward: L4 chunk 4/7: 3487 chars, carried 89 -> 150 triples (+61) in 25.6s
2026-08-24 20:32:31,463 INFO    ontocast.stategraph.atomic: Ontology context for mode fixed_single_ontology: sources=['https://growgraph.dev/echr'] writable=['https://growgraph.dev/echr']
2026-08-24 20:32:31,463 INFO    ontocast.agent.render_facts: Render facts for content unit 5
2026-08-24 20:32:31,463 INFO    ontocast.agent.render_facts: Generating facts update
2026-08-24 20:32:31,463 INFO    ontocast.agent.render_facts: Rendering updates for facts
2026-08-24 20:32:43,365 INFO    httpx: HTTP Request: POST http://localhost:8000/v1/chat/completions "HTTP/1.1 200 OK"
2026-08-24 20:32:43,463 INFO    ontocast.agent.render_facts: Facts update has 1 operation(s) with 23 total triple(s).
2026-08-24 20:32:43,463 INFO    ontocast.stategraph.atomic: Unit facts loop finishing on final render attempt 1/1 (skipping LLM critic; finding-driven repair renders may still run)
2026-08-24 20:32:43,472 INFO    carry_forward: L4 chunk 5/7: 3176 chars, carried 150 -> 173 triples (+23) in 12.0s
2026-08-24 20:32:43,487 INFO    ontocast.stategraph.atomic: Ontology context for mode fixed_single_ontology: sources=['https://growgraph.dev/echr'] writable=['https://growgraph.dev/echr']
2026-08-24 20:32:43,487 INFO    ontocast.agent.render_facts: Render facts for content unit 6
2026-08-24 20:32:43,487 INFO    ontocast.agent.render_facts: Generating facts update
2026-08-24 20:32:43,487 INFO    ontocast.agent.render_facts: Rendering updates for facts
2026-08-24 20:33:13,473 INFO    httpx: HTTP Request: POST http://localhost:8000/v1/chat/completions "HTTP/1.1 200 OK"
2026-08-24 20:33:13,775 WARNING ontocast.onto.rdfgraph: JSON-LD normalization failed (('Could not convert input to RDF dataset before normalization.',)
Type: jsonld.NormalizeError); retrying with rdflib json-ld parser
2026-08-24 20:33:13,875 INFO    ontocast.agent.render_facts: Facts update has 1 operation(s) with 68 total triple(s).
2026-08-24 20:33:13,875 INFO    ontocast.stategraph.atomic: Unit facts loop finishing on final render attempt 1/1 (skipping LLM critic; finding-driven repair renders may still run)
2026-08-24 20:33:13,886 INFO    carry_forward: L4 chunk 6/7: 3242 chars, carried 173 -> 241 triples (+68) in 30.4s
2026-08-24 20:33:14,529 INFO    ontocast.stategraph.atomic: Ontology context for mode fixed_single_ontology: sources=['https://growgraph.dev/echr'] writable=['https://growgraph.dev/echr']
2026-08-24 20:33:14,529 INFO    ontocast.agent.render_facts: Render facts for content unit 7
2026-08-24 20:33:14,529 INFO    ontocast.agent.render_facts: Generating facts update
2026-08-24 20:33:14,529 INFO    ontocast.agent.render_facts: Rendering updates for facts
2026-08-24 20:33:53,353 INFO    httpx: HTTP Request: POST http://localhost:8000/v1/chat/completions "HTTP/1.1 200 OK"
2026-08-24 20:33:53,974 INFO    ontocast.agent.render_facts: Facts update has 1 operation(s) with 86 total triple(s).
2026-08-24 20:33:53,974 INFO    ontocast.stategraph.atomic: Unit facts loop finishing on final render attempt 1/1 (skipping LLM critic; finding-driven repair renders may still run)
2026-08-24 20:33:53,982 INFO    carry_forward: L4 chunk 7/7: 3835 chars, carried 241 -> 327 triples (+86) in 40.1s
2026-08-24 20:33:53,985 INFO    ontocast.tool.agg.aggregate: Starting aggregation with metadata for 1 units
2026-08-24 20:34:00,923 INFO    ontocast.tool.agg.aggregate: Aggregation entity classification stats: fact=61 known_ontology=2 tentative_ontology=49
2026-08-24 20:34:00,923 INFO    ontocast.tool.agg.clustering: Embedding 74 entity representations in parallel...
2026-08-24 20:34:02,453 INFO    ontocast.tool.agg.clustering: Embedded 74 entities
2026-08-24 20:34:02,454 INFO    ontocast.tool.agg.clustering: Clustering 74 entities...
2026-08-24 20:34:02,457 INFO    ontocast.tool.agg.clustering: Formed 10 clusters: 7 singletons, 3 multi-entity clusters, max cluster size: 60
2026-08-24 20:34:02,458 INFO    ontocast.tool.agg.clustering: Embedding 28 entity representations in parallel...
2026-08-24 20:34:03,162 INFO    ontocast.tool.agg.clustering: Embedded 28 entities
2026-08-24 20:34:03,162 INFO    ontocast.tool.agg.clustering: Clustering 28 entities...
2026-08-24 20:34:03,165 INFO    ontocast.tool.agg.clustering: Formed 11 clusters: 6 singletons, 5 multi-entity clusters, max cluster size: 13
2026-08-24 20:34:03,165 INFO    ontocast.tool.agg.clustering: Embedding 10 entity representations in parallel...
2026-08-24 20:34:03,286 INFO    ontocast.tool.agg.clustering: Embedded 10 entities
2026-08-24 20:34:03,287 INFO    ontocast.tool.agg.clustering: Clustering 10 entities...
2026-08-24 20:34:03,289 INFO    ontocast.tool.agg.clustering: Formed 9 clusters: 8 singletons, 1 multi-entity clusters, max cluster size: 2
2026-08-24 20:34:03,403 INFO    ontocast.tool.agg.aggregate: Rejected 331 candidate merges after symbolic validation
2026-08-24 20:34:03,403 INFO    ontocast.tool.agg.clustering: Created mapping for 112 entities to 109 representatives
2026-08-24 20:34:03,404 INFO    ontocast.tool.agg.uri_builder: Built URI mapping: 112 entities, 61 normalised
2026-08-24 20:34:03,422 INFO    ontocast.tool.agg.rewriter: Merged 1 unit graphs with provenance: 327 -> 968 triples (59 entities merged)
2026-08-24 20:34:03,422 INFO    ontocast.tool.agg.aggregate: Aggregation with metadata complete
2026-08-24 20:34:03,461 INFO    carry_forward: L4 done: 7 chunk(s) -> 971 triples in 161.1s -> input.L4.facts.ttl
2026-08-24 20:34:03,462 INFO    ontocast.agent.chunk_text: Chunking the text
2026-08-24 20:34:03,464 INFO    ontocast.agent.chunk_text: Created 7 chunks for processing: [3422, 3248, 4572, 3849, 3197, 3210, 5038]
2026-08-24 20:34:03,467 INFO    ontocast.agent.chunk_text: Created 7 content units: [3422, 3248, 4572, 3849, 3197, 3210, 5038]
2026-08-24 20:34:03,467 INFO    ontocast.agent.chunk_text: Section labels: (unlabeled)=7
2026-08-24 20:34:03,467 INFO    carry_forward: L5: 7 chunk(s), sizes=[3422, 3248, 4572, 3849, 3197, 3210, 5038]
2026-08-24 20:34:03,480 INFO    ontocast.stategraph.atomic: Ontology context for mode fixed_single_ontology: sources=['https://growgraph.dev/echr'] writable=['https://growgraph.dev/echr']
2026-08-24 20:34:03,480 INFO    ontocast.agent.render_facts: Render facts for content unit 1
2026-08-24 20:34:03,480 INFO    ontocast.agent.render_facts: Generating fresh facts as Turtle
2026-08-24 20:34:03,480 INFO    ontocast.agent.render_facts: Rendering fresh facts
2026-08-24 20:34:26,587 INFO    httpx: HTTP Request: POST http://localhost:8000/v1/chat/completions "HTTP/1.1 200 OK"
2026-08-24 20:34:26,790 INFO    ontocast.agent.render_facts: Fresh facts generated with 55 triple(s).
2026-08-24 20:34:26,790 INFO    ontocast.stategraph.atomic: Unit facts loop finishing on final render attempt 1/1 (skipping LLM critic; finding-driven repair renders may still run)
2026-08-24 20:34:26,793 INFO    carry_forward: L5 chunk 1/7: 3422 chars, carried 0 -> 55 triples (+55) in 23.3s
2026-08-24 20:34:26,805 INFO    ontocast.stategraph.atomic: Ontology context for mode fixed_single_ontology: sources=['https://growgraph.dev/echr'] writable=['https://growgraph.dev/echr']
2026-08-24 20:34:26,805 INFO    ontocast.agent.render_facts: Render facts for content unit 2
2026-08-24 20:34:26,805 INFO    ontocast.agent.render_facts: Generating facts update
2026-08-24 20:34:26,805 INFO    ontocast.agent.render_facts: Rendering updates for facts
2026-08-24 20:34:47,526 INFO    httpx: HTTP Request: POST http://localhost:8000/v1/chat/completions "HTTP/1.1 200 OK"
2026-08-24 20:34:47,758 INFO    ontocast.agent.render_facts: Facts update has 1 operation(s) with 46 total triple(s).
2026-08-24 20:34:47,758 INFO    ontocast.stategraph.atomic: Unit facts loop finishing on final render attempt 1/1 (skipping LLM critic; finding-driven repair renders may still run)
2026-08-24 20:34:47,765 INFO    carry_forward: L5 chunk 2/7: 3248 chars, carried 55 -> 101 triples (+46) in 21.0s
2026-08-24 20:34:47,777 INFO    ontocast.stategraph.atomic: Ontology context for mode fixed_single_ontology: sources=['https://growgraph.dev/echr'] writable=['https://growgraph.dev/echr']
2026-08-24 20:34:47,777 INFO    ontocast.agent.render_facts: Render facts for content unit 3
2026-08-24 20:34:47,777 INFO    ontocast.agent.render_facts: Generating facts update
2026-08-24 20:34:47,777 INFO    ontocast.agent.render_facts: Rendering updates for facts
2026-08-24 20:35:24,249 INFO    httpx: HTTP Request: POST http://localhost:8000/v1/chat/completions "HTTP/1.1 200 OK"
2026-08-24 20:35:24,870 INFO    ontocast.agent.render_facts: Facts update has 1 operation(s) with 92 total triple(s).
2026-08-24 20:35:24,871 INFO    ontocast.stategraph.atomic: Unit facts loop finishing on final render attempt 1/1 (skipping LLM critic; finding-driven repair renders may still run)
2026-08-24 20:35:24,876 INFO    carry_forward: L5 chunk 3/7: 4572 chars, carried 101 -> 193 triples (+92) in 37.1s
2026-08-24 20:35:24,885 INFO    ontocast.stategraph.atomic: Ontology context for mode fixed_single_ontology: sources=['https://growgraph.dev/echr'] writable=['https://growgraph.dev/echr']
2026-08-24 20:35:24,885 INFO    ontocast.agent.render_facts: Render facts for content unit 4
2026-08-24 20:35:24,885 INFO    ontocast.agent.render_facts: Generating facts update
2026-08-24 20:35:24,886 INFO    ontocast.agent.render_facts: Rendering updates for facts
2026-08-24 20:35:34,604 INFO    httpx: HTTP Request: POST http://localhost:8000/v1/chat/completions "HTTP/1.1 200 OK"
2026-08-24 20:35:34,668 INFO    ontocast.agent.render_facts: Facts update has 1 operation(s) with 20 total triple(s).
2026-08-24 20:35:34,668 INFO    ontocast.stategraph.atomic: Unit facts loop finishing on final render attempt 1/1 (skipping LLM critic; finding-driven repair renders may still run)
2026-08-24 20:35:34,678 INFO    carry_forward: L5 chunk 4/7: 3849 chars, carried 193 -> 213 triples (+20) in 9.8s
2026-08-24 20:35:34,695 INFO    ontocast.stategraph.atomic: Ontology context for mode fixed_single_ontology: sources=['https://growgraph.dev/echr'] writable=['https://growgraph.dev/echr']
2026-08-24 20:35:34,695 INFO    ontocast.agent.render_facts: Render facts for content unit 5
2026-08-24 20:35:34,695 INFO    ontocast.agent.render_facts: Generating facts update
2026-08-24 20:35:34,695 INFO    ontocast.agent.render_facts: Rendering updates for facts
2026-08-24 20:35:43,179 INFO    httpx: HTTP Request: POST http://localhost:8000/v1/chat/completions "HTTP/1.1 200 OK"
2026-08-24 20:35:43,231 INFO    ontocast.agent.render_facts: Facts update has 1 operation(s) with 10 total triple(s).
2026-08-24 20:35:43,231 INFO    ontocast.stategraph.atomic: Unit facts loop finishing on final render attempt 1/1 (skipping LLM critic; finding-driven repair renders may still run)
2026-08-24 20:35:43,241 INFO    carry_forward: L5 chunk 5/7: 3197 chars, carried 213 -> 223 triples (+10) in 8.6s
2026-08-24 20:35:43,256 INFO    ontocast.stategraph.atomic: Ontology context for mode fixed_single_ontology: sources=['https://growgraph.dev/echr'] writable=['https://growgraph.dev/echr']
2026-08-24 20:35:43,257 INFO    ontocast.agent.render_facts: Render facts for content unit 6
2026-08-24 20:35:43,257 INFO    ontocast.agent.render_facts: Generating facts update
2026-08-24 20:35:43,257 INFO    ontocast.agent.render_facts: Rendering updates for facts
2026-08-24 20:35:49,938 INFO    httpx: HTTP Request: POST http://localhost:8000/v1/chat/completions "HTTP/1.1 200 OK"
2026-08-24 20:35:49,980 INFO    ontocast.agent.render_facts: Facts update has 1 operation(s) with 10 total triple(s).
2026-08-24 20:35:49,980 INFO    ontocast.stategraph.atomic: Unit facts loop finishing on final render attempt 1/1 (skipping LLM critic; finding-driven repair renders may still run)
2026-08-24 20:35:49,990 INFO    carry_forward: L5 chunk 6/7: 3210 chars, carried 223 -> 233 triples (+10) in 6.7s
2026-08-24 20:35:50,007 INFO    ontocast.stategraph.atomic: Ontology context for mode fixed_single_ontology: sources=['https://growgraph.dev/echr'] writable=['https://growgraph.dev/echr']
2026-08-24 20:35:50,008 INFO    ontocast.agent.render_facts: Render facts for content unit 7
2026-08-24 20:35:50,008 INFO    ontocast.agent.render_facts: Generating facts update
2026-08-24 20:35:50,008 INFO    ontocast.agent.render_facts: Rendering updates for facts
2026-08-24 20:36:00,200 INFO    httpx: HTTP Request: POST http://localhost:8000/v1/chat/completions "HTTP/1.1 200 OK"
2026-08-24 20:36:00,272 INFO    ontocast.agent.render_facts: Facts update has 1 operation(s) with 13 total triple(s).
2026-08-24 20:36:00,272 INFO    ontocast.stategraph.atomic: Unit facts loop finishing on final render attempt 1/1 (skipping LLM critic; finding-driven repair renders may still run)
2026-08-24 20:36:00,283 INFO    carry_forward: L5 chunk 7/7: 5038 chars, carried 233 -> 246 triples (+13) in 10.3s
2026-08-24 20:36:00,288 INFO    ontocast.tool.agg.aggregate: Starting aggregation with metadata for 1 units
2026-08-24 20:36:05,051 INFO    ontocast.tool.agg.aggregate: Aggregation entity classification stats: fact=44 known_ontology=2 tentative_ontology=53
2026-08-24 20:36:05,051 INFO    ontocast.tool.agg.clustering: Embedding 30 entity representations in parallel...
2026-08-24 20:36:05,652 INFO    ontocast.tool.agg.clustering: Embedded 30 entities
2026-08-24 20:36:05,652 INFO    ontocast.tool.agg.clustering: Clustering 30 entities...
2026-08-24 20:36:05,656 INFO    ontocast.tool.agg.clustering: Formed 10 clusters: 7 singletons, 3 multi-entity clusters, max cluster size: 16
2026-08-24 20:36:05,657 INFO    ontocast.tool.agg.clustering: Embedding 59 entity representations in parallel...
2026-08-24 20:36:06,968 INFO    ontocast.tool.agg.clustering: Embedded 59 entities
2026-08-24 20:36:06,968 INFO    ontocast.tool.agg.clustering: Clustering 59 entities...
2026-08-24 20:36:06,973 INFO    ontocast.tool.agg.clustering: Formed 18 clusters: 14 singletons, 4 multi-entity clusters, max cluster size: 20
2026-08-24 20:36:06,973 INFO    ontocast.tool.agg.clustering: Embedding 10 entity representations in parallel...
2026-08-24 20:36:07,303 INFO    ontocast.tool.agg.clustering: Embedded 10 entities
2026-08-24 20:36:07,303 INFO    ontocast.tool.agg.clustering: Clustering 10 entities...
2026-08-24 20:36:07,306 INFO    ontocast.tool.agg.clustering: Formed 6 clusters: 5 singletons, 1 multi-entity clusters, max cluster size: 5
2026-08-24 20:36:07,349 INFO    ontocast.tool.agg.aggregate: Rejected 175 candidate merges after symbolic validation
2026-08-24 20:36:07,349 INFO    ontocast.tool.agg.clustering: Created mapping for 99 entities to 95 representatives
2026-08-24 20:36:07,350 INFO    ontocast.tool.agg.uri_builder: Built URI mapping: 99 entities, 44 normalised
2026-08-24 20:36:07,363 INFO    ontocast.tool.agg.rewriter: Merged 1 unit graphs with provenance: 246 -> 716 triples (41 entities merged)
2026-08-24 20:36:07,363 INFO    ontocast.tool.agg.aggregate: Aggregation with metadata complete
2026-08-24 20:36:07,396 INFO    carry_forward: L5 done: 7 chunk(s) -> 719 triples in 123.9s -> input.L5.facts.ttl
2026-08-24 20:36:07,397 INFO    ontocast.agent.chunk_text: Chunking the text
2026-08-24 20:36:07,400 INFO    ontocast.agent.chunk_text: Created 5 chunks for processing: [3033, 3608, 3040, 3237, 4376]
2026-08-24 20:36:07,402 INFO    ontocast.agent.chunk_text: Created 5 content units: [3033, 3608, 3040, 3237, 4376]
2026-08-24 20:36:07,402 INFO    ontocast.agent.chunk_text: Section labels: (unlabeled)=5
2026-08-24 20:36:07,402 INFO    carry_forward: L6: 5 chunk(s), sizes=[3033, 3608, 3040, 3237, 4376]
2026-08-24 20:36:07,417 INFO    ontocast.stategraph.atomic: Ontology context for mode fixed_single_ontology: sources=['https://growgraph.dev/echr'] writable=['https://growgraph.dev/echr']
2026-08-24 20:36:07,417 INFO    ontocast.agent.render_facts: Render facts for content unit 1
2026-08-24 20:36:07,417 INFO    ontocast.agent.render_facts: Generating fresh facts as Turtle
2026-08-24 20:36:07,417 INFO    ontocast.agent.render_facts: Rendering fresh facts
2026-08-24 20:36:19,291 INFO    httpx: HTTP Request: POST http://localhost:8000/v1/chat/completions "HTTP/1.1 200 OK"
2026-08-24 20:36:19,344 INFO    ontocast.agent.render_facts: Fresh facts generated with 25 triple(s).
2026-08-24 20:36:19,344 INFO    ontocast.stategraph.atomic: Unit facts loop finishing on final render attempt 1/1 (skipping LLM critic; finding-driven repair renders may still run)
2026-08-24 20:36:19,346 INFO    carry_forward: L6 chunk 1/5: 3033 chars, carried 0 -> 25 triples (+25) in 11.9s
2026-08-24 20:36:19,357 INFO    ontocast.stategraph.atomic: Ontology context for mode fixed_single_ontology: sources=['https://growgraph.dev/echr'] writable=['https://growgraph.dev/echr']
2026-08-24 20:36:19,358 INFO    ontocast.agent.render_facts: Render facts for content unit 2
2026-08-24 20:36:19,358 INFO    ontocast.agent.render_facts: Generating facts update
2026-08-24 20:36:19,358 INFO    ontocast.agent.render_facts: Rendering updates for facts
2026-08-24 20:36:31,617 INFO    httpx: HTTP Request: POST http://localhost:8000/v1/chat/completions "HTTP/1.1 200 OK"
2026-08-24 20:36:31,709 INFO    ontocast.agent.render_facts: Facts update has 1 operation(s) with 27 total triple(s).
2026-08-24 20:36:31,710 INFO    ontocast.stategraph.atomic: Unit facts loop finishing on final render attempt 1/1 (skipping LLM critic; finding-driven repair renders may still run)
2026-08-24 20:36:31,714 INFO    carry_forward: L6 chunk 2/5: 3608 chars, carried 25 -> 52 triples (+27) in 12.4s
2026-08-24 20:36:31,726 INFO    ontocast.stategraph.atomic: Ontology context for mode fixed_single_ontology: sources=['https://growgraph.dev/echr'] writable=['https://growgraph.dev/echr']
2026-08-24 20:36:31,726 INFO    ontocast.agent.render_facts: Render facts for content unit 3
2026-08-24 20:36:31,726 INFO    ontocast.agent.render_facts: Generating facts update
2026-08-24 20:36:31,726 INFO    ontocast.agent.render_facts: Rendering updates for facts
2026-08-24 20:36:57,421 INFO    httpx: HTTP Request: POST http://localhost:8000/v1/chat/completions "HTTP/1.1 200 OK"
2026-08-24 20:36:57,793 INFO    ontocast.agent.render_facts: Facts update has 1 operation(s) with 61 total triple(s).
2026-08-24 20:36:57,794 INFO    ontocast.stategraph.atomic: Unit facts loop finishing on final render attempt 1/1 (skipping LLM critic; finding-driven repair renders may still run)
2026-08-24 20:36:57,800 INFO    carry_forward: L6 chunk 3/5: 3040 chars, carried 52 -> 113 triples (+61) in 26.1s
2026-08-24 20:36:57,813 INFO    ontocast.stategraph.atomic: Ontology context for mode fixed_single_ontology: sources=['https://growgraph.dev/echr'] writable=['https://growgraph.dev/echr']
2026-08-24 20:36:57,813 INFO    ontocast.agent.render_facts: Render facts for content unit 4
2026-08-24 20:36:57,813 INFO    ontocast.agent.render_facts: Generating facts update
2026-08-24 20:36:57,813 INFO    ontocast.agent.render_facts: Rendering updates for facts
2026-08-24 20:37:28,259 INFO    httpx: HTTP Request: POST http://localhost:8000/v1/chat/completions "HTTP/1.1 200 OK"
2026-08-24 20:37:28,682 INFO    ontocast.agent.render_facts: Facts update has 1 operation(s) with 76 total triple(s).
2026-08-24 20:37:28,682 INFO    ontocast.stategraph.atomic: Unit facts loop finishing on final render attempt 1/1 (skipping LLM critic; finding-driven repair renders may still run)
2026-08-24 20:37:28,692 INFO    carry_forward: L6 chunk 4/5: 3237 chars, carried 113 -> 189 triples (+76) in 30.9s
2026-08-24 20:37:28,707 INFO    ontocast.stategraph.atomic: Ontology context for mode fixed_single_ontology: sources=['https://growgraph.dev/echr'] writable=['https://growgraph.dev/echr']
2026-08-24 20:37:28,707 INFO    ontocast.agent.render_facts: Render facts for content unit 5
2026-08-24 20:37:28,707 INFO    ontocast.agent.render_facts: Generating facts update
2026-08-24 20:37:28,707 INFO    ontocast.agent.render_facts: Rendering updates for facts
2026-08-24 20:38:04,391 INFO    httpx: HTTP Request: POST http://localhost:8000/v1/chat/completions "HTTP/1.1 200 OK"
2026-08-24 20:38:04,968 INFO    ontocast.agent.render_facts: Facts update has 1 operation(s) with 90 total triple(s).
2026-08-24 20:38:04,968 INFO    ontocast.stategraph.atomic: Unit facts loop finishing on final render attempt 1/1 (skipping LLM critic; finding-driven repair renders may still run)
2026-08-24 20:38:04,976 INFO    carry_forward: L6 chunk 5/5: 4376 chars, carried 189 -> 279 triples (+90) in 36.3s
2026-08-24 20:38:04,978 INFO    ontocast.tool.agg.aggregate: Starting aggregation with metadata for 1 units
2026-08-24 20:38:11,180 INFO    ontocast.tool.agg.aggregate: Aggregation entity classification stats: fact=57 known_ontology=2 tentative_ontology=44
2026-08-24 20:38:11,180 INFO    ontocast.tool.agg.clustering: Embedding 68 entity representations in parallel...
2026-08-24 20:38:12,564 INFO    ontocast.tool.agg.clustering: Embedded 68 entities
2026-08-24 20:38:12,564 INFO    ontocast.tool.agg.clustering: Clustering 68 entities...
2026-08-24 20:38:12,566 INFO    ontocast.tool.agg.clustering: Formed 14 clusters: 6 singletons, 8 multi-entity clusters, max cluster size: 31
2026-08-24 20:38:12,566 INFO    ontocast.tool.agg.clustering: Embedding 27 entity representations in parallel...
2026-08-24 20:38:13,107 INFO    ontocast.tool.agg.clustering: Embedded 27 entities
2026-08-24 20:38:13,107 INFO    ontocast.tool.agg.clustering: Clustering 27 entities...
2026-08-24 20:38:13,109 INFO    ontocast.tool.agg.clustering: Formed 14 clusters: 10 singletons, 4 multi-entity clusters, max cluster size: 10
2026-08-24 20:38:13,109 INFO    ontocast.tool.agg.clustering: Embedding 8 entity representations in parallel...
2026-08-24 20:38:13,314 INFO    ontocast.tool.agg.clustering: Embedded 8 entities
2026-08-24 20:38:13,314 INFO    ontocast.tool.agg.clustering: Clustering 8 entities...
2026-08-24 20:38:13,316 INFO    ontocast.tool.agg.clustering: Formed 8 clusters: 8 singletons, 0 multi-entity clusters, max cluster size: 1
2026-08-24 20:38:13,368 INFO    ontocast.tool.agg.aggregate: Rejected 347 candidate merges after symbolic validation
2026-08-24 20:38:13,368 INFO    ontocast.tool.agg.clustering: Created mapping for 103 entities to 77 representatives
2026-08-24 20:38:13,369 INFO    ontocast.tool.agg.uri_builder: Built URI mapping: 103 entities, 57 normalised
2026-08-24 20:38:13,386 INFO    ontocast.tool.agg.rewriter: Merged 1 unit graphs with provenance: 279 -> 617 triples (32 entities merged)
2026-08-24 20:38:13,386 INFO    ontocast.tool.agg.aggregate: Aggregation with metadata complete
2026-08-24 20:38:13,413 INFO    carry_forward: L6 done: 5 chunk(s) -> 620 triples in 126.0s -> input.L6.facts.ttl
2026-08-24 20:38:13,414 INFO    ontocast.agent.chunk_text: Chunking the text
2026-08-24 20:38:13,416 INFO    ontocast.agent.chunk_text: Created 6 chunks for processing: [4096, 3159, 3183, 3056, 4064, 2161]
2026-08-24 20:38:13,418 INFO    ontocast.agent.chunk_text: Created 6 content units: [4096, 3159, 3183, 3056, 4064, 2161]
2026-08-24 20:38:13,418 INFO    ontocast.agent.chunk_text: Section labels: (unlabeled)=6
2026-08-24 20:38:13,418 INFO    carry_forward: L7: 6 chunk(s), sizes=[4096, 3159, 3183, 3056, 4064, 2161]
2026-08-24 20:38:13,431 INFO    ontocast.stategraph.atomic: Ontology context for mode fixed_single_ontology: sources=['https://growgraph.dev/echr'] writable=['https://growgraph.dev/echr']
2026-08-24 20:38:13,432 INFO    ontocast.agent.render_facts: Render facts for content unit 1
2026-08-24 20:38:13,432 INFO    ontocast.agent.render_facts: Generating fresh facts as Turtle
2026-08-24 20:38:13,432 INFO    ontocast.agent.render_facts: Rendering fresh facts
2026-08-24 20:38:28,966 INFO    httpx: HTTP Request: POST http://localhost:8000/v1/chat/completions "HTTP/1.1 200 OK"
2026-08-24 20:38:29,058 INFO    ontocast.agent.render_facts: Fresh facts generated with 35 triple(s).
2026-08-24 20:38:29,058 INFO    ontocast.stategraph.atomic: Unit facts loop finishing on final render attempt 1/1 (skipping LLM critic; finding-driven repair renders may still run)
2026-08-24 20:38:29,061 INFO    carry_forward: L7 chunk 1/6: 4096 chars, carried 0 -> 35 triples (+35) in 15.6s
2026-08-24 20:38:29,073 INFO    ontocast.stategraph.atomic: Ontology context for mode fixed_single_ontology: sources=['https://growgraph.dev/echr'] writable=['https://growgraph.dev/echr']
2026-08-24 20:38:29,073 INFO    ontocast.agent.render_facts: Render facts for content unit 2
2026-08-24 20:38:29,073 INFO    ontocast.agent.render_facts: Generating facts update
2026-08-24 20:38:29,073 INFO    ontocast.agent.render_facts: Rendering updates for facts
2026-08-24 20:38:43,990 INFO    httpx: HTTP Request: POST http://localhost:8000/v1/chat/completions "HTTP/1.1 200 OK"
2026-08-24 20:38:44,646 INFO    ontocast.agent.render_facts: Facts update has 1 operation(s) with 33 total triple(s).
2026-08-24 20:38:44,646 INFO    ontocast.stategraph.atomic: Unit facts loop finishing on final render attempt 1/1 (skipping LLM critic; finding-driven repair renders may still run)
2026-08-24 20:38:44,651 INFO    carry_forward: L7 chunk 2/6: 3159 chars, carried 35 -> 68 triples (+33) in 15.6s
2026-08-24 20:38:44,664 INFO    ontocast.stategraph.atomic: Ontology context for mode fixed_single_ontology: sources=['https://growgraph.dev/echr'] writable=['https://growgraph.dev/echr']
2026-08-24 20:38:44,664 INFO    ontocast.agent.render_facts: Render facts for content unit 3
2026-08-24 20:38:44,664 INFO    ontocast.agent.render_facts: Generating facts update
2026-08-24 20:38:44,664 INFO    ontocast.agent.render_facts: Rendering updates for facts
2026-08-24 20:38:58,923 INFO    httpx: HTTP Request: POST http://localhost:8000/v1/chat/completions "HTTP/1.1 200 OK"
2026-08-24 20:38:59,058 INFO    ontocast.agent.render_facts: Facts update has 1 operation(s) with 32 total triple(s).
2026-08-24 20:38:59,058 INFO    ontocast.stategraph.atomic: Unit facts loop finishing on final render attempt 1/1 (skipping LLM critic; finding-driven repair renders may still run)
2026-08-24 20:38:59,065 INFO    carry_forward: L7 chunk 3/6: 3183 chars, carried 68 -> 100 triples (+32) in 14.4s
2026-08-24 20:38:59,078 INFO    ontocast.stategraph.atomic: Ontology context for mode fixed_single_ontology: sources=['https://growgraph.dev/echr'] writable=['https://growgraph.dev/echr']
2026-08-24 20:38:59,078 INFO    ontocast.agent.render_facts: Render facts for content unit 4
2026-08-24 20:38:59,078 INFO    ontocast.agent.render_facts: Generating facts update
2026-08-24 20:38:59,078 INFO    ontocast.agent.render_facts: Rendering updates for facts
2026-08-24 20:39:15,558 INFO    httpx: HTTP Request: POST http://localhost:8000/v1/chat/completions "HTTP/1.1 200 OK"
2026-08-24 20:39:15,703 INFO    ontocast.agent.render_facts: Facts update has 1 operation(s) with 36 total triple(s).
2026-08-24 20:39:15,703 INFO    ontocast.stategraph.atomic: Unit facts loop finishing on final render attempt 1/1 (skipping LLM critic; finding-driven repair renders may still run)
2026-08-24 20:39:15,711 INFO    carry_forward: L7 chunk 4/6: 3056 chars, carried 100 -> 136 triples (+36) in 16.6s
2026-08-24 20:39:15,725 INFO    ontocast.stategraph.atomic: Ontology context for mode fixed_single_ontology: sources=['https://growgraph.dev/echr'] writable=['https://growgraph.dev/echr']
2026-08-24 20:39:15,725 INFO    ontocast.agent.render_facts: Render facts for content unit 5
2026-08-24 20:39:15,725 INFO    ontocast.agent.render_facts: Generating facts update
2026-08-24 20:39:15,725 INFO    ontocast.agent.render_facts: Rendering updates for facts
2026-08-24 20:39:24,878 INFO    httpx: HTTP Request: POST http://localhost:8000/v1/chat/completions "HTTP/1.1 200 OK"
2026-08-24 20:39:24,936 INFO    ontocast.agent.render_facts: Facts update has 1 operation(s) with 17 total triple(s).
2026-08-24 20:39:24,936 INFO    ontocast.stategraph.atomic: Unit facts loop finishing on final render attempt 1/1 (skipping LLM critic; finding-driven repair renders may still run)
2026-08-24 20:39:24,944 INFO    carry_forward: L7 chunk 5/6: 4064 chars, carried 136 -> 153 triples (+17) in 9.2s
2026-08-24 20:39:24,961 INFO    ontocast.stategraph.atomic: Ontology context for mode fixed_single_ontology: sources=['https://growgraph.dev/echr'] writable=['https://growgraph.dev/echr']
2026-08-24 20:39:24,961 INFO    ontocast.agent.render_facts: Render facts for content unit 6
2026-08-24 20:39:24,961 INFO    ontocast.agent.render_facts: Generating facts update
2026-08-24 20:39:24,961 INFO    ontocast.agent.render_facts: Rendering updates for facts
2026-08-24 20:39:35,249 INFO    httpx: HTTP Request: POST http://localhost:8000/v1/chat/completions "HTTP/1.1 200 OK"
2026-08-24 20:39:35,317 INFO    ontocast.agent.render_facts: Facts update has 1 operation(s) with 19 total triple(s).
2026-08-24 20:39:35,317 INFO    ontocast.stategraph.atomic: Unit facts loop finishing on final render attempt 1/1 (skipping LLM critic; finding-driven repair renders may still run)
2026-08-24 20:39:35,326 INFO    carry_forward: L7 chunk 6/6: 2161 chars, carried 153 -> 172 triples (+19) in 10.4s
2026-08-24 20:39:35,329 INFO    ontocast.tool.agg.aggregate: Starting aggregation with metadata for 1 units
2026-08-24 20:39:37,883 INFO    ontocast.tool.agg.aggregate: Aggregation entity classification stats: fact=32 known_ontology=2 tentative_ontology=46
2026-08-24 20:39:37,883 INFO    ontocast.tool.agg.clustering: Embedding 45 entity representations in parallel...
2026-08-24 20:39:38,875 INFO    ontocast.tool.agg.clustering: Embedded 45 entities
2026-08-24 20:39:38,875 INFO    ontocast.tool.agg.clustering: Clustering 45 entities...
2026-08-24 20:39:38,877 INFO    ontocast.tool.agg.clustering: Formed 10 clusters: 6 singletons, 4 multi-entity clusters, max cluster size: 26
2026-08-24 20:39:38,877 INFO    ontocast.tool.agg.clustering: Embedding 26 entity representations in parallel...
2026-08-24 20:39:39,304 INFO    ontocast.tool.agg.clustering: Embedded 26 entities
2026-08-24 20:39:39,304 INFO    ontocast.tool.agg.clustering: Clustering 26 entities...
2026-08-24 20:39:39,307 INFO    ontocast.tool.agg.clustering: Formed 10 clusters: 6 singletons, 4 multi-entity clusters, max cluster size: 14
2026-08-24 20:39:39,307 INFO    ontocast.tool.agg.clustering: Embedding 9 entity representations in parallel...
2026-08-24 20:39:39,428 INFO    ontocast.tool.agg.clustering: Embedded 9 entities
2026-08-24 20:39:39,428 INFO    ontocast.tool.agg.clustering: Clustering 9 entities...
2026-08-24 20:39:39,430 INFO    ontocast.tool.agg.clustering: Formed 8 clusters: 7 singletons, 1 multi-entity clusters, max cluster size: 2
2026-08-24 20:39:39,450 INFO    ontocast.tool.agg.aggregate: Rejected 102 candidate merges after symbolic validation
2026-08-24 20:39:39,451 INFO    ontocast.tool.agg.clustering: Created mapping for 80 entities to 78 representatives
2026-08-24 20:39:39,451 INFO    ontocast.tool.agg.uri_builder: Built URI mapping: 80 entities, 32 normalised
2026-08-24 20:39:39,461 INFO    ontocast.tool.agg.rewriter: Merged 1 unit graphs with provenance: 172 -> 512 triples (31 entities merged)
2026-08-24 20:39:39,461 INFO    ontocast.tool.agg.aggregate: Aggregation with metadata complete
2026-08-24 20:39:39,490 INFO    carry_forward: L7 done: 6 chunk(s) -> 515 triples in 86.1s -> input.L7.facts.ttl
2026-08-24 20:39:39,491 INFO    ontocast.agent.chunk_text: Chunking the text
2026-08-24 20:39:39,493 INFO    ontocast.agent.chunk_text: Created 6 chunks for processing: [3155, 3003, 3031, 3006, 3134, 4178]
2026-08-24 20:39:39,495 INFO    ontocast.agent.chunk_text: Created 6 content units: [3155, 3003, 3031, 3006, 3134, 4178]
2026-08-24 20:39:39,495 INFO    ontocast.agent.chunk_text: Section labels: (unlabeled)=6
2026-08-24 20:39:39,495 INFO    carry_forward: L8: 6 chunk(s), sizes=[3155, 3003, 3031, 3006, 3134, 4178]
2026-08-24 20:39:39,506 INFO    ontocast.stategraph.atomic: Ontology context for mode fixed_single_ontology: sources=['https://growgraph.dev/echr'] writable=['https://growgraph.dev/echr']
2026-08-24 20:39:39,506 INFO    ontocast.agent.render_facts: Render facts for content unit 1
2026-08-24 20:39:39,506 INFO    ontocast.agent.render_facts: Generating fresh facts as Turtle
2026-08-24 20:39:39,506 INFO    ontocast.agent.render_facts: Rendering fresh facts
2026-08-24 20:40:07,476 INFO    httpx: HTTP Request: POST http://localhost:8000/v1/chat/completions "HTTP/1.1 200 OK"
2026-08-24 20:40:07,736 INFO    ontocast.agent.render_facts: Fresh facts generated with 82 triple(s).
2026-08-24 20:40:07,737 INFO    ontocast.stategraph.atomic: Unit facts loop finishing on final render attempt 1/1 (skipping LLM critic; finding-driven repair renders may still run)
2026-08-24 20:40:07,740 INFO    carry_forward: L8 chunk 1/6: 3155 chars, carried 0 -> 82 triples (+82) in 28.2s
2026-08-24 20:40:07,755 INFO    ontocast.stategraph.atomic: Ontology context for mode fixed_single_ontology: sources=['https://growgraph.dev/echr'] writable=['https://growgraph.dev/echr']
2026-08-24 20:40:07,756 INFO    ontocast.agent.render_facts: Render facts for content unit 2
2026-08-24 20:40:07,756 INFO    ontocast.agent.render_facts: Generating facts update
2026-08-24 20:40:07,756 INFO    ontocast.agent.render_facts: Rendering updates for facts
2026-08-24 20:40:28,468 INFO    httpx: HTTP Request: POST http://localhost:8000/v1/chat/completions "HTTP/1.1 200 OK"
2026-08-24 20:40:28,725 INFO    ontocast.agent.render_facts: Facts update has 1 operation(s) with 45 total triple(s).
2026-08-24 20:40:28,725 INFO    ontocast.stategraph.atomic: Unit facts loop finishing on final render attempt 1/1 (skipping LLM critic; finding-driven repair renders may still run)
2026-08-24 20:40:28,732 INFO    carry_forward: L8 chunk 2/6: 3003 chars, carried 82 -> 127 triples (+45) in 21.0s
2026-08-24 20:40:28,746 INFO    ontocast.stategraph.atomic: Ontology context for mode fixed_single_ontology: sources=['https://growgraph.dev/echr'] writable=['https://growgraph.dev/echr']
2026-08-24 20:40:28,746 INFO    ontocast.agent.render_facts: Render facts for content unit 3
2026-08-24 20:40:28,746 INFO    ontocast.agent.render_facts: Generating facts update
2026-08-24 20:40:28,746 INFO    ontocast.agent.render_facts: Rendering updates for facts
2026-08-24 20:40:48,007 INFO    httpx: HTTP Request: POST http://localhost:8000/v1/chat/completions "HTTP/1.1 200 OK"
2026-08-24 20:40:48,260 INFO    ontocast.agent.render_facts: Facts update has 1 operation(s) with 46 total triple(s).
2026-08-24 20:40:48,261 INFO    ontocast.stategraph.atomic: Unit facts loop finishing on final render attempt 1/1 (skipping LLM critic; finding-driven repair renders may still run)
2026-08-24 20:40:48,270 INFO    carry_forward: L8 chunk 3/6: 3031 chars, carried 127 -> 173 triples (+46) in 19.5s
2026-08-24 20:40:48,284 INFO    ontocast.stategraph.atomic: Ontology context for mode fixed_single_ontology: sources=['https://growgraph.dev/echr'] writable=['https://growgraph.dev/echr']
2026-08-24 20:40:48,284 INFO    ontocast.agent.render_facts: Render facts for content unit 4
2026-08-24 20:40:48,284 INFO    ontocast.agent.render_facts: Generating facts update
2026-08-24 20:40:48,284 INFO    ontocast.agent.render_facts: Rendering updates for facts
2026-08-24 20:41:07,669 INFO    httpx: HTTP Request: POST http://localhost:8000/v1/chat/completions "HTTP/1.1 200 OK"
2026-08-24 20:41:07,866 INFO    ontocast.agent.render_facts: Facts update has 1 operation(s) with 34 total triple(s).
2026-08-24 20:41:07,866 INFO    ontocast.stategraph.atomic: Unit facts loop finishing on final render attempt 1/1 (skipping LLM critic; finding-driven repair renders may still run)
2026-08-24 20:41:07,876 INFO    carry_forward: L8 chunk 4/6: 3006 chars, carried 173 -> 206 triples (+33) in 19.6s
2026-08-24 20:41:07,892 INFO    ontocast.stategraph.atomic: Ontology context for mode fixed_single_ontology: sources=['https://growgraph.dev/echr'] writable=['https://growgraph.dev/echr']
2026-08-24 20:41:07,892 INFO    ontocast.agent.render_facts: Render facts for content unit 5
2026-08-24 20:41:07,892 INFO    ontocast.agent.render_facts: Generating facts update
2026-08-24 20:41:07,892 INFO    ontocast.agent.render_facts: Rendering updates for facts
2026-08-24 20:41:27,453 INFO    httpx: HTTP Request: POST http://localhost:8000/v1/chat/completions "HTTP/1.1 200 OK"
2026-08-24 20:41:27,654 INFO    ontocast.agent.render_facts: Facts update has 1 operation(s) with 35 total triple(s).
2026-08-24 20:41:27,654 INFO    ontocast.stategraph.atomic: Unit facts loop finishing on final render attempt 1/1 (skipping LLM critic; finding-driven repair renders may still run)
2026-08-24 20:41:27,665 INFO    carry_forward: L8 chunk 5/6: 3134 chars, carried 206 -> 241 triples (+35) in 19.8s
2026-08-24 20:41:27,681 INFO    ontocast.stategraph.atomic: Ontology context for mode fixed_single_ontology: sources=['https://growgraph.dev/echr'] writable=['https://growgraph.dev/echr']
2026-08-24 20:41:27,681 INFO    ontocast.agent.render_facts: Render facts for content unit 6
2026-08-24 20:41:27,681 INFO    ontocast.agent.render_facts: Generating facts update
2026-08-24 20:41:27,681 INFO    ontocast.agent.render_facts: Rendering updates for facts
2026-08-24 20:41:57,454 INFO    httpx: HTTP Request: POST http://localhost:8000/v1/chat/completions "HTTP/1.1 200 OK"
2026-08-24 20:41:57,933 INFO    ontocast.agent.render_facts: Facts update has 1 operation(s) with 60 total triple(s).
2026-08-24 20:41:57,933 INFO    ontocast.stategraph.atomic: Unit facts loop finishing on final render attempt 1/1 (skipping LLM critic; finding-driven repair renders may still run)
2026-08-24 20:41:57,946 INFO    carry_forward: L8 chunk 6/6: 4178 chars, carried 241 -> 301 triples (+60) in 30.3s
2026-08-24 20:41:57,950 INFO    ontocast.tool.agg.aggregate: Starting aggregation with metadata for 1 units
2026-08-24 20:42:04,989 INFO    ontocast.tool.agg.aggregate: Aggregation entity classification stats: fact=61 known_ontology=2 tentative_ontology=55
2026-08-24 20:42:04,990 INFO    ontocast.tool.agg.clustering: Embedding 77 entity representations in parallel...
2026-08-24 20:42:06,476 INFO    ontocast.tool.agg.clustering: Embedded 77 entities
2026-08-24 20:42:06,477 INFO    ontocast.tool.agg.clustering: Clustering 77 entities...
2026-08-24 20:42:06,480 INFO    ontocast.tool.agg.clustering: Formed 21 clusters: 15 singletons, 6 multi-entity clusters, max cluster size: 31
2026-08-24 20:42:06,480 INFO    ontocast.tool.agg.clustering: Embedding 30 entity representations in parallel...
2026-08-24 20:42:07,242 INFO    ontocast.tool.agg.clustering: Embedded 30 entities
2026-08-24 20:42:07,242 INFO    ontocast.tool.agg.clustering: Clustering 30 entities...
2026-08-24 20:42:07,245 INFO    ontocast.tool.agg.clustering: Formed 14 clusters: 10 singletons, 4 multi-entity clusters, max cluster size: 8
2026-08-24 20:42:07,245 INFO    ontocast.tool.agg.clustering: Embedding 11 entity representations in parallel...
2026-08-24 20:42:07,569 INFO    ontocast.tool.agg.clustering: Embedded 11 entities
2026-08-24 20:42:07,569 INFO    ontocast.tool.agg.clustering: Clustering 11 entities...
2026-08-24 20:42:07,573 INFO    ontocast.tool.agg.clustering: Formed 11 clusters: 11 singletons, 0 multi-entity clusters, max cluster size: 1
2026-08-24 20:42:07,634 INFO    ontocast.tool.agg.aggregate: Rejected 227 candidate merges after symbolic validation
2026-08-24 20:42:07,635 INFO    ontocast.tool.agg.clustering: Created mapping for 118 entities to 110 representatives
2026-08-24 20:42:07,636 INFO    ontocast.tool.agg.uri_builder: Built URI mapping: 118 entities, 61 normalised
2026-08-24 20:42:07,652 INFO    ontocast.tool.agg.rewriter: Merged 1 unit graphs with provenance: 301 -> 866 triples (55 entities merged)
2026-08-24 20:42:07,652 INFO    ontocast.tool.agg.aggregate: Aggregation with metadata complete
2026-08-24 20:42:07,689 INFO    carry_forward: L8 done: 6 chunk(s) -> 869 triples in 148.2s -> input.L8.facts.ttl
2026-08-24 20:42:07,690 INFO    ontocast.agent.chunk_text: Chunking the text
2026-08-24 20:42:07,693 INFO    ontocast.agent.chunk_text: Created 5 chunks for processing: [3907, 3148, 3240, 5134, 2207]
2026-08-24 20:42:07,695 INFO    ontocast.agent.chunk_text: Created 5 content units: [3907, 3148, 3240, 5134, 2207]
2026-08-24 20:42:07,695 INFO    ontocast.agent.chunk_text: Section labels: (unlabeled)=5
2026-08-24 20:42:07,695 INFO    carry_forward: L9: 5 chunk(s), sizes=[3907, 3148, 3240, 5134, 2207]
2026-08-24 20:42:07,712 INFO    ontocast.stategraph.atomic: Ontology context for mode fixed_single_ontology: sources=['https://growgraph.dev/echr'] writable=['https://growgraph.dev/echr']
2026-08-24 20:42:07,712 INFO    ontocast.agent.render_facts: Render facts for content unit 1
2026-08-24 20:42:07,712 INFO    ontocast.agent.render_facts: Generating fresh facts as Turtle
2026-08-24 20:42:07,712 INFO    ontocast.agent.render_facts: Rendering fresh facts
2026-08-24 20:42:31,883 INFO    httpx: HTTP Request: POST http://localhost:8000/v1/chat/completions "HTTP/1.1 200 OK"
2026-08-24 20:42:32,086 INFO    ontocast.agent.render_facts: Fresh facts generated with 60 triple(s).
2026-08-24 20:42:32,086 INFO    ontocast.stategraph.atomic: Unit facts loop finishing on final render attempt 1/1 (skipping LLM critic; finding-driven repair renders may still run)
2026-08-24 20:42:32,089 INFO    carry_forward: L9 chunk 1/5: 3907 chars, carried 0 -> 60 triples (+60) in 24.4s
2026-08-24 20:42:32,101 INFO    ontocast.stategraph.atomic: Ontology context for mode fixed_single_ontology: sources=['https://growgraph.dev/echr'] writable=['https://growgraph.dev/echr']
2026-08-24 20:42:32,101 INFO    ontocast.agent.render_facts: Render facts for content unit 2
2026-08-24 20:42:32,101 INFO    ontocast.agent.render_facts: Generating facts update
2026-08-24 20:42:32,101 INFO    ontocast.agent.render_facts: Rendering updates for facts
2026-08-24 20:42:53,989 INFO    httpx: HTTP Request: POST http://localhost:8000/v1/chat/completions "HTTP/1.1 200 OK"
2026-08-24 20:42:54,260 INFO    ontocast.agent.render_facts: Facts update has 1 operation(s) with 48 total triple(s).
2026-08-24 20:42:54,260 INFO    ontocast.stategraph.atomic: Unit facts loop finishing on final render attempt 1/1 (skipping LLM critic; finding-driven repair renders may still run)
2026-08-24 20:42:54,266 INFO    carry_forward: L9 chunk 2/5: 3148 chars, carried 60 -> 108 triples (+48) in 22.2s
2026-08-24 20:42:54,279 INFO    ontocast.stategraph.atomic: Ontology context for mode fixed_single_ontology: sources=['https://growgraph.dev/echr'] writable=['https://growgraph.dev/echr']
2026-08-24 20:42:54,279 INFO    ontocast.agent.render_facts: Render facts for content unit 3
2026-08-24 20:42:54,279 INFO    ontocast.agent.render_facts: Generating facts update
2026-08-24 20:42:54,279 INFO    ontocast.agent.render_facts: Rendering updates for facts
2026-08-24 20:43:10,160 INFO    httpx: HTTP Request: POST http://localhost:8000/v1/chat/completions "HTTP/1.1 200 OK"
2026-08-24 20:43:10,318 INFO    ontocast.agent.render_facts: Facts update has 1 operation(s) with 33 total triple(s).
2026-08-24 20:43:10,319 INFO    ontocast.stategraph.atomic: Unit facts loop finishing on final render attempt 1/1 (skipping LLM critic; finding-driven repair renders may still run)
2026-08-24 20:43:10,326 INFO    carry_forward: L9 chunk 3/5: 3240 chars, carried 108 -> 140 triples (+32) in 16.1s
2026-08-24 20:43:10,340 INFO    ontocast.stategraph.atomic: Ontology context for mode fixed_single_ontology: sources=['https://growgraph.dev/echr'] writable=['https://growgraph.dev/echr']
2026-08-24 20:43:10,340 INFO    ontocast.agent.render_facts: Render facts for content unit 4
2026-08-24 20:43:10,340 INFO    ontocast.agent.render_facts: Generating facts update
2026-08-24 20:43:10,340 INFO    ontocast.agent.render_facts: Rendering updates for facts
2026-08-24 20:43:33,353 INFO    httpx: HTTP Request: POST http://localhost:8000/v1/chat/completions "HTTP/1.1 200 OK"
2026-08-24 20:43:33,624 INFO    ontocast.agent.render_facts: Facts update has 1 operation(s) with 52 total triple(s).
2026-08-24 20:43:33,624 INFO    ontocast.stategraph.atomic: Unit facts loop finishing on final render attempt 1/1 (skipping LLM critic; finding-driven repair renders may still run)
2026-08-24 20:43:33,633 INFO    carry_forward: L9 chunk 4/5: 5134 chars, carried 140 -> 192 triples (+52) in 23.3s
2026-08-24 20:43:33,648 INFO    ontocast.stategraph.atomic: Ontology context for mode fixed_single_ontology: sources=['https://growgraph.dev/echr'] writable=['https://growgraph.dev/echr']
2026-08-24 20:43:33,648 INFO    ontocast.agent.render_facts: Render facts for content unit 5
2026-08-24 20:43:33,648 INFO    ontocast.agent.render_facts: Generating facts update
2026-08-24 20:43:33,648 INFO    ontocast.agent.render_facts: Rendering updates for facts
2026-08-24 20:43:58,390 INFO    httpx: HTTP Request: POST http://localhost:8000/v1/chat/completions "HTTP/1.1 200 OK"
2026-08-24 20:43:58,746 INFO    ontocast.agent.render_facts: Facts update has 1 operation(s) with 55 total triple(s).
2026-08-24 20:43:58,746 INFO    ontocast.stategraph.atomic: Unit facts loop finishing on final render attempt 1/1 (skipping LLM critic; finding-driven repair renders may still run)
2026-08-24 20:43:58,756 INFO    carry_forward: L9 chunk 5/5: 2207 chars, carried 192 -> 246 triples (+54) in 25.1s
2026-08-24 20:43:58,760 INFO    ontocast.tool.agg.aggregate: Starting aggregation with metadata for 1 units
2026-08-24 20:44:03,364 INFO    ontocast.tool.agg.aggregate: Aggregation entity classification stats: fact=50 known_ontology=2 tentative_ontology=53
2026-08-24 20:44:03,364 INFO    ontocast.tool.agg.clustering: Embedding 66 entity representations in parallel...
2026-08-24 20:44:04,773 INFO    ontocast.tool.agg.clustering: Embedded 66 entities
2026-08-24 20:44:04,774 INFO    ontocast.tool.agg.clustering: Clustering 66 entities...
2026-08-24 20:44:04,776 INFO    ontocast.tool.agg.clustering: Formed 20 clusters: 10 singletons, 10 multi-entity clusters, max cluster size: 28
2026-08-24 20:44:04,776 INFO    ontocast.tool.agg.clustering: Embedding 29 entity representations in parallel...
2026-08-24 20:44:05,477 INFO    ontocast.tool.agg.clustering: Embedded 29 entities
2026-08-24 20:44:05,477 INFO    ontocast.tool.agg.clustering: Clustering 29 entities...
2026-08-24 20:44:05,479 INFO    ontocast.tool.agg.clustering: Formed 8 clusters: 5 singletons, 3 multi-entity clusters, max cluster size: 15
2026-08-24 20:44:05,479 INFO    ontocast.tool.agg.clustering: Embedding 10 entity representations in parallel...
2026-08-24 20:44:05,612 INFO    ontocast.tool.agg.clustering: Embedded 10 entities
2026-08-24 20:44:05,612 INFO    ontocast.tool.agg.clustering: Clustering 10 entities...
2026-08-24 20:44:05,615 INFO    ontocast.tool.agg.clustering: Formed 10 clusters: 10 singletons, 0 multi-entity clusters, max cluster size: 1
2026-08-24 20:44:05,637 INFO    ontocast.tool.agg.aggregate: Rejected 158 candidate merges after symbolic validation
2026-08-24 20:44:05,637 INFO    ontocast.tool.agg.clustering: Created mapping for 105 entities to 101 representatives
2026-08-24 20:44:05,638 INFO    ontocast.tool.agg.uri_builder: Built URI mapping: 105 entities, 50 normalised
2026-08-24 20:44:05,652 INFO    ontocast.tool.agg.rewriter: Merged 1 unit graphs with provenance: 246 -> 716 triples (47 entities merged)
2026-08-24 20:44:05,652 INFO    ontocast.tool.agg.aggregate: Aggregation with metadata complete
2026-08-24 20:44:05,688 INFO    carry_forward: L9 done: 5 chunk(s) -> 719 triples in 118.0s -> input.L9.facts.ttl
2026-08-24 20:44:05,690 INFO    ontocast.agent.chunk_text: Chunking the text
2026-08-24 20:44:05,693 INFO    ontocast.agent.chunk_text: Created 11 chunks for processing: [3012, 3687, 3891, 3169, 3288, 3222, 3803, 3123, 3707, 3929, 3434]
2026-08-24 20:44:05,698 INFO    ontocast.agent.chunk_text: Created 11 content units: [3012, 3687, 3891, 3169, 3288, 3222, 3803, 3123, 3707, 3929, 3434]
2026-08-24 20:44:05,699 INFO    ontocast.agent.chunk_text: Section labels: (unlabeled)=11
2026-08-24 20:44:05,699 INFO    carry_forward: L10: 11 chunk(s), sizes=[3012, 3687, 3891, 3169, 3288, 3222, 3803, 3123, 3707, 3929, 3434]
2026-08-24 20:44:05,710 INFO    ontocast.stategraph.atomic: Ontology context for mode fixed_single_ontology: sources=['https://growgraph.dev/echr'] writable=['https://growgraph.dev/echr']
2026-08-24 20:44:05,710 INFO    ontocast.agent.render_facts: Render facts for content unit 1
2026-08-24 20:44:05,710 INFO    ontocast.agent.render_facts: Generating fresh facts as Turtle
2026-08-24 20:44:05,710 INFO    ontocast.agent.render_facts: Rendering fresh facts
2026-08-24 20:44:21,317 INFO    httpx: HTTP Request: POST http://localhost:8000/v1/chat/completions "HTTP/1.1 200 OK"
2026-08-24 20:44:21,402 INFO    ontocast.agent.render_facts: Fresh facts generated with 40 triple(s).
2026-08-24 20:44:21,402 INFO    ontocast.stategraph.atomic: Unit facts loop finishing on final render attempt 1/1 (skipping LLM critic; finding-driven repair renders may still run)
2026-08-24 20:44:21,405 INFO    carry_forward: L10 chunk 1/11: 3012 chars, carried 0 -> 40 triples (+40) in 15.7s
2026-08-24 20:44:21,419 INFO    ontocast.stategraph.atomic: Ontology context for mode fixed_single_ontology: sources=['https://growgraph.dev/echr'] writable=['https://growgraph.dev/echr']
2026-08-24 20:44:21,419 INFO    ontocast.agent.render_facts: Render facts for content unit 2
2026-08-24 20:44:21,419 INFO    ontocast.agent.render_facts: Generating facts update
2026-08-24 20:44:21,419 INFO    ontocast.agent.render_facts: Rendering updates for facts
2026-08-24 20:44:38,838 INFO    httpx: HTTP Request: POST http://localhost:8000/v1/chat/completions "HTTP/1.1 200 OK"
2026-08-24 20:44:39,035 INFO    ontocast.agent.render_facts: Facts update has 1 operation(s) with 41 total triple(s).
2026-08-24 20:44:39,035 INFO    ontocast.stategraph.atomic: Unit facts loop finishing on final render attempt 1/1 (skipping LLM critic; finding-driven repair renders may still run)
2026-08-24 20:44:39,039 INFO    ontocast.stategraph.atomic: Finding-driven facts repair render 1/1: 2 finding(s) (1 mandatory)
2026-08-24 20:44:39,039 INFO    ontocast.agent.render_facts: Render facts for content unit 2
2026-08-24 20:44:39,039 INFO    ontocast.agent.render_facts: Generating facts update
2026-08-24 20:44:39,039 INFO    ontocast.agent.render_facts: Rendering updates for facts
2026-08-24 20:44:50,653 INFO    httpx: HTTP Request: POST http://localhost:8000/v1/chat/completions "HTTP/1.1 200 OK"
2026-08-24 20:44:50,735 INFO    ontocast.agent.render_facts: Facts update has 2 operation(s) with 17 total triple(s).
2026-08-24 20:44:50,739 WARNING ontocast.stategraph.atomic: 1 mandatory deterministic finding(s) remain unresolved
2026-08-24 20:44:50,741 INFO    carry_forward: L10 chunk 2/11: 3687 chars, carried 40 -> 98 triples (+58) in 29.3s
2026-08-24 20:44:50,755 INFO    ontocast.stategraph.atomic: Ontology context for mode fixed_single_ontology: sources=['https://growgraph.dev/echr'] writable=['https://growgraph.dev/echr']
2026-08-24 20:44:50,755 INFO    ontocast.agent.render_facts: Render facts for content unit 3
2026-08-24 20:44:50,755 INFO    ontocast.agent.render_facts: Generating facts update
2026-08-24 20:44:50,755 INFO    ontocast.agent.render_facts: Rendering updates for facts
2026-08-24 20:45:30,244 INFO    httpx: HTTP Request: POST http://localhost:8000/v1/chat/completions "HTTP/1.1 200 OK"
2026-08-24 20:45:30,953 INFO    ontocast.agent.render_facts: Facts update has 1 operation(s) with 97 total triple(s).
2026-08-24 20:45:30,953 INFO    ontocast.stategraph.atomic: Unit facts loop finishing on final render attempt 1/1 (skipping LLM critic; finding-driven repair renders may still run)
2026-08-24 20:45:30,957 INFO    ontocast.stategraph.atomic: Finding-driven facts repair render 1/1: 2 finding(s) (1 mandatory)
2026-08-24 20:45:30,957 INFO    ontocast.agent.render_facts: Render facts for content unit 3
2026-08-24 20:45:30,957 INFO    ontocast.agent.render_facts: Generating facts update
2026-08-24 20:45:30,957 INFO    ontocast.agent.render_facts: Rendering updates for facts
2026-08-24 20:45:46,173 INFO    httpx: HTTP Request: POST http://localhost:8000/v1/chat/completions "HTTP/1.1 200 OK"
2026-08-24 20:45:46,285 INFO    ontocast.agent.render_facts: Facts update has 2 operation(s) with 24 total triple(s).
2026-08-24 20:45:46,291 WARNING ontocast.stategraph.atomic: 1 mandatory deterministic finding(s) remain unresolved
2026-08-24 20:45:46,295 INFO    carry_forward: L10 chunk 3/11: 3891 chars, carried 98 -> 213 triples (+115) in 55.5s
2026-08-24 20:45:46,311 INFO    ontocast.stategraph.atomic: Ontology context for mode fixed_single_ontology: sources=['https://growgraph.dev/echr'] writable=['https://growgraph.dev/echr']
2026-08-24 20:45:46,311 INFO    ontocast.agent.render_facts: Render facts for content unit 4
2026-08-24 20:45:46,311 INFO    ontocast.agent.render_facts: Generating facts update
2026-08-24 20:45:46,311 INFO    ontocast.agent.render_facts: Rendering updates for facts
2026-08-24 20:46:12,535 INFO    httpx: HTTP Request: POST http://localhost:8000/v1/chat/completions "HTTP/1.1 200 OK"
2026-08-24 20:46:12,899 INFO    ontocast.agent.render_facts: Facts update has 1 operation(s) with 56 total triple(s).
2026-08-24 20:46:12,899 INFO    ontocast.stategraph.atomic: Unit facts loop finishing on final render attempt 1/1 (skipping LLM critic; finding-driven repair renders may still run)
2026-08-24 20:46:12,905 INFO    ontocast.stategraph.atomic: Finding-driven facts repair render 1/1: 2 finding(s) (1 mandatory)
2026-08-24 20:46:12,906 INFO    ontocast.agent.render_facts: Render facts for content unit 4
2026-08-24 20:46:12,906 INFO    ontocast.agent.render_facts: Generating facts update
2026-08-24 20:46:12,906 INFO    ontocast.agent.render_facts: Rendering updates for facts
2026-08-24 20:46:36,190 INFO    httpx: HTTP Request: POST http://localhost:8000/v1/chat/completions "HTTP/1.1 200 OK"
2026-08-24 20:46:36,401 INFO    ontocast.agent.render_facts: Facts update has 2 operation(s) with 42 total triple(s).
2026-08-24 20:46:36,408 WARNING ontocast.stategraph.atomic: 1 mandatory deterministic finding(s) remain unresolved
2026-08-24 20:46:36,414 INFO    carry_forward: L10 chunk 4/11: 3169 chars, carried 213 -> 311 triples (+98) in 50.1s
2026-08-24 20:46:36,430 INFO    ontocast.stategraph.atomic: Ontology context for mode fixed_single_ontology: sources=['https://growgraph.dev/echr'] writable=['https://growgraph.dev/echr']
2026-08-24 20:46:36,431 INFO    ontocast.agent.render_facts: Render facts for content unit 5
2026-08-24 20:46:36,431 INFO    ontocast.agent.render_facts: Generating facts update
2026-08-24 20:46:36,431 INFO    ontocast.agent.render_facts: Rendering updates for facts
2026-08-24 20:47:07,218 INFO    httpx: HTTP Request: POST http://localhost:8000/v1/chat/completions "HTTP/1.1 200 OK"
2026-08-24 20:47:07,704 INFO    ontocast.agent.render_facts: Facts update has 1 operation(s) with 69 total triple(s).
2026-08-24 20:47:07,704 INFO    ontocast.stategraph.atomic: Unit facts loop finishing on final render attempt 1/1 (skipping LLM critic; finding-driven repair renders may still run)
2026-08-24 20:47:07,713 INFO    ontocast.stategraph.atomic: Finding-driven facts repair render 1/1: 2 finding(s) (1 mandatory)
2026-08-24 20:47:07,713 INFO    ontocast.agent.render_facts: Render facts for content unit 5
2026-08-24 20:47:07,713 INFO    ontocast.agent.render_facts: Generating facts update
2026-08-24 20:47:07,713 INFO    ontocast.agent.render_facts: Rendering updates for facts
2026-08-24 20:47:23,909 INFO    httpx: HTTP Request: POST http://localhost:8000/v1/chat/completions "HTTP/1.1 200 OK"
2026-08-24 20:47:24,085 INFO    ontocast.agent.render_facts: Facts update has 2 operation(s) with 20 total triple(s).
2026-08-24 20:47:24,095 WARNING ontocast.stategraph.atomic: 1 mandatory deterministic finding(s) remain unresolved
2026-08-24 20:47:24,102 INFO    carry_forward: L10 chunk 5/11: 3288 chars, carried 311 -> 389 triples (+78) in 47.7s
2026-08-24 20:47:24,121 INFO    ontocast.stategraph.atomic: Ontology context for mode fixed_single_ontology: sources=['https://growgraph.dev/echr'] writable=['https://growgraph.dev/echr']
2026-08-24 20:47:24,121 INFO    ontocast.agent.render_facts: Render facts for content unit 6
2026-08-24 20:47:24,121 INFO    ontocast.agent.render_facts: Generating facts update
2026-08-24 20:47:24,121 INFO    ontocast.agent.render_facts: Rendering updates for facts
2026-08-24 20:47:56,370 INFO    httpx: HTTP Request: POST http://localhost:8000/v1/chat/completions "HTTP/1.1 200 OK"
2026-08-24 20:47:56,895 INFO    ontocast.agent.render_facts: Facts update has 1 operation(s) with 68 total triple(s).
2026-08-24 20:47:56,895 INFO    ontocast.stategraph.atomic: Unit facts loop finishing on final render attempt 1/1 (skipping LLM critic; finding-driven repair renders may still run)
2026-08-24 20:47:56,905 INFO    ontocast.stategraph.atomic: Finding-driven facts repair render 1/1: 2 finding(s) (1 mandatory)
2026-08-24 20:47:56,905 INFO    ontocast.agent.render_facts: Render facts for content unit 6
2026-08-24 20:47:56,905 INFO    ontocast.agent.render_facts: Generating facts update
2026-08-24 20:47:56,905 INFO    ontocast.agent.render_facts: Rendering updates for facts
2026-08-24 20:48:27,356 INFO    httpx: HTTP Request: POST http://localhost:8000/v1/chat/completions "HTTP/1.1 200 OK"
2026-08-24 20:48:27,780 INFO    ontocast.agent.render_facts: Facts update has 2 operation(s) with 55 total triple(s).
2026-08-24 20:48:27,791 WARNING ontocast.stategraph.atomic: 1 mandatory deterministic finding(s) remain unresolved
2026-08-24 20:48:27,799 INFO    carry_forward: L10 chunk 6/11: 3222 chars, carried 389 -> 460 triples (+71) in 63.7s
2026-08-24 20:48:27,819 INFO    ontocast.stategraph.atomic: Ontology context for mode fixed_single_ontology: sources=['https://growgraph.dev/echr'] writable=['https://growgraph.dev/echr']
2026-08-24 20:48:27,819 INFO    ontocast.agent.render_facts: Render facts for content unit 7
2026-08-24 20:48:27,820 INFO    ontocast.agent.render_facts: Generating facts update
2026-08-24 20:48:27,820 INFO    ontocast.agent.render_facts: Rendering updates for facts
2026-08-24 20:48:43,660 INFO    httpx: HTTP Request: POST http://localhost:8000/v1/chat/completions "HTTP/1.1 200 OK"
2026-08-24 20:48:43,812 INFO    ontocast.agent.render_facts: Facts update has 1 operation(s) with 24 total triple(s).
2026-08-24 20:48:43,813 INFO    ontocast.stategraph.atomic: Unit facts loop finishing on final render attempt 1/1 (skipping LLM critic; finding-driven repair renders may still run)
2026-08-24 20:48:43,823 INFO    ontocast.stategraph.atomic: Finding-driven facts repair render 1/1: 2 finding(s) (1 mandatory)
2026-08-24 20:48:43,823 INFO    ontocast.agent.render_facts: Render facts for content unit 7
2026-08-24 20:48:43,823 INFO    ontocast.agent.render_facts: Generating facts update
2026-08-24 20:48:43,823 INFO    ontocast.agent.render_facts: Rendering updates for facts
2026-08-24 20:49:00,430 INFO    httpx: HTTP Request: POST http://localhost:8000/v1/chat/completions "HTTP/1.1 200 OK"
2026-08-24 20:49:00,586 INFO    ontocast.agent.render_facts: Facts update has 2 operation(s) with 22 total triple(s).
2026-08-24 20:49:00,597 WARNING ontocast.stategraph.atomic: 1 mandatory deterministic finding(s) remain unresolved
2026-08-24 20:49:00,606 INFO    carry_forward: L10 chunk 7/11: 3803 chars, carried 460 -> 488 triples (+28) in 32.8s
2026-08-24 20:49:00,627 INFO    ontocast.stategraph.atomic: Ontology context for mode fixed_single_ontology: sources=['https://growgraph.dev/echr'] writable=['https://growgraph.dev/echr']
2026-08-24 20:49:00,627 INFO    ontocast.agent.render_facts: Render facts for content unit 8
2026-08-24 20:49:00,627 INFO    ontocast.agent.render_facts: Generating facts update
2026-08-24 20:49:00,627 INFO    ontocast.agent.render_facts: Rendering updates for facts
2026-08-24 20:49:10,126 INFO    httpx: HTTP Request: POST http://localhost:8000/v1/chat/completions "HTTP/1.1 200 OK"
2026-08-24 20:49:10,202 INFO    ontocast.agent.render_facts: Facts update has 1 operation(s) with 8 total triple(s).
2026-08-24 20:49:10,202 INFO    ontocast.stategraph.atomic: Unit facts loop finishing on final render attempt 1/1 (skipping LLM critic; finding-driven repair renders may still run)
2026-08-24 20:49:10,214 INFO    ontocast.stategraph.atomic: Finding-driven facts repair render 1/1: 2 finding(s) (1 mandatory)
2026-08-24 20:49:10,214 INFO    ontocast.agent.render_facts: Render facts for content unit 8
2026-08-24 20:49:10,214 INFO    ontocast.agent.render_facts: Generating facts update
2026-08-24 20:49:10,214 INFO    ontocast.agent.render_facts: Rendering updates for facts
2026-08-24 20:49:20,136 INFO    httpx: HTTP Request: POST http://localhost:8000/v1/chat/completions "HTTP/1.1 200 OK"
2026-08-24 20:49:20,192 INFO    ontocast.agent.render_facts: Facts update has 2 operation(s) with 5 total triple(s).
2026-08-24 20:49:20,203 WARNING ontocast.stategraph.atomic: 1 mandatory deterministic finding(s) remain unresolved
2026-08-24 20:49:20,215 INFO    carry_forward: L10 chunk 8/11: 3123 chars, carried 488 -> 496 triples (+8) in 19.6s
2026-08-24 20:49:20,238 INFO    ontocast.stategraph.atomic: Ontology context for mode fixed_single_ontology: sources=['https://growgraph.dev/echr'] writable=['https://growgraph.dev/echr']
2026-08-24 20:49:20,238 INFO    ontocast.agent.render_facts: Render facts for content unit 9
2026-08-24 20:49:20,238 INFO    ontocast.agent.render_facts: Generating facts update
2026-08-24 20:49:20,238 INFO    ontocast.agent.render_facts: Rendering updates for facts
2026-08-24 20:49:26,687 INFO    httpx: HTTP Request: POST http://localhost:8000/v1/chat/completions "HTTP/1.1 200 OK"
2026-08-24 20:49:26,722 INFO    ontocast.agent.render_facts: Facts update has 1 operation(s) with 5 total triple(s).
2026-08-24 20:49:26,722 INFO    ontocast.stategraph.atomic: Unit facts loop finishing on final render attempt 1/1 (skipping LLM critic; finding-driven repair renders may still run)
2026-08-24 20:49:26,733 INFO    ontocast.stategraph.atomic: Finding-driven facts repair render 1/1: 2 finding(s) (1 mandatory)
2026-08-24 20:49:26,733 INFO    ontocast.agent.render_facts: Render facts for content unit 9
2026-08-24 20:49:26,733 INFO    ontocast.agent.render_facts: Generating facts update
2026-08-24 20:49:26,733 INFO    ontocast.agent.render_facts: Rendering updates for facts
2026-08-24 20:49:34,060 INFO    httpx: HTTP Request: POST http://localhost:8000/v1/chat/completions "HTTP/1.1 200 OK"
2026-08-24 20:49:34,111 INFO    ontocast.agent.render_facts: Facts update has 2 operation(s) with 4 total triple(s).
2026-08-24 20:49:34,122 WARNING ontocast.stategraph.atomic: 1 mandatory deterministic finding(s) remain unresolved
2026-08-24 20:49:34,132 INFO    carry_forward: L10 chunk 9/11: 3707 chars, carried 496 -> 504 triples (+8) in 13.9s
2026-08-24 20:49:34,154 INFO    ontocast.stategraph.atomic: Ontology context for mode fixed_single_ontology: sources=['https://growgraph.dev/echr'] writable=['https://growgraph.dev/echr']
2026-08-24 20:49:34,155 INFO    ontocast.agent.render_facts: Render facts for content unit 10
2026-08-24 20:49:34,155 INFO    ontocast.agent.render_facts: Generating facts update
2026-08-24 20:49:34,155 INFO    ontocast.agent.render_facts: Rendering updates for facts
2026-08-24 20:49:48,330 INFO    httpx: HTTP Request: POST http://localhost:8000/v1/chat/completions "HTTP/1.1 200 OK"
2026-08-24 20:49:48,456 INFO    ontocast.agent.render_facts: Facts update has 1 operation(s) with 21 total triple(s).
2026-08-24 20:49:48,456 INFO    ontocast.stategraph.atomic: Unit facts loop finishing on final render attempt 1/1 (skipping LLM critic; finding-driven repair renders may still run)
2026-08-24 20:49:48,468 INFO    ontocast.stategraph.atomic: Finding-driven facts repair render 1/1: 2 finding(s) (1 mandatory)
2026-08-24 20:49:48,468 INFO    ontocast.agent.render_facts: Render facts for content unit 10
2026-08-24 20:49:48,468 INFO    ontocast.agent.render_facts: Generating facts update
2026-08-24 20:49:48,468 INFO    ontocast.agent.render_facts: Rendering updates for facts
2026-08-24 20:49:57,424 INFO    httpx: HTTP Request: POST http://localhost:8000/v1/chat/completions "HTTP/1.1 200 OK"
2026-08-24 20:49:57,473 INFO    ontocast.agent.render_facts: Facts update has 2 operation(s) with 4 total triple(s).
2026-08-24 20:49:57,485 WARNING ontocast.stategraph.atomic: 1 mandatory deterministic finding(s) remain unresolved
2026-08-24 20:49:57,495 INFO    carry_forward: L10 chunk 10/11: 3929 chars, carried 504 -> 528 triples (+24) in 23.3s
2026-08-24 20:49:57,518 INFO    ontocast.stategraph.atomic: Ontology context for mode fixed_single_ontology: sources=['https://growgraph.dev/echr'] writable=['https://growgraph.dev/echr']
2026-08-24 20:49:57,518 INFO    ontocast.agent.render_facts: Render facts for content unit 11
2026-08-24 20:49:57,518 INFO    ontocast.agent.render_facts: Generating facts update
2026-08-24 20:49:57,518 INFO    ontocast.agent.render_facts: Rendering updates for facts
2026-08-24 20:50:08,825 INFO    httpx: HTTP Request: POST http://localhost:8000/v1/chat/completions "HTTP/1.1 200 OK"
2026-08-24 20:50:08,899 INFO    ontocast.agent.render_facts: Facts update has 1 operation(s) with 15 total triple(s).
2026-08-24 20:50:08,899 INFO    ontocast.stategraph.atomic: Unit facts loop finishing on final render attempt 1/1 (skipping LLM critic; finding-driven repair renders may still run)
2026-08-24 20:50:08,915 INFO    ontocast.stategraph.atomic: Finding-driven facts repair render 1/1: 2 finding(s) (1 mandatory)
2026-08-24 20:50:08,915 INFO    ontocast.agent.render_facts: Render facts for content unit 11
2026-08-24 20:50:08,915 INFO    ontocast.agent.render_facts: Generating facts update
2026-08-24 20:50:08,915 INFO    ontocast.agent.render_facts: Rendering updates for facts
2026-08-24 20:50:21,986 INFO    httpx: HTTP Request: POST http://localhost:8000/v1/chat/completions "HTTP/1.1 200 OK"
2026-08-24 20:50:22,070 INFO    ontocast.agent.render_facts: Facts update has 2 operation(s) with 15 total triple(s).
2026-08-24 20:50:22,082 WARNING ontocast.stategraph.atomic: 1 mandatory deterministic finding(s) remain unresolved
2026-08-24 20:50:22,092 INFO    carry_forward: L10 chunk 11/11: 3434 chars, carried 528 -> 557 triples (+29) in 24.6s
2026-08-24 20:50:22,099 INFO    ontocast.tool.agg.aggregate: Starting aggregation with metadata for 1 units
2026-08-24 20:50:47,271 INFO    ontocast.tool.agg.aggregate: Aggregation entity classification stats: fact=108 known_ontology=2 tentative_ontology=47
2026-08-24 20:50:47,271 INFO    ontocast.tool.agg.clustering: Embedding 122 entity representations in parallel...

Batches:   0%|          | 0/4 [00:00<?, ?it/s]
Batches:  25%|██▌       | 1/4 [00:00<00:02,  1.32it/s]
Batches:  50%|█████     | 2/4 [00:01<00:01,  1.23it/s]
Batches:  75%|███████▌  | 3/4 [00:02<00:00,  1.37it/s]
Batches: 100%|██████████| 4/4 [00:02<00:00,  1.62it/s]
Batches: 100%|██████████| 4/4 [00:02<00:00,  1.49it/s]
2026-08-24 20:50:49,964 INFO    ontocast.tool.agg.clustering: Embedded 122 entities
2026-08-24 20:50:49,965 INFO    ontocast.tool.agg.clustering: Clustering 122 entities...
2026-08-24 20:50:49,974 INFO    ontocast.tool.agg.clustering: Formed 19 clusters: 13 singletons, 6 multi-entity clusters, max cluster size: 94
2026-08-24 20:50:49,974 INFO    ontocast.tool.agg.clustering: Embedding 26 entity representations in parallel...
2026-08-24 20:50:50,544 INFO    ontocast.tool.agg.clustering: Embedded 26 entities
2026-08-24 20:50:50,544 INFO    ontocast.tool.agg.clustering: Clustering 26 entities...
2026-08-24 20:50:50,546 INFO    ontocast.tool.agg.clustering: Formed 11 clusters: 8 singletons, 3 multi-entity clusters, max cluster size: 8
2026-08-24 20:50:50,546 INFO    ontocast.tool.agg.clustering: Embedding 9 entity representations in parallel...
2026-08-24 20:50:50,668 INFO    ontocast.tool.agg.clustering: Embedded 9 entities
2026-08-24 20:50:50,668 INFO    ontocast.tool.agg.clustering: Clustering 9 entities...
2026-08-24 20:50:50,670 INFO    ontocast.tool.agg.clustering: Formed 7 clusters: 6 singletons, 1 multi-entity clusters, max cluster size: 3
2026-08-24 20:50:50,922 INFO    ontocast.tool.agg.aggregate: Rejected 563 candidate merges after symbolic validation
2026-08-24 20:50:50,922 INFO    ontocast.tool.agg.clustering: Created mapping for 157 entities to 142 representatives
2026-08-24 20:50:50,924 INFO    ontocast.tool.agg.uri_builder: Built URI mapping: 157 entities, 108 normalised
2026-08-24 20:50:50,951 INFO    ontocast.tool.agg.rewriter: Merged 1 unit graphs with provenance: 557 -> 1544 triples (95 entities merged)
2026-08-24 20:50:50,952 INFO    ontocast.tool.agg.aggregate: Aggregation with metadata complete
2026-08-24 20:50:51,009 INFO    carry_forward: L10 done: 11 chunk(s) -> 1547 triples in 405.3s -> input.L10.facts.ttl

==============================================================================
CARRY-FORWARD SUMMARY
==============================================================================
rec   chunks    chars  triples     sec  output
L1         6   23,991      917   163.1  input.L1.facts.ttl
L2         9   34,543      494    99.0  input.L2.facts.ttl
L3         8   28,852     1076   202.0  input.L3.facts.ttl
L4         7   25,231      971   161.1  input.L4.facts.ttl
L5         7   26,536      719   123.9  input.L5.facts.ttl
L6         5   17,294      620   126.0  input.L6.facts.ttl
L7         6   19,719      515    86.1  input.L7.facts.ttl
L8         6   19,507      869   148.2  input.L8.facts.ttl
L9         5   17,636      719   118.0  input.L9.facts.ttl
L10       11   38,265     1547   405.3  input.L10.facts.ttl

  L1 per-chunk:
    chunk 1:   3,689 chars  carried_in=   0  out=  30  (+ 30)    16.6s  success
    chunk 2:   3,126 chars  carried_in=  30  out= 100  (+ 70)    33.4s  success
    chunk 3:   4,491 chars  carried_in= 100  out= 142  (+ 42)    20.4s  success
    chunk 4:   3,821 chars  carried_in= 142  out= 173  (+ 31)    16.3s  success
    chunk 5:   3,050 chars  carried_in= 173  out= 216  (+ 43)    20.3s  success
    chunk 6:   5,814 chars  carried_in= 216  out= 312  (+ 96)    40.1s  success

  L2 per-chunk:
    chunk 1:   3,397 chars  carried_in=   0  out=  19  (+ 19)    11.6s  success
    chunk 2:   3,230 chars  carried_in=  19  out=  39  (+ 20)    11.2s  success
    chunk 3:   3,244 chars  carried_in=  39  out=  90  (+ 51)    20.9s  success
    chunk 4:   5,857 chars  carried_in=  90  out= 106  (+ 16)     8.6s  success
    chunk 5:   4,748 chars  carried_in= 106  out= 131  (+ 25)    15.3s  success
    chunk 6:   3,390 chars  carried_in= 131  out= 136  (+  5)     6.3s  success
    chunk 7:   3,977 chars  carried_in= 136  out= 145  (+  9)     6.9s  success
    chunk 8:   5,728 chars  carried_in= 145  out= 161  (+ 16)     9.5s  success
    chunk 9:     972 chars  carried_in= 161  out= 162  (+  1)     4.2s  success

  L3 per-chunk:
    chunk 1:   3,022 chars  carried_in=   0  out=  33  (+ 33)    14.8s  success
    chunk 2:   3,848 chars  carried_in=  33  out=  80  (+ 47)    22.4s  success
    chunk 3:   3,259 chars  carried_in=  80  out= 144  (+ 64)    32.6s  success
    chunk 4:   3,496 chars  carried_in= 144  out= 209  (+ 65)    34.0s  success
    chunk 5:   3,012 chars  carried_in= 209  out= 251  (+ 42)    19.8s  success
    chunk 6:   3,539 chars  carried_in= 251  out= 279  (+ 28)    17.6s  success
    chunk 7:   3,295 chars  carried_in= 279  out= 340  (+ 61)    28.3s  success
    chunk 8:   5,381 chars  carried_in= 340  out= 377  (+ 37)    18.9s  success

  L4 per-chunk:
    chunk 1:   4,662 chars  carried_in=   0  out=  33  (+ 33)    15.7s  success
    chunk 2:   3,735 chars  carried_in=  33  out=  62  (+ 29)    14.6s  success
    chunk 3:   3,094 chars  carried_in=  62  out=  89  (+ 27)    13.3s  success
    chunk 4:   3,487 chars  carried_in=  89  out= 150  (+ 61)    25.6s  success
    chunk 5:   3,176 chars  carried_in= 150  out= 173  (+ 23)    12.0s  success
    chunk 6:   3,242 chars  carried_in= 173  out= 241  (+ 68)    30.4s  success
    chunk 7:   3,835 chars  carried_in= 241  out= 327  (+ 86)    40.1s  success

  L5 per-chunk:
    chunk 1:   3,422 chars  carried_in=   0  out=  55  (+ 55)    23.3s  success
    chunk 2:   3,248 chars  carried_in=  55  out= 101  (+ 46)    21.0s  success
    chunk 3:   4,572 chars  carried_in= 101  out= 193  (+ 92)    37.1s  success
    chunk 4:   3,849 chars  carried_in= 193  out= 213  (+ 20)     9.8s  success
    chunk 5:   3,197 chars  carried_in= 213  out= 223  (+ 10)     8.6s  success
    chunk 6:   3,210 chars  carried_in= 223  out= 233  (+ 10)     6.7s  success
    chunk 7:   5,038 chars  carried_in= 233  out= 246  (+ 13)    10.3s  success

  L6 per-chunk:
    chunk 1:   3,033 chars  carried_in=   0  out=  25  (+ 25)    11.9s  success
    chunk 2:   3,608 chars  carried_in=  25  out=  52  (+ 27)    12.4s  success
    chunk 3:   3,040 chars  carried_in=  52  out= 113  (+ 61)    26.1s  success
    chunk 4:   3,237 chars  carried_in= 113  out= 189  (+ 76)    30.9s  success
    chunk 5:   4,376 chars  carried_in= 189  out= 279  (+ 90)    36.3s  success

  L7 per-chunk:
    chunk 1:   4,096 chars  carried_in=   0  out=  35  (+ 35)    15.6s  success
    chunk 2:   3,159 chars  carried_in=  35  out=  68  (+ 33)    15.6s  success
    chunk 3:   3,183 chars  carried_in=  68  out= 100  (+ 32)    14.4s  success
    chunk 4:   3,056 chars  carried_in= 100  out= 136  (+ 36)    16.6s  success
    chunk 5:   4,064 chars  carried_in= 136  out= 153  (+ 17)     9.2s  success
    chunk 6:   2,161 chars  carried_in= 153  out= 172  (+ 19)    10.4s  success

  L8 per-chunk:
    chunk 1:   3,155 chars  carried_in=   0  out=  82  (+ 82)    28.2s  success
    chunk 2:   3,003 chars  carried_in=  82  out= 127  (+ 45)    21.0s  success
    chunk 3:   3,031 chars  carried_in= 127  out= 173  (+ 46)    19.5s  success
    chunk 4:   3,006 chars  carried_in= 173  out= 206  (+ 33)    19.6s  success
    chunk 5:   3,134 chars  carried_in= 206  out= 241  (+ 35)    19.8s  success
    chunk 6:   4,178 chars  carried_in= 241  out= 301  (+ 60)    30.3s  success

  L9 per-chunk:
    chunk 1:   3,907 chars  carried_in=   0  out=  60  (+ 60)    24.4s  success
    chunk 2:   3,148 chars  carried_in=  60  out= 108  (+ 48)    22.2s  success
    chunk 3:   3,240 chars  carried_in= 108  out= 140  (+ 32)    16.1s  success
    chunk 4:   5,134 chars  carried_in= 140  out= 192  (+ 52)    23.3s  success
    chunk 5:   2,207 chars  carried_in= 192  out= 246  (+ 54)    25.1s  success

  L10 per-chunk:
    chunk 1:   3,012 chars  carried_in=   0  out=  40  (+ 40)    15.7s  success
    chunk 2:   3,687 chars  carried_in=  40  out=  98  (+ 58)    29.3s  success
    chunk 3:   3,891 chars  carried_in=  98  out= 213  (+115)    55.5s  success
    chunk 4:   3,169 chars  carried_in= 213  out= 311  (+ 98)    50.1s  success
    chunk 5:   3,288 chars  carried_in= 311  out= 389  (+ 78)    47.7s  success
    chunk 6:   3,222 chars  carried_in= 389  out= 460  (+ 71)    63.7s  success
    chunk 7:   3,803 chars  carried_in= 460  out= 488  (+ 28)    32.8s  success
    chunk 8:   3,123 chars  carried_in= 488  out= 496  (+  8)    19.6s  success
    chunk 9:   3,707 chars  carried_in= 496  out= 504  (+  8)    13.9s  success
    chunk 10:   3,929 chars  carried_in= 504  out= 528  (+ 24)    23.3s  success
    chunk 11:   3,434 chars  carried_in= 528  out= 557  (+ 29)    24.6s  success

total wall time: 1,638.5  (2026-08-24T18:23:32+00:00 -> 2026-08-24T18:50:51+00:00)

report written to /home/dahrb/Projects/article_6/domestic_proceedings/results/jurix_phase1/o2_cf_low_jsonld/extract_report.json

10 record(s) processed, 0 failure(s)

phase 1 done: 10 facts file(s) in 1641.2s

--- phase 2: staged repair -> results/jurix_phase1/o2_cf_low_jsonld/repaired ---
repairing 10 file(s) under results/jurix_phase1/o2_cf_low_jsonld/repaired
  model: gemma-4-31b @ http://localhost:8000/v1 (temperature 0.4, timeout 300.0s)
  source text: results/jurix_phase1/input.jsonl (quote stage enabled)
  [domestic authorities] results/jurix_phase1/o2_cf_low_jsonld/repaired/input.L1.facts.ttl: 1 finding(s) in; model proposed 1 group(s), 1 op(s), 0 merge(s)
    [domestic authorities] pass 1: applied 0 (of which 0 merge(s)), skipped 1, stub orphans swept 0 [6.7s, 6.5s in the model]
    SKIPPED [a node with more than one rdfs:label is asserting that two distinct entities are the same one -- split it instead of labelling it twice] remove doc:mayorRila rdfs:label mayor of Rila (Party): skipped: triple not present
    [domestic authorities] pass 1: no operations applied - stopping
  [domestic proceedings] results/jurix_phase1/o2_cf_low_jsonld/repaired/input.L1.facts.ttl: 0 finding(s) in; model proposed 5 group(s), 7 op(s), 0 merge(s)
    [domestic proceedings] pass 1: applied 7 (of which 0 merge(s)), skipped 0, stub orphans swept 0 [11.7s, 11.6s in the model]
    [domestic proceedings] pass 1: 7 op(s) applied but findings did not fall (0 -> 0) - stopping
    RECOVERED 1 group(s), 1 op(s) from a stalled generation
  [persons and participation] results/jurix_phase1/o2_cf_low_jsonld/repaired/input.L1.facts.ttl: 4 finding(s) in; model proposed 1 group(s), 1 op(s), 0 merge(s)
    [persons and participation] pass 1: applied 0 (of which 0 merge(s)), skipped 1, stub orphans swept 0 [7.1s, 7.1s in the model]
    SKIPPED [a node with more than one rdfs:label is asserting that two distinct entities are the same one -- split it instead of labelling it twice] remove doc:directorPastraHome rdfs:label Director of the Pastra social care home (Party): skipped: triple not present
    [persons and participation] pass 1: no operations applied - stopping
  [source quote fidelity] results/jurix_phase1/o2_cf_low_jsonld/repaired/input.L1.facts.ttl: nothing flagged
    document total: 25.7s across 3 model call(s) (25.2s in the model)
    wrote results/jurix_phase1/o2_cf_low_jsonld/repaired/input.L1.facts.ttl (backup at results/jurix_phase1/o2_cf_low_jsonld/repaired/backup/input.L1.facts.ttl)
  [domestic authorities] results/jurix_phase1/o2_cf_low_jsonld/repaired/input.L10.facts.ttl: nothing flagged
    RECOVERED 7 group(s), 1 op(s) from a stalled generation
  [domestic proceedings] results/jurix_phase1/o2_cf_low_jsonld/repaired/input.L10.facts.ttl: 2 finding(s) in; model proposed 7 group(s), 1 op(s), 0 merge(s)
    [domestic proceedings] pass 1: applied 1 (of which 0 merge(s)), skipped 0, stub orphans swept 0 [18.4s, 18.3s in the model]
    [domestic proceedings] pass 1: 1 op(s) applied but findings did not fall (2 -> 2) - stopping
  [persons and participation] results/jurix_phase1/o2_cf_low_jsonld/repaired/input.L10.facts.ttl: 9 finding(s) in; model proposed 4 group(s), 18 op(s), 0 merge(s)
    [persons and participation] pass 1: applied 18 (of which 0 merge(s)), skipped 0, stub orphans swept 0 [24.7s, 24.7s in the model]
    [persons and participation] pass 2: 8 finding(s) in; model proposed 14 group(s), 48 op(s), 0 merge(s)
    [persons and participation] pass 2: applied 48 (of which 0 merge(s)), skipped 0, stub orphans swept 0 [147.0s, 147.0s in the model]
    [persons and participation] pass 3: 1 finding(s) in; model proposed 11 group(s), 25 op(s), 0 merge(s)
    [persons and participation] pass 3: applied 25 (of which 0 merge(s)), skipped 0, stub orphans swept 0 [35.2s, 35.2s in the model]
    RECOVERED 1 group(s), 2 op(s) from a stalled generation
  [source quote fidelity] results/jurix_phase1/o2_cf_low_jsonld/repaired/input.L10.facts.ttl: 1 finding(s) in; model proposed 1 group(s), 2 op(s), 0 merge(s)
    [source quote fidelity] pass 1: applied 2 (of which 0 merge(s)), skipped 2, stub orphans swept 1 [12.0s, 11.9s in the model]
    SKIPPED [The quote for doc:dublin_regulation_article_1 is a paraphrase/summary rather than a verbatim span.] remove doc:dublin_regulation_article_1 echr:hasSupportingQuote Article 1 of Regulation (EU) No 604/2013... (the “Dublin Regulation”): applied (removed 1 quote(s) by index)
    SKIPPED [The quote for doc:dublin_regulation_article_1 is a paraphrase/summary rather than a verbatim span.] add doc:dublin_regulation_article_1 echr:hasSupportingQuote Article 1 of Regulation (EU) No 604/2013 of the European Parliament and of the Council of 26 June 2013 establishing the criteria and mechanisms for determining the Member State responsible for examining an application for international protection lodged in one of the Member States by a third-country national or a stateless person (the “Dublin Regulation”), provides as follows:: skipped: quote does not appear verbatim in the source document
    [source quote fidelity] pass 2: nothing left to flag - stopping
    document total: 237.8s across 5 model call(s) (237.1s in the model)
    wrote results/jurix_phase1/o2_cf_low_jsonld/repaired/input.L10.facts.ttl (backup at results/jurix_phase1/o2_cf_low_jsonld/repaired/backup/input.L10.facts.ttl)
  [domestic authorities] results/jurix_phase1/o2_cf_low_jsonld/repaired/input.L2.facts.ttl: 1 finding(s) in; model proposed 1 group(s), 1 op(s), 0 merge(s)
    [domestic authorities] pass 1: applied 1 (of which 0 merge(s)), skipped 0, stub orphans swept 0 [6.2s, 6.2s in the model]
    [domestic authorities] pass 2: nothing left to flag - stopping
  [domestic proceedings] results/jurix_phase1/o2_cf_low_jsonld/repaired/input.L2.facts.ttl: 0 finding(s) in; model proposed 1 group(s), 4 op(s), 0 merge(s)
    [domestic proceedings] pass 1: applied 4 (of which 0 merge(s)), skipped 0, stub orphans swept 0 [4.1s, 4.0s in the model]
    [domestic proceedings] pass 1: 4 op(s) applied but findings did not fall (0 -> 0) - stopping
  [persons and participation] results/jurix_phase1/o2_cf_low_jsonld/repaired/input.L2.facts.ttl: 0 finding(s) in; model proposed 1 group(s), 8 op(s), 0 merge(s)
    [persons and participation] pass 1: applied 8 (of which 0 merge(s)), skipped 0, stub orphans swept 0 [10.1s, 10.0s in the model]
    [persons and participation] pass 1: 8 op(s) applied but findings did not fall (0 -> 0) - stopping
  [source quote fidelity] results/jurix_phase1/o2_cf_low_jsonld/repaired/input.L2.facts.ttl: 2 finding(s) in; model proposed 1 group(s), 2 op(s), 0 merge(s)
    [source quote fidelity] pass 1: applied 2 (of which 0 merge(s)), skipped 1, stub orphans swept 0 [3.2s, 3.1s in the model]
    SKIPPED [The quote 'the application (no. 28934/95)' is a fragment and does not appear verbatim in the source text. The full span is 'an application (no. 28934/95)'.] remove doc:case_28934_95 echr:hasSupportingQuote the application (no. 28934/95): applied (removed 1 quote(s) by index)
    [source quote fidelity] pass 2: 1 finding(s) in; model proposed 1 group(s), 2 op(s), 0 merge(s)
    [source quote fidelity] pass 2: applied 2 (of which 0 merge(s)), skipped 1, stub orphans swept 0 [3.1s, 3.1s in the model]
    SKIPPED [The quote is a paraphrase of paragraph 46. The verbatim text in the source is 'In the instant case the Darmstadt Labour Court concluded that the conditions under section 20(2) of the German Courts Act for finding that the applicants’ action was inadmissible were fulfilled.'] remove doc:proceedingStatusEsa echr:hasSupportingQuote The Darmstadt Labour Court concluded that the conditions under section 20(2) of the German Courts Act for finding that the applicants’ action was inadmissible were fulfilled.: applied (removed 1 quote(s) by index)
    [source quote fidelity] pass 3: nothing left to flag - stopping
    document total: 26.9s across 5 model call(s) (26.4s in the model)
    wrote results/jurix_phase1/o2_cf_low_jsonld/repaired/input.L2.facts.ttl (backup at results/jurix_phase1/o2_cf_low_jsonld/repaired/backup/input.L2.facts.ttl)
  [domestic authorities] results/jurix_phase1/o2_cf_low_jsonld/repaired/input.L3.facts.ttl: 2 finding(s) in; model proposed 2 group(s), 17 op(s), 0 merge(s)
    [domestic authorities] pass 1: applied 12 (of which 0 merge(s)), skipped 5, stub orphans swept 0 [20.2s, 20.1s in the model]
    SKIPPED [doc:administrativeCourt has multiple labels and names, indicating it has been used as a sink for multiple distinct courts (Supreme Administrative Court, Istanbul Administrative Court, and a generic administrative court). These must be split into separate entities.] remove doc:administrativeCourt rdfs:label "Supreme Administrative Court": skipped: triple not present
    SKIPPED [doc:administrativeCourt has multiple labels and names, indicating it has been used as a sink for multiple distinct courts (Supreme Administrative Court, Istanbul Administrative Court, and a generic administrative court). These must be split into separate entities.] remove doc:administrativeCourt rdfs:label "İstanbul Administrative Court": skipped: triple not present
    SKIPPED [doc:administrativeCourt has multiple labels and names, indicating it has been used as a sink for multiple distinct courts (Supreme Administrative Court, Istanbul Administrative Court, and a generic administrative court). These must be split into separate entities.] remove doc:administrativeCourt echr:hasAuthorityName "Supreme Administrative Court": skipped: triple not present
    SKIPPED [doc:administrativeCourt has multiple labels and names, indicating it has been used as a sink for multiple distinct courts (Supreme Administrative Court, Istanbul Administrative Court, and a generic administrative court). These must be split into separate entities.] remove doc:administrativeCourt echr:hasAuthorityName "İstanbul Administrative Court": skipped: triple not present
    SKIPPED [doc:tskb is typed as an administrative authority, but the supporting quote identifies it as a bank (Türkiye Sınaî Kalkınma Bankası A.Ş.). A commercial bank is not a 'Domestic Authority' (which the ontology defines as a national court, tribunal, prosecutor, or administrative body that decided a proceeding).] remove doc:tskb echr:hasAuthorityName "Türkiye Sınaî Kalkınma Bankası A.Ş.": skipped: triple not present
    [domestic authorities] pass 1: 12 op(s) applied but findings did not fall (2 -> 2) - stopping
  [domestic proceedings] results/jurix_phase1/o2_cf_low_jsonld/repaired/input.L3.facts.ttl: 13 finding(s) in; model proposed 0 group(s), 0 op(s), 0 merge(s)
    [domestic proceedings] pass 1: applied 0 (of which 0 merge(s)), skipped 0, stub orphans swept 0 [0.9s, 0.8s in the model]
    [domestic proceedings] pass 1: no operations applied - stopping
  [persons and participation] results/jurix_phase1/o2_cf_low_jsonld/repaired/input.L3.facts.ttl: 2 finding(s) in; model proposed 0 group(s), 0 op(s), 0 merge(s)
    [persons and participation] pass 1: applied 0 (of which 0 merge(s)), skipped 0, stub orphans swept 0 [0.8s, 0.8s in the model]
    [persons and participation] pass 1: no operations applied - stopping
  [source quote fidelity] results/jurix_phase1/o2_cf_low_jsonld/repaired/input.L3.facts.ttl: nothing flagged
    document total: 22.0s across 3 model call(s) (21.7s in the model)
    wrote results/jurix_phase1/o2_cf_low_jsonld/repaired/input.L3.facts.ttl (backup at results/jurix_phase1/o2_cf_low_jsonld/repaired/backup/input.L3.facts.ttl)
  [domestic authorities] results/jurix_phase1/o2_cf_low_jsonld/repaired/input.L4.facts.ttl: nothing flagged
  [domestic proceedings] results/jurix_phase1/o2_cf_low_jsonld/repaired/input.L4.facts.ttl: nothing flagged
  [persons and participation] results/jurix_phase1/o2_cf_low_jsonld/repaired/input.L4.facts.ttl: 1 finding(s) in; model proposed 4 group(s), 27 op(s), 0 merge(s)
    [persons and participation] pass 1: applied 27 (of which 0 merge(s)), skipped 0, stub orphans swept 0 [38.3s, 38.2s in the model]
    [persons and participation] pass 2: 0 finding(s) in; model proposed 8 group(s), 8 op(s), 0 merge(s)
    [persons and participation] pass 2: applied 8 (of which 0 merge(s)), skipped 0, stub orphans swept 0 [16.1s, 16.1s in the model]
    [persons and participation] pass 2: 8 op(s) applied but findings did not fall (0 -> 0) - stopping
  [source quote fidelity] results/jurix_phase1/o2_cf_low_jsonld/repaired/input.L4.facts.ttl: nothing flagged
    document total: 54.7s across 2 model call(s) (54.3s in the model)
    wrote results/jurix_phase1/o2_cf_low_jsonld/repaired/input.L4.facts.ttl (backup at results/jurix_phase1/o2_cf_low_jsonld/repaired/backup/input.L4.facts.ttl)
  [domestic authorities] results/jurix_phase1/o2_cf_low_jsonld/repaired/input.L5.facts.ttl: nothing flagged
    RECOVERED 1 group(s), 1 op(s) from a stalled generation
  [domestic proceedings] results/jurix_phase1/o2_cf_low_jsonld/repaired/input.L5.facts.ttl: 1 finding(s) in; model proposed 1 group(s), 1 op(s), 0 merge(s)
    [domestic proceedings] pass 1: applied 0 (of which 0 merge(s)), skipped 1, stub orphans swept 0 [8.2s, 8.2s in the model]
    SKIPPED [a domestic event may have at most one decision date] remove doc:proceeding_kyiv_dist_admin_court_1 echr:hasDecisionDate 2021-12-09: skipped: triple not present
    [domestic proceedings] pass 1: no operations applied - stopping
  [persons and participation] results/jurix_phase1/o2_cf_low_jsonld/repaired/input.L5.facts.ttl: 2 finding(s) in; model proposed 4 group(s), 19 op(s), 0 merge(s)
    [persons and participation] pass 1: applied 19 (of which 0 merge(s)), skipped 0, stub orphans swept 0 [25.9s, 25.9s in the model]
    [persons and participation] pass 2: 1 finding(s) in; model proposed 0 group(s), 0 op(s), 0 merge(s)
    [persons and participation] pass 2: applied 0 (of which 0 merge(s)), skipped 0, stub orphans swept 0 [5.0s, 5.0s in the model]
    [persons and participation] pass 2: no operations applied - stopping
  [source quote fidelity] results/jurix_phase1/o2_cf_low_jsonld/repaired/input.L5.facts.ttl: 1 finding(s) in; model proposed 2 group(s), 0 op(s), 0 merge(s)
    [source quote fidelity] pass 1: applied 0 (of which 0 merge(s)), skipped 0, stub orphans swept 0 [2.2s, 2.2s in the model]
    [source quote fidelity] pass 1: no operations applied - stopping
    document total: 41.5s across 4 model call(s) (41.3s in the model)
    wrote results/jurix_phase1/o2_cf_low_jsonld/repaired/input.L5.facts.ttl (backup at results/jurix_phase1/o2_cf_low_jsonld/repaired/backup/input.L5.facts.ttl)
  [domestic authorities] results/jurix_phase1/o2_cf_low_jsonld/repaired/input.L6.facts.ttl: nothing flagged
  [domestic proceedings] results/jurix_phase1/o2_cf_low_jsonld/repaired/input.L6.facts.ttl: nothing flagged
  [persons and participation] results/jurix_phase1/o2_cf_low_jsonld/repaired/input.L6.facts.ttl: 3 finding(s) in; model proposed 0 group(s), 0 op(s), 0 merge(s)
    [persons and participation] pass 1: applied 0 (of which 0 merge(s)), skipped 0, stub orphans swept 0 [0.6s, 0.6s in the model]
    [persons and participation] pass 1: no operations applied - stopping
  [source quote fidelity] results/jurix_phase1/o2_cf_low_jsonld/repaired/input.L6.facts.ttl: nothing flagged
    document total: 0.7s across 1 model call(s) (0.6s in the model)
    no net change across all stages; leaving the file untouched
  [domestic authorities] results/jurix_phase1/o2_cf_low_jsonld/repaired/input.L7.facts.ttl: nothing flagged
  [domestic proceedings] results/jurix_phase1/o2_cf_low_jsonld/repaired/input.L7.facts.ttl: nothing flagged
    RECOVERED 1 group(s), 1 op(s) from a stalled generation
  [persons and participation] results/jurix_phase1/o2_cf_low_jsonld/repaired/input.L7.facts.ttl: 1 finding(s) in; model proposed 1 group(s), 1 op(s), 0 merge(s)
    [persons and participation] pass 1: applied 1 (of which 0 merge(s)), skipped 0, stub orphans swept 0 [7.6s, 7.6s in the model]
    [persons and participation] pass 2: 0 finding(s) in; model proposed 10 group(s), 0 op(s), 0 merge(s)
    [persons and participation] pass 2: applied 0 (of which 0 merge(s)), skipped 0, stub orphans swept 0 [12.1s, 12.1s in the model]
    [persons and participation] pass 2: no operations applied - stopping
    RECOVERED 1 group(s), 2 op(s) from a stalled generation
  [source quote fidelity] results/jurix_phase1/o2_cf_low_jsonld/repaired/input.L7.facts.ttl: 1 finding(s) in; model proposed 1 group(s), 2 op(s), 0 merge(s)
    [source quote fidelity] pass 1: applied 2 (of which 0 merge(s)), skipped 1, stub orphans swept 0 [11.3s, 11.3s in the model]
    SKIPPED [The quote 'on 25 March 1999... the judge after consulting counsel decided to withdraw the applicant’s bail' contains an ellipsis and is not a verbatim span from the source text.] remove doc:bail_withdrawal_1999 echr:hasSupportingQuote on 25 March 1999... the judge after consulting counsel decided to withdraw the applicant’s bail: applied (removed 1 quote(s) by index)
    [source quote fidelity] pass 2: nothing left to flag - stopping
    document total: 31.2s across 3 model call(s) (31.0s in the model)
    wrote results/jurix_phase1/o2_cf_low_jsonld/repaired/input.L7.facts.ttl (backup at results/jurix_phase1/o2_cf_low_jsonld/repaired/backup/input.L7.facts.ttl)
  [domestic authorities] results/jurix_phase1/o2_cf_low_jsonld/repaired/input.L8.facts.ttl: 1 finding(s) in; model proposed 1 group(s), 1 op(s), 0 merge(s)
    [domestic authorities] pass 1: applied 0 (of which 0 merge(s)), skipped 1, stub orphans swept 0 [2.7s, 2.7s in the model]
    SKIPPED [The node doc:prosecutorNizhniyNovgorod has two labels: "Nizhniy Novgorod regional administration" and "Nizhniy Novgorod regional prosecutor’s office". The supporting quote mentions the administration, but the authority name and kind are prosecutorial. These are distinct bodies. I will remove the administration label to resolve the cardinality violation, as the node's primary identity is the prosecutor's office.] remove doc:prosecutorNizhniyNovgorod rdfs:label "Nizhniy Novgorod regional administration": skipped: triple not present
    [domestic authorities] pass 1: no operations applied - stopping
    RECOVERED 1 group(s), 1 op(s) from a stalled generation
  [domestic proceedings] results/jurix_phase1/o2_cf_low_jsonld/repaired/input.L8.facts.ttl: 0 finding(s) in; model proposed 1 group(s), 1 op(s), 0 merge(s)
    [domestic proceedings] pass 1: applied 1 (of which 0 merge(s)), skipped 0, stub orphans swept 0 [7.4s, 7.4s in the model]
    [domestic proceedings] pass 1: 1 op(s) applied but findings did not fall (0 -> 0) - stopping
  [persons and participation] results/jurix_phase1/o2_cf_low_jsonld/repaired/input.L8.facts.ttl: 9 finding(s) in; model proposed 5 group(s), 49 op(s), 0 merge(s)
    [persons and participation] pass 1: applied 47 (of which 0 merge(s)), skipped 2, stub orphans swept 0 [59.7s, 59.7s in the model]
    SKIPPED [doc:mrK has multiple labels] remove doc:mrK rdfs:label "shipyard “Oka”": skipped: triple not present
    SKIPPED [doc:mrK has multiple labels] remove doc:mrK echr:hasSupportingQuote "the shipyard “Oka”": skipped: triple not present
    RECOVERED 2 group(s), 1 op(s) from a stalled generation
    [persons and participation] pass 2: 6 finding(s) in; model proposed 2 group(s), 1 op(s), 0 merge(s)
    [persons and participation] pass 2: applied 0 (of which 0 merge(s)), skipped 1, stub orphans swept 0 [9.1s, 9.1s in the model]
    SKIPPED [doc:mrK has multiple rdfs:labels] remove doc:mrK rdfs:label "shipyard “Oka”": skipped: triple not present
    [persons and participation] pass 2: no operations applied - stopping
  [source quote fidelity] results/jurix_phase1/o2_cf_low_jsonld/repaired/input.L8.facts.ttl: nothing flagged
    document total: 79.2s across 4 model call(s) (78.9s in the model)
    wrote results/jurix_phase1/o2_cf_low_jsonld/repaired/input.L8.facts.ttl (backup at results/jurix_phase1/o2_cf_low_jsonld/repaired/backup/input.L8.facts.ttl)
  [domestic authorities] results/jurix_phase1/o2_cf_low_jsonld/repaired/input.L9.facts.ttl: nothing flagged
  [domestic proceedings] results/jurix_phase1/o2_cf_low_jsonld/repaired/input.L9.facts.ttl: 0 finding(s) in; model proposed 1 group(s), 1 op(s), 0 merge(s)
    [domestic proceedings] pass 1: applied 1 (of which 0 merge(s)), skipped 0, stub orphans swept 0 [3.1s, 3.1s in the model]
    [domestic proceedings] pass 1: 1 op(s) applied but findings did not fall (0 -> 0) - stopping
  [persons and participation] results/jurix_phase1/o2_cf_low_jsonld/repaired/input.L9.facts.ttl: 2 finding(s) in; model proposed 4 group(s), 10 op(s), 0 merge(s)
    [persons and participation] pass 1: applied 10 (of which 0 merge(s)), skipped 0, stub orphans swept 0 [16.1s, 16.1s in the model]
    [persons and participation] pass 2: 0 finding(s) in; model proposed 0 group(s), 0 op(s), 0 merge(s)
    [persons and participation] pass 2: applied 0 (of which 0 merge(s)), skipped 0, stub orphans swept 0 [0.5s, 0.5s in the model]
    [persons and participation] pass 2: no operations applied - stopping
  [source quote fidelity] results/jurix_phase1/o2_cf_low_jsonld/repaired/input.L9.facts.ttl: nothing flagged
    document total: 20.0s across 3 model call(s) (19.7s in the model)
    wrote results/jurix_phase1/o2_cf_low_jsonld/repaired/input.L9.facts.ttl (backup at results/jurix_phase1/o2_cf_low_jsonld/repaired/backup/input.L9.facts.ttl)

  repair total: 539.8s over 10 document(s), 33 model call(s) (536.2s in the model, 3.6s deterministic)
    authorities      4 call(s)     35.8s  (35.5s in the model)
    proceedings      7 call(s)     53.8s  (53.4s in the model)
    persons         17 call(s)    415.9s  (415.7s in the model)
    quotes           5 call(s)     31.8s  (31.6s in the model)

phase 2 done in 541.5s

--- phase 3: SHACL gate -> results/jurix_phase1/o2_cf_low_jsonld/repaired ---

repaired  (results/jurix_phase1/o2_cf_low_jsonld/repaired)
  file                          conforms  violations  warnings
  input.L1.facts.ttl               False           4         0
  input.L10.facts.ttl              False           2         0
  input.L2.facts.ttl                True           0         0
  input.L3.facts.ttl               False          17         0
  input.L4.facts.ttl                True           0         0
  input.L5.facts.ttl               False           2         0
  input.L6.facts.ttl               False           3         0
  input.L7.facts.ttl                True           0         0
  input.L8.facts.ttl               False           6         0
  input.L9.facts.ttl                True           0         0
  TOTAL                             4/10          34         0

phase 3 done in 152.5s

timings -> results/jurix_phase1/o2_cf_low_jsonld/timings.json

============================================================
arm sweep complete: /home/dahrb/Projects/article_6/domestic_proceedings/results/jurix_phase1
============================================================
arm                    raw   rep   extract_s repair_s  flags
o2_large_ttl           10    10    370.3     205.0
o2_large_jsonld        10    10    472.6     418.9
o2_med_ttl             10    10    329.3     502.1
o2_med_jsonld          10    10    520.5     321.9
o2_low_ttl             10    10    441.0     1271.0
o2_low_jsonld          10    10    668.7     900.9
o2_cf_med_ttl          10    10    571.4     274.7
o2_cf_med_jsonld       10    10    813.1     279.4
o2_cf_low_ttl          10    10    1154.8    1212.4
o2_cf_low_jsonld       10    10    1641.2    541.5
